FORCE,YEAR,QUARTER,DISTRICT,CRIME_TYPE,IncidentCount,TotalPopulation,UniqueLSOAsSpanned,AvgDeprivationPercentile,AvgIncomeDecile,CrimeRatePer1k
Metropolitan,2024,1,Arun,Other Theft,1,9074625,1,44.69,8.0,0.0001
Metropolitan,2024,1,Arun,Violence And Sexual Offences,2,9074625,2,53.55,6.0,0.0002
Metropolitan,2024,1,Barking and Dagenham,Bicycle Theft,15,9074625,12,24.74,2.2,0.0017
Metropolitan,2024,1,Barking and Dagenham,Burglary,244,9074625,89,26.08,2.36,0.0269
Metropolitan,2024,1,Barking and Dagenham,Criminal Damage And Arson,378,9074625,101,23.8,2.17,0.0417
Metropolitan,2024,1,Barking and Dagenham,Drugs,251,9074625,87,22.06,2.04,0.0277
Metropolitan,2024,1,Barking and Dagenham,Other Crime,61,9074625,44,23.33,2.2,0.0067
Metropolitan,2024,1,Barking and Dagenham,Other Theft,459,9074625,106,23.25,2.2,0.0506
Metropolitan,2024,1,Barking and Dagenham,Possession Of Weapons,25,9074625,25,23.54,2.36,0.0028
Metropolitan,2024,1,Barking and Dagenham,Public Order,269,9074625,83,21.96,2.04,0.0296
Metropolitan,2024,1,Barking and Dagenham,Robbery,231,9074625,83,23.71,2.24,0.0255
Metropolitan,2024,1,Barking and Dagenham,Shoplifting,302,9074625,36,24.95,2.25,0.0333
Metropolitan,2024,1,Barking and Dagenham,Theft From The Person,188,9074625,47,20.41,2.01,0.0207
Metropolitan,2024,1,Barking and Dagenham,Vehicle Crime,636,9074625,112,24.58,2.21,0.0701
Metropolitan,2024,1,Barking and Dagenham,Violence And Sexual Offences,1770,9074625,115,23.9,2.21,0.195
Metropolitan,2024,1,Barnet,Bicycle Theft,37,9074625,26,47.59,4.7,0.0041
Metropolitan,2024,1,Barnet,Burglary,654,9074625,191,47.51,4.64,0.0721
Metropolitan,2024,1,Barnet,Criminal Damage And Arson,445,9074625,170,41.54,3.92,0.049
Metropolitan,2024,1,Barnet,Drugs,233,9074625,120,39.67,3.75,0.0257
Metropolitan,2024,1,Barnet,Other Crime,84,9074625,65,41.34,4.07,0.0093
Metropolitan,2024,1,Barnet,Other Theft,782,9074625,183,42.43,4.04,0.0862
Metropolitan,2024,1,Barnet,Possession Of Weapons,26,9074625,23,37.04,3.73,0.0029
Metropolitan,2024,1,Barnet,Public Order,391,9074625,150,39.25,3.84,0.0431
Metropolitan,2024,1,Barnet,Robbery,231,9074625,112,41.72,4.03,0.0255
Metropolitan,2024,1,Barnet,Shoplifting,641,9074625,69,34.48,3.4,0.0706
Metropolitan,2024,1,Barnet,Theft From The Person,216,9074625,87,40.21,3.93,0.0238
Metropolitan,2024,1,Barnet,Vehicle Crime,1094,9074625,209,47.95,4.57,0.1206
Metropolitan,2024,1,Barnet,Violence And Sexual Offences,1865,9074625,218,41.98,3.97,0.2055
Metropolitan,2024,1,Bexley,Bicycle Theft,18,9074625,13,39.16,4.17,0.002
Metropolitan,2024,1,Bexley,Burglary,266,9074625,103,53.33,5.46,0.0293
Metropolitan,2024,1,Bexley,Criminal Damage And Arson,434,9074625,117,49.2,5.0,0.0478
Metropolitan,2024,1,Bexley,Drugs,142,9074625,71,48.82,4.9,0.0156
Metropolitan,2024,1,Bexley,Other Crime,55,9074625,44,52.46,5.29,0.0061
Metropolitan,2024,1,Bexley,Other Theft,364,9074625,105,49.77,5.1,0.0401
Metropolitan,2024,1,Bexley,Possession Of Weapons,26,9074625,25,52.31,5.35,0.0029
Metropolitan,2024,1,Bexley,Public Order,274,9074625,97,52.36,5.28,0.0302
Metropolitan,2024,1,Bexley,Robbery,89,9074625,46,46.04,4.81,0.0098
Metropolitan,2024,1,Bexley,Shoplifting,399,9074625,48,59.26,6.33,0.044
Metropolitan,2024,1,Bexley,Theft From The Person,42,9074625,25,51.21,5.33,0.0046
Metropolitan,2024,1,Bexley,Vehicle Crime,587,9074625,137,55.37,5.56,0.0647
Metropolitan,2024,1,Bexley,Violence And Sexual Offences,1330,9074625,143,48.79,4.98,0.1466
Metropolitan,2024,1,Birmingham,Other Theft,1,9074625,1,17.28,3.0,0.0001
Metropolitan,2024,1,Birmingham,Theft From The Person,1,9074625,1,26.65,6.0,0.0001
Metropolitan,2024,1,Birmingham,Violence And Sexual Offences,15,9074625,15,25.21,3.6,0.0017
Metropolitan,2024,1,Brent,Bicycle Theft,59,9074625,39,26.97,2.73,0.0065
Metropolitan,2024,1,Brent,Burglary,586,9074625,161,28.91,2.86,0.0646
Metropolitan,2024,1,Brent,Criminal Damage And Arson,530,9074625,153,25.44,2.65,0.0584
Metropolitan,2024,1,Brent,Drugs,352,9074625,127,27.24,2.78,0.0388
Metropolitan,2024,1,Brent,Other Crime,74,9074625,57,25.85,2.55,0.0082
Metropolitan,2024,1,Brent,Other Theft,971,9074625,162,27.17,2.78,0.107
Metropolitan,2024,1,Brent,Possession Of Weapons,39,9074625,34,23.53,2.51,0.0043
Metropolitan,2024,1,Brent,Public Order,475,9074625,143,23.96,2.52,0.0523
Metropolitan,2024,1,Brent,Robbery,229,9074625,103,25.21,2.68,0.0252
Metropolitan,2024,1,Brent,Shoplifting,682,9074625,68,25.62,2.65,0.0752
Metropolitan,2024,1,Brent,Theft From The Person,508,9074625,108,29.01,2.86,0.056
Metropolitan,2024,1,Brent,Vehicle Crime,952,9074625,174,29.27,2.99,0.1049
Metropolitan,2024,1,Brent,Violence And Sexual Offences,2313,9074625,179,26.02,2.69,0.2549
Metropolitan,2024,1,Brighton and Hove,Drugs,1,9074625,1,51.93,6.0,0.0001
Metropolitan,2024,1,Brighton and Hove,Other Theft,1,9074625,1,48.28,6.0,0.0001
Metropolitan,2024,1,Brighton and Hove,Violence And Sexual Offences,3,9074625,3,39.51,4.67,0.0003
Metropolitan,2024,1,Bromley,Bicycle Theft,33,9074625,26,58.1,5.73,0.0036
Metropolitan,2024,1,Bromley,Burglary,369,9074625,150,66.72,6.61,0.0407
Metropolitan,2024,1,Bromley,Criminal Damage And Arson,548,9074625,158,57.67,5.79,0.0604
Metropolitan,2024,1,Bromley,Drugs,165,9074625,90,55.73,5.48,0.0182
Metropolitan,2024,1,Bromley,Other Crime,73,9074625,53,59.21,6.12,0.008
Metropolitan,2024,1,Bromley,Other Theft,468,9074625,142,57.28,5.71,0.0516
Metropolitan,2024,1,Bromley,Possession Of Weapons,29,9074625,23,52.82,5.1,0.0032
Metropolitan,2024,1,Bromley,Public Order,329,9074625,118,55.24,5.52,0.0363
Metropolitan,2024,1,Bromley,Robbery,159,9074625,82,56.12,5.62,0.0175
Metropolitan,2024,1,Bromley,Shoplifting,594,9074625,63,55.62,5.7,0.0655
Metropolitan,2024,1,Bromley,Theft From The Person,165,9074625,50,52.35,5.56,0.0182
Metropolitan,2024,1,Bromley,Vehicle Crime,971,9074625,199,66.97,6.64,0.107
Metropolitan,2024,1,Bromley,Violence And Sexual Offences,1768,9074625,197,56.19,5.66,0.1948
Metropolitan,2024,1,Camden,Bicycle Theft,164,9074625,74,38.18,4.75,0.0181
Metropolitan,2024,1,Camden,Burglary,587,9074625,121,40.94,4.8,0.0647
Metropolitan,2024,1,Camden,Criminal Damage And Arson,379,9074625,111,37.12,4.45,0.0418
Metropolitan,2024,1,Camden,Drugs,355,9074625,85,30.07,3.88,0.0391
Metropolitan,2024,1,Camden,Other Crime,43,9074625,31,30.76,3.93,0.0047
Metropolitan,2024,1,Camden,Other Theft,2031,9074625,122,36.45,5.07,0.2238
Metropolitan,2024,1,Camden,Possession Of Weapons,30,9074625,18,27.77,3.93,0.0033
Metropolitan,2024,1,Camden,Public Order,462,9074625,106,34.77,4.48,0.0509
Metropolitan,2024,1,Camden,Robbery,406,9074625,96,37.87,4.97,0.0447
Metropolitan,2024,1,Camden,Shoplifting,647,9074625,60,34.75,4.16,0.0713
Metropolitan,2024,1,Camden,Theft From The Person,2340,9074625,105,36.92,5.29,0.2579
Metropolitan,2024,1,Camden,Vehicle Crime,679,9074625,125,45.54,5.07,0.0748
Metropolitan,2024,1,Camden,Violence And Sexual Offences,1814,9074625,127,34.45,4.25,0.1999
Metropolitan,2024,1,Chichester,Theft From The Person,1,9074625,1,48.14,8.0,0.0001
Metropolitan,2024,1,City of London,Bicycle Theft,8,9074625,3,82.03,10.0,0.0009
Metropolitan,2024,1,City of London,Burglary,7,9074625,3,75.82,9.71,0.0008
Metropolitan,2024,1,City of London,Criminal Damage And Arson,13,9074625,3,70.67,9.23,0.0014
Metropolitan,2024,1,City of London,Drugs,2,9074625,2,75.97,10.0,0.0002
Metropolitan,2024,1,City of London,Other Crime,1,9074625,1,76.92,10.0,0.0001
Metropolitan,2024,1,City of London,Other Theft,116,9074625,4,70.83,9.22,0.0128
Metropolitan,2024,1,City of London,Public Order,10,9074625,4,70.89,9.0,0.0011
Metropolitan,2024,1,City of London,Robbery,9,9074625,3,78.02,10.0,0.001
Metropolitan,2024,1,City of London,Shoplifting,34,9074625,4,72.93,9.26,0.0037
Metropolitan,2024,1,City of London,Theft From The Person,52,9074625,5,75.3,9.81,0.0057
Metropolitan,2024,1,City of London,Vehicle Crime,6,9074625,3,70.41,8.5,0.0007
Metropolitan,2024,1,City of London,Violence And Sexual Offences,35,9074625,5,69.49,8.94,0.0039
Metropolitan,2024,1,Coventry,Violence And Sexual Offences,1,9074625,1,49.55,5.0,0.0001
Metropolitan,2024,1,Crawley,Other Crime,1,9074625,1,27.21,3.0,0.0001
Metropolitan,2024,1,Crawley,Other Theft,2,9074625,2,26.61,3.5,0.0002
Metropolitan,2024,1,Crawley,Violence And Sexual Offences,3,9074625,3,36.73,3.33,0.0003
Metropolitan,2024,1,Croydon,Bicycle Theft,43,9074625,35,30.26,3.21,0.0047
Metropolitan,2024,1,Croydon,Burglary,505,9074625,185,43.72,4.31,0.0556
Metropolitan,2024,1,Croydon,Criminal Damage And Arson,657,9074625,190,34.07,3.44,0.0724
Metropolitan,2024,1,Croydon,Drugs,351,9074625,133,27.93,2.91,0.0387
Metropolitan,2024,1,Croydon,Other Crime,91,9074625,71,33.39,3.4,0.01
Metropolitan,2024,1,Croydon,Other Theft,731,9074625,188,35.58,3.55,0.0806
Metropolitan,2024,1,Croydon,Possession Of Weapons,70,9074625,47,36.45,3.6,0.0077
Metropolitan,2024,1,Croydon,Public Order,523,9074625,161,30.97,3.18,0.0576
Metropolitan,2024,1,Croydon,Robbery,386,9074625,134,33.38,3.35,0.0425
Metropolitan,2024,1,Croydon,Shoplifting,724,9074625,81,35.24,3.67,0.0798
Metropolitan,2024,1,Croydon,Theft From The Person,182,9074625,76,26.19,2.74,0.0201
Metropolitan,2024,1,Croydon,Vehicle Crime,1101,9074625,215,38.08,3.76,0.1213
Metropolitan,2024,1,Croydon,Violence And Sexual Offences,2949,9074625,226,33.05,3.32,0.325
Metropolitan,2024,1,Ealing,Bicycle Theft,103,9074625,55,33.0,3.32,0.0114
Metropolitan,2024,1,Ealing,Burglary,577,9074625,176,35.53,3.53,0.0636
Metropolitan,2024,1,Ealing,Criminal Damage And Arson,463,9074625,161,30.57,3.03,0.051
Metropolitan,2024,1,Ealing,Drugs,280,9074625,116,29.25,3.03,0.0309
Metropolitan,2024,1,Ealing,Other Crime,82,9074625,59,31.26,3.09,0.009
Metropolitan,2024,1,Ealing,Other Theft,828,9074625,170,31.8,3.28,0.0912
Metropolitan,2024,1,Ealing,Possession Of Weapons,29,9074625,27,24.14,2.48,0.0032
Metropolitan,2024,1,Ealing,Public Order,432,9074625,145,29.13,2.94,0.0476
Metropolitan,2024,1,Ealing,Robbery,254,9074625,105,28.71,3.05,0.028
Metropolitan,2024,1,Ealing,Shoplifting,519,9074625,59,31.0,3.12,0.0572
Metropolitan,2024,1,Ealing,Theft From The Person,262,9074625,84,26.26,3.03,0.0289
Metropolitan,2024,1,Ealing,Vehicle Crime,1222,9074625,192,38.66,3.88,0.1347
Metropolitan,2024,1,Ealing,Violence And Sexual Offences,2502,9074625,198,28.6,2.86,0.2757
Metropolitan,2024,1,Eastbourne,Criminal Damage And Arson,1,9074625,1,8.14,1.0,0.0001
Metropolitan,2024,1,Eastbourne,Violence And Sexual Offences,2,9074625,2,26.84,2.5,0.0002
Metropolitan,2024,1,Enfield,Bicycle Theft,34,9074625,23,17.9,1.71,0.0037
Metropolitan,2024,1,Enfield,Burglary,538,9074625,169,33.56,3.13,0.0593
Metropolitan,2024,1,Enfield,Criminal Damage And Arson,469,9074625,154,25.25,2.38,0.0517
Metropolitan,2024,1,Enfield,Drugs,291,9074625,119,21.23,2.09,0.0321
Metropolitan,2024,1,Enfield,Other Crime,68,9074625,53,23.07,2.28,0.0075
Metropolitan,2024,1,Enfield,Other Theft,645,9074625,157,25.21,2.37,0.0711
Metropolitan,2024,1,Enfield,Possession Of Weapons,51,9074625,41,19.99,2.04,0.0056
Metropolitan,2024,1,Enfield,Public Order,357,9074625,130,24.14,2.33,0.0393
Metropolitan,2024,1,Enfield,Robbery,247,9074625,109,21.64,2.03,0.0272
Metropolitan,2024,1,Enfield,Shoplifting,438,9074625,53,25.49,2.37,0.0483
Metropolitan,2024,1,Enfield,Theft From The Person,225,9074625,75,22.42,2.32,0.0248
Metropolitan,2024,1,Enfield,Vehicle Crime,1213,9074625,182,31.51,2.94,0.1337
Metropolitan,2024,1,Enfield,Violence And Sexual Offences,2123,9074625,181,24.8,2.33,0.2339
Metropolitan,2024,1,Greenwich,Bicycle Theft,73,9074625,39,45.56,4.82,0.008
Metropolitan,2024,1,Greenwich,Burglary,419,9074625,132,42.95,4.44,0.0462
Metropolitan,2024,1,Greenwich,Criminal Damage And Arson,518,9074625,139,34.17,3.68,0.0571
Metropolitan,2024,1,Greenwich,Drugs,274,9074625,113,35.71,3.71,0.0302
Metropolitan,2024,1,Greenwich,Other Crime,84,9074625,60,35.52,3.95,0.0093
Metropolitan,2024,1,Greenwich,Other Theft,663,9074625,144,38.7,4.09,0.0731
Metropolitan,2024,1,Greenwich,Possession Of Weapons,49,9074625,36,33.73,3.67,0.0054
Metropolitan,2024,1,Greenwich,Public Order,381,9074625,124,37.09,3.96,0.042
Metropolitan,2024,1,Greenwich,Robbery,212,9074625,85,40.29,4.38,0.0234
Metropolitan,2024,1,Greenwich,Shoplifting,501,9074625,48,41.85,4.71,0.0552
Metropolitan,2024,1,Greenwich,Theft From The Person,178,9074625,68,42.12,4.64,0.0196
Metropolitan,2024,1,Greenwich,Vehicle Crime,848,9074625,156,38.46,4.03,0.0934
Metropolitan,2024,1,Greenwich,Violence And Sexual Offences,2194,9074625,162,35.86,3.83,0.2418
Metropolitan,2024,1,Hackney,Bicycle Theft,297,9074625,93,31.65,3.43,0.0327
Metropolitan,2024,1,Hackney,Burglary,635,9074625,130,29.22,3.24,0.07
Metropolitan,2024,1,Hackney,Criminal Damage And Arson,427,9074625,127,25.05,2.89,0.0471
Metropolitan,2024,1,Hackney,Drugs,261,9074625,98,26.68,3.12,0.0288
Metropolitan,2024,1,Hackney,Other Crime,50,9074625,41,23.43,2.7,0.0055
Metropolitan,2024,1,Hackney,Other Theft,1000,9074625,136,30.78,3.64,0.1102
Metropolitan,2024,1,Hackney,Possession Of Weapons,35,9074625,31,27.52,3.11,0.0039
Metropolitan,2024,1,Hackney,Public Order,455,9074625,118,25.45,3.01,0.0501
Metropolitan,2024,1,Hackney,Robbery,384,9074625,107,28.17,3.35,0.0423
Metropolitan,2024,1,Hackney,Shoplifting,374,9074625,50,28.09,3.45,0.0412
Metropolitan,2024,1,Hackney,Theft From The Person,1083,9074625,130,31.96,3.88,0.1193
Metropolitan,2024,1,Hackney,Vehicle Crime,669,9074625,145,25.58,2.86,0.0737
Metropolitan,2024,1,Hackney,Violence And Sexual Offences,2037,9074625,148,25.72,2.92,0.2245
Metropolitan,2024,1,Hammersmith and Fulham,Bicycle Theft,183,9074625,73,45.56,5.21,0.0202
Metropolitan,2024,1,Hammersmith and Fulham,Burglary,341,9074625,97,44.0,4.97,0.0376
Metropolitan,2024,1,Hammersmith and Fulham,Criminal Damage And Arson,306,9074625,91,40.83,4.66,0.0337
Metropolitan,2024,1,Hammersmith and Fulham,Drugs,200,9074625,68,37.76,4.3,0.022
Metropolitan,2024,1,Hammersmith and Fulham,Other Crime,55,9074625,28,34.21,4.2,0.0061
Metropolitan,2024,1,Hammersmith and Fulham,Other Theft,716,9074625,105,40.9,4.67,0.0789
Metropolitan,2024,1,Hammersmith and Fulham,Possession Of Weapons,16,9074625,14,45.55,5.25,0.0018
Metropolitan,2024,1,Hammersmith and Fulham,Public Order,352,9074625,89,38.43,4.41,0.0388
Metropolitan,2024,1,Hammersmith and Fulham,Robbery,157,9074625,57,36.19,4.36,0.0173
Metropolitan,2024,1,Hammersmith and Fulham,Shoplifting,454,9074625,42,31.85,3.89,0.05
Metropolitan,2024,1,Hammersmith and Fulham,Theft From The Person,335,9074625,59,33.64,4.05,0.0369
Metropolitan,2024,1,Hammersmith and Fulham,Vehicle Crime,582,9074625,111,48.56,5.46,0.0641
Metropolitan,2024,1,Hammersmith and Fulham,Violence And Sexual Offences,1442,9074625,114,39.09,4.44,0.1589
Metropolitan,2024,1,Haringey,Bicycle Theft,91,9074625,51,24.85,2.93,0.01
Metropolitan,2024,1,Haringey,Burglary,402,9074625,129,32.54,3.61,0.0443
Metropolitan,2024,1,Haringey,Criminal Damage And Arson,413,9074625,125,26.25,2.96,0.0455
Metropolitan,2024,1,Haringey,Drugs,342,9074625,101,18.64,2.21,0.0377
Metropolitan,2024,1,Haringey,Other Crime,55,9074625,42,18.1,2.25,0.0061
Metropolitan,2024,1,Haringey,Other Theft,712,9074625,134,25.63,2.98,0.0785
Metropolitan,2024,1,Haringey,Possession Of Weapons,44,9074625,37,19.94,2.48,0.0048
Metropolitan,2024,1,Haringey,Public Order,392,9074625,115,23.63,2.69,0.0432
Metropolitan,2024,1,Haringey,Robbery,292,9074625,101,23.57,2.7,0.0322
Metropolitan,2024,1,Haringey,Shoplifting,246,9074625,39,28.98,3.37,0.0271
Metropolitan,2024,1,Haringey,Theft From The Person,612,9074625,107,19.57,2.45,0.0674
Metropolitan,2024,1,Haringey,Vehicle Crime,920,9074625,143,30.35,3.4,0.1014
Metropolitan,2024,1,Haringey,Violence And Sexual Offences,1870,9074625,146,23.51,2.71,0.2061
Metropolitan,2024,1,Harrow,Bicycle Theft,21,9074625,16,35.05,3.05,0.0023
Metropolitan,2024,1,Harrow,Burglary,323,9074625,110,49.81,4.4,0.0356
Metropolitan,2024,1,Harrow,Criminal Damage And Arson,255,9074625,105,46.43,3.92,0.0281
Metropolitan,2024,1,Harrow,Drugs,126,9074625,68,46.61,4.02,0.0139
Metropolitan,2024,1,Harrow,Other Crime,55,9074625,42,45.58,3.65,0.0061
Metropolitan,2024,1,Harrow,Other Theft,422,9074625,115,44.23,3.8,0.0465
Metropolitan,2024,1,Harrow,Possession Of Weapons,19,9074625,15,40.9,3.84,0.0021
Metropolitan,2024,1,Harrow,Public Order,235,9074625,98,46.18,4.03,0.0259
Metropolitan,2024,1,Harrow,Robbery,115,9074625,56,45.88,3.84,0.0127
Metropolitan,2024,1,Harrow,Shoplifting,305,9074625,42,39.98,3.64,0.0336
Metropolitan,2024,1,Harrow,Theft From The Person,160,9074625,55,41.62,3.94,0.0176
Metropolitan,2024,1,Harrow,Vehicle Crime,511,9074625,135,49.35,4.2,0.0563
Metropolitan,2024,1,Harrow,Violence And Sexual Offences,1211,9074625,142,46.53,3.93,0.1334
Metropolitan,2024,1,Hastings,Other Crime,2,9074625,2,14.04,2.0,0.0002
Metropolitan,2024,1,Hastings,Violence And Sexual Offences,2,9074625,2,18.98,3.0,0.0002
Metropolitan,2024,1,Havering,Bicycle Theft,25,9074625,18,39.06,3.96,0.0028
Metropolitan,2024,1,Havering,Burglary,345,9074625,120,49.97,4.99,0.038
Metropolitan,2024,1,Havering,Criminal Damage And Arson,449,9074625,129,48.38,4.81,0.0495
Metropolitan,2024,1,Havering,Drugs,190,9074625,71,40.86,4.1,0.0209
Metropolitan,2024,1,Havering,Other Crime,52,9074625,39,43.69,4.4,0.0057
Metropolitan,2024,1,Havering,Other Theft,459,9074625,117,44.26,4.48,0.0506
Metropolitan,2024,1,Havering,Possession Of Weapons,32,9074625,23,46.0,4.47,0.0035
Metropolitan,2024,1,Havering,Public Order,283,9074625,105,45.66,4.55,0.0312
Metropolitan,2024,1,Havering,Robbery,148,9074625,56,46.01,4.64,0.0163
Metropolitan,2024,1,Havering,Shoplifting,576,9074625,45,46.95,4.77,0.0635
Metropolitan,2024,1,Havering,Theft From The Person,116,9074625,42,42.18,4.22,0.0128
Metropolitan,2024,1,Havering,Vehicle Crime,641,9074625,150,53.03,5.26,0.0706
Metropolitan,2024,1,Havering,Violence And Sexual Offences,1626,9074625,153,44.4,4.42,0.1792
Metropolitan,2024,1,Hillingdon,Bicycle Theft,38,9074625,27,32.26,3.21,0.0042
Metropolitan,2024,1,Hillingdon,Burglary,410,9074625,142,41.06,4.04,0.0452
Metropolitan,2024,1,Hillingdon,Criminal Damage And Arson,575,9074625,141,37.16,3.73,0.0634
Metropolitan,2024,1,Hillingdon,Drugs,200,9074625,94,37.77,3.73,0.022
Metropolitan,2024,1,Hillingdon,Other Crime,353,9074625,55,23.63,3.18,0.0389
Metropolitan,2024,1,Hillingdon,Other Theft,900,9074625,133,32.15,3.51,0.0992
Metropolitan,2024,1,Hillingdon,Possession Of Weapons,39,9074625,32,40.13,4.1,0.0043
Metropolitan,2024,1,Hillingdon,Public Order,429,9074625,127,36.09,3.66,0.0473
Metropolitan,2024,1,Hillingdon,Robbery,150,9074625,77,36.64,3.55,0.0165
Metropolitan,2024,1,Hillingdon,Shoplifting,597,9074625,63,34.07,3.46,0.0658
Metropolitan,2024,1,Hillingdon,Theft From The Person,140,9074625,60,33.07,3.28,0.0154
Metropolitan,2024,1,Hillingdon,Vehicle Crime,1038,9074625,159,39.07,3.89,0.1144
Metropolitan,2024,1,Hillingdon,Violence And Sexual Offences,2116,9074625,167,37.87,3.75,0.2332
Metropolitan,2024,1,Horsham,Violence And Sexual Offences,1,9074625,1,63.63,5.0,0.0001
Metropolitan,2024,1,Hounslow,Bicycle Theft,95,9074625,61,36.64,4.06,0.0105
Metropolitan,2024,1,Hounslow,Burglary,501,9074625,138,37.73,4.01,0.0552
Metropolitan,2024,1,Hounslow,Criminal Damage And Arson,447,9074625,123,33.99,3.59,0.0493
Metropolitan,2024,1,Hounslow,Drugs,197,9074625,92,32.24,3.33,0.0217
Metropolitan,2024,1,Hounslow,Other Crime,68,9074625,46,31.65,3.25,0.0075
Metropolitan,2024,1,Hounslow,Other Theft,639,9074625,134,35.01,3.76,0.0704
Metropolitan,2024,1,Hounslow,Possession Of Weapons,27,9074625,25,33.02,3.44,0.003
Metropolitan,2024,1,Hounslow,Public Order,424,9074625,130,33.19,3.49,0.0467
Metropolitan,2024,1,Hounslow,Robbery,156,9074625,70,36.18,3.84,0.0172
Metropolitan,2024,1,Hounslow,Shoplifting,554,9074625,61,35.14,3.92,0.061
Metropolitan,2024,1,Hounslow,Theft From The Person,164,9074625,63,31.15,3.26,0.0181
Metropolitan,2024,1,Hounslow,Vehicle Crime,832,9074625,146,38.55,4.12,0.0917
Metropolitan,2024,1,Hounslow,Violence And Sexual Offences,2066,9074625,149,32.33,3.4,0.2277
Metropolitan,2024,1,Islington,Bicycle Theft,199,9074625,85,36.27,3.95,0.0219
Metropolitan,2024,1,Islington,Burglary,440,9074625,112,35.85,3.88,0.0485
Metropolitan,2024,1,Islington,Criminal Damage And Arson,362,9074625,107,33.08,3.73,0.0399
Metropolitan,2024,1,Islington,Drugs,269,9074625,86,30.63,3.4,0.0296
Metropolitan,2024,1,Islington,Other Crime,52,9074625,36,29.98,3.54,0.0057
Metropolitan,2024,1,Islington,Other Theft,1130,9074625,119,37.57,4.1,0.1245
Metropolitan,2024,1,Islington,Possession Of Weapons,30,9074625,24,27.05,3.2,0.0033
Metropolitan,2024,1,Islington,Public Order,392,9074625,104,31.03,3.51,0.0432
Metropolitan,2024,1,Islington,Robbery,275,9074625,81,36.4,3.95,0.0303
Metropolitan,2024,1,Islington,Shoplifting,500,9074625,56,37.25,4.21,0.0551
Metropolitan,2024,1,Islington,Theft From The Person,846,9074625,104,36.05,3.92,0.0932
Metropolitan,2024,1,Islington,Vehicle Crime,529,9074625,109,33.01,3.7,0.0583
Metropolitan,2024,1,Islington,Violence And Sexual Offences,1688,9074625,125,31.44,3.54,0.186
Metropolitan,2024,1,Kensington and Chelsea,Bicycle Theft,75,9074625,52,53.27,6.79,0.0083
Metropolitan,2024,1,Kensington and Chelsea,Burglary,338,9074625,92,50.88,6.64,0.0372
Metropolitan,2024,1,Kensington and Chelsea,Criminal Damage And Arson,275,9074625,87,47.29,6.19,0.0303
Metropolitan,2024,1,Kensington and Chelsea,Drugs,131,9074625,69,41.61,5.27,0.0144
Metropolitan,2024,1,Kensington and Chelsea,Other Crime,35,9074625,28,51.04,6.77,0.0039
Metropolitan,2024,1,Kensington and Chelsea,Other Theft,1029,9074625,96,53.87,7.32,0.1134
Metropolitan,2024,1,Kensington and Chelsea,Possession Of Weapons,20,9074625,17,36.52,4.75,0.0022
Metropolitan,2024,1,Kensington and Chelsea,Public Order,236,9074625,78,47.33,6.18,0.026
Metropolitan,2024,1,Kensington and Chelsea,Robbery,160,9074625,70,52.1,6.82,0.0176
Metropolitan,2024,1,Kensington and Chelsea,Shoplifting,481,9074625,55,57.93,7.71,0.053
Metropolitan,2024,1,Kensington and Chelsea,Theft From The Person,723,9074625,80,54.21,7.19,0.0797
Metropolitan,2024,1,Kensington and Chelsea,Vehicle Crime,798,9074625,97,57.22,7.7,0.0879
Metropolitan,2024,1,Kensington and Chelsea,Violence And Sexual Offences,1074,9074625,101,43.62,5.59,0.1184
Metropolitan,2024,1,Kingston upon Thames,Bicycle Theft,55,9074625,29,67.73,6.16,0.0061
Metropolitan,2024,1,Kingston upon Thames,Burglary,155,9074625,70,67.91,6.12,0.0171
Metropolitan,2024,1,Kingston upon Thames,Criminal Damage And Arson,251,9074625,71,63.39,5.68,0.0277
Metropolitan,2024,1,Kingston upon Thames,Drugs,139,9074625,46,61.81,5.58,0.0153
Metropolitan,2024,1,Kingston upon Thames,Other Crime,23,9074625,18,66.52,5.87,0.0025
Metropolitan,2024,1,Kingston upon Thames,Other Theft,287,9074625,79,66.54,6.08,0.0316
Metropolitan,2024,1,Kingston upon Thames,Possession Of Weapons,11,9074625,9,62.7,5.36,0.0012
Metropolitan,2024,1,Kingston upon Thames,Public Order,139,9074625,55,64.84,5.93,0.0153
Metropolitan,2024,1,Kingston upon Thames,Robbery,54,9074625,27,64.19,5.91,0.006
Metropolitan,2024,1,Kingston upon Thames,Shoplifting,316,9074625,36,65.91,6.08,0.0348
Metropolitan,2024,1,Kingston upon Thames,Theft From The Person,122,9074625,28,64.25,5.96,0.0134
Metropolitan,2024,1,Kingston upon Thames,Vehicle Crime,231,9074625,87,68.51,6.17,0.0255
Metropolitan,2024,1,Kingston upon Thames,Violence And Sexual Offences,842,9074625,93,63.59,5.7,0.0928
Metropolitan,2024,1,Lambeth,Bicycle Theft,198,9074625,90,42.88,4.97,0.0218
Metropolitan,2024,1,Lambeth,Burglary,467,9074625,152,40.8,4.66,0.0515
Metropolitan,2024,1,Lambeth,Criminal Damage And Arson,563,9074625,161,38.58,4.46,0.062
Metropolitan,2024,1,Lambeth,Drugs,277,9074625,124,36.68,4.25,0.0305
Metropolitan,2024,1,Lambeth,Other Crime,65,9074625,47,36.1,4.17,0.0072
Metropolitan,2024,1,Lambeth,Other Theft,1228,9074625,171,40.47,4.91,0.1353
Metropolitan,2024,1,Lambeth,Possession Of Weapons,49,9074625,35,34.39,4.12,0.0054
Metropolitan,2024,1,Lambeth,Public Order,493,9074625,133,37.04,4.47,0.0543
Metropolitan,2024,1,Lambeth,Robbery,522,9074625,133,39.26,4.68,0.0575
Metropolitan,2024,1,Lambeth,Shoplifting,546,9074625,70,36.81,4.37,0.0602
Metropolitan,2024,1,Lambeth,Theft From The Person,1001,9074625,118,41.27,5.27,0.1103
Metropolitan,2024,1,Lambeth,Vehicle Crime,959,9074625,173,43.36,4.92,0.1057
Metropolitan,2024,1,Lambeth,Violence And Sexual Offences,2282,9074625,180,37.7,4.42,0.2515
Metropolitan,2024,1,Lewes,Violence And Sexual Offences,1,9074625,1,53.8,4.0,0.0001
Metropolitan,2024,1,Lewisham,Bicycle Theft,113,9074625,51,32.38,3.67,0.0125
Metropolitan,2024,1,Lewisham,Burglary,500,9074625,145,32.08,3.63,0.0551
Metropolitan,2024,1,Lewisham,Criminal Damage And Arson,504,9074625,152,32.59,3.66,0.0555
Metropolitan,2024,1,Lewisham,Drugs,288,9074625,117,31.06,3.45,0.0317
Metropolitan,2024,1,Lewisham,Other Crime,81,9074625,53,32.41,3.53,0.0089
Metropolitan,2024,1,Lewisham,Other Theft,734,9074625,163,32.05,3.63,0.0809
Metropolitan,2024,1,Lewisham,Possession Of Weapons,54,9074625,43,32.14,3.41,0.006
Metropolitan,2024,1,Lewisham,Public Order,456,9074625,140,32.81,3.71,0.0503
Metropolitan,2024,1,Lewisham,Robbery,184,9074625,85,33.22,3.79,0.0203
Metropolitan,2024,1,Lewisham,Shoplifting,565,9074625,69,36.53,4.14,0.0623
Metropolitan,2024,1,Lewisham,Theft From The Person,308,9074625,87,33.01,3.98,0.0339
Metropolitan,2024,1,Lewisham,Vehicle Crime,885,9074625,171,33.4,3.65,0.0975
Metropolitan,2024,1,Lewisham,Violence And Sexual Offences,2209,9074625,175,31.01,3.44,0.2434
Metropolitan,2024,1,Merton,Bicycle Theft,52,9074625,30,70.05,6.71,0.0057
Metropolitan,2024,1,Merton,Burglary,222,9074625,103,63.47,5.83,0.0245
Metropolitan,2024,1,Merton,Criminal Damage And Arson,237,9074625,92,55.49,4.95,0.0261
Metropolitan,2024,1,Merton,Drugs,118,9074625,60,55.31,4.87,0.013
Metropolitan,2024,1,Merton,Other Crime,37,9074625,31,54.41,4.76,0.0041
Metropolitan,2024,1,Merton,Other Theft,370,9074625,108,62.75,5.74,0.0408
Metropolitan,2024,1,Merton,Possession Of Weapons,18,9074625,17,51.7,4.39,0.002
Metropolitan,2024,1,Merton,Public Order,192,9074625,80,56.7,5.14,0.0212
Metropolitan,2024,1,Merton,Robbery,107,9074625,52,53.69,4.88,0.0118
Metropolitan,2024,1,Merton,Shoplifting,326,9074625,43,64.08,5.85,0.0359
Metropolitan,2024,1,Merton,Theft From The Person,83,9074625,46,59.81,5.59,0.0091
Metropolitan,2024,1,Merton,Vehicle Crime,387,9074625,113,61.13,5.53,0.0426
Metropolitan,2024,1,Merton,Violence And Sexual Offences,1075,9074625,124,55.56,4.92,0.1185
Metropolitan,2024,1,Newham,Bicycle Theft,91,9074625,50,25.03,3.1,0.01
Metropolitan,2024,1,Newham,Burglary,517,9074625,150,28.39,2.73,0.057
Metropolitan,2024,1,Newham,Criminal Damage And Arson,480,9074625,153,23.82,2.32,0.0529
Metropolitan,2024,1,Newham,Drugs,373,9074625,130,24.9,2.71,0.0411
Metropolitan,2024,1,Newham,Other Crime,110,9074625,63,22.89,2.32,0.0121
Metropolitan,2024,1,Newham,Other Theft,1309,9074625,177,26.41,2.88,0.1442
Metropolitan,2024,1,Newham,Possession Of Weapons,51,9074625,34,21.13,2.25,0.0056
Metropolitan,2024,1,Newham,Public Order,472,9074625,136,23.35,2.58,0.052
Metropolitan,2024,1,Newham,Robbery,375,9074625,127,23.98,2.53,0.0413
Metropolitan,2024,1,Newham,Shoplifting,662,9074625,56,28.74,4.0,0.073
Metropolitan,2024,1,Newham,Theft From The Person,1141,9074625,136,27.86,3.38,0.1257
Metropolitan,2024,1,Newham,Vehicle Crime,1147,9074625,180,24.15,2.42,0.1264
Metropolitan,2024,1,Newham,Violence And Sexual Offences,2501,9074625,181,23.33,2.35,0.2756
Metropolitan,2024,1,Redbridge,Bicycle Theft,40,9074625,21,30.8,2.9,0.0044
Metropolitan,2024,1,Redbridge,Burglary,385,9074625,127,48.11,4.29,0.0424
Metropolitan,2024,1,Redbridge,Criminal Damage And Arson,371,9074625,137,44.17,3.96,0.0409
Metropolitan,2024,1,Redbridge,Drugs,221,9074625,90,34.75,3.14,0.0244
Metropolitan,2024,1,Redbridge,Other Crime,66,9074625,54,46.09,4.14,0.0073
Metropolitan,2024,1,Redbridge,Other Theft,688,9074625,146,38.95,3.57,0.0758
Metropolitan,2024,1,Redbridge,Possession Of Weapons,42,9074625,35,39.58,3.6,0.0046
Metropolitan,2024,1,Redbridge,Public Order,334,9074625,116,38.4,3.39,0.0368
Metropolitan,2024,1,Redbridge,Robbery,177,9074625,83,40.06,3.73,0.0195
Metropolitan,2024,1,Redbridge,Shoplifting,317,9074625,42,37.93,3.53,0.0349
Metropolitan,2024,1,Redbridge,Theft From The Person,363,9074625,86,29.55,2.92,0.04
Metropolitan,2024,1,Redbridge,Vehicle Crime,779,9074625,154,51.97,4.77,0.0858
Metropolitan,2024,1,Redbridge,Violence And Sexual Offences,1960,9074625,160,39.99,3.57,0.216
Metropolitan,2024,1,Richmond upon Thames,Bicycle Theft,81,9074625,55,77.72,8.01,0.0089
Metropolitan,2024,1,Richmond upon Thames,Burglary,311,9074625,103,76.23,7.85,0.0343
Metropolitan,2024,1,Richmond upon Thames,Criminal Damage And Arson,193,9074625,84,71.24,7.22,0.0213
Metropolitan,2024,1,Richmond upon Thames,Drugs,83,9074625,50,69.4,6.87,0.0091
Metropolitan,2024,1,Richmond upon Thames,Other Crime,18,9074625,15,63.0,6.39,0.002
Metropolitan,2024,1,Richmond upon Thames,Other Theft,250,9074625,90,75.4,7.82,0.0275
Metropolitan,2024,1,Richmond upon Thames,Possession Of Weapons,3,9074625,3,70.8,7.67,0.0003
Metropolitan,2024,1,Richmond upon Thames,Public Order,184,9074625,77,70.5,7.21,0.0203
Metropolitan,2024,1,Richmond upon Thames,Robbery,71,9074625,37,70.44,7.32,0.0078
Metropolitan,2024,1,Richmond upon Thames,Shoplifting,234,9074625,35,71.14,7.44,0.0258
Metropolitan,2024,1,Richmond upon Thames,Theft From The Person,70,9074625,34,73.89,8.14,0.0077
Metropolitan,2024,1,Richmond upon Thames,Vehicle Crime,460,9074625,107,74.18,7.62,0.0507
Metropolitan,2024,1,Richmond upon Thames,Violence And Sexual Offences,759,9074625,115,72.96,7.39,0.0836
Metropolitan,2024,1,Sandwell,Violence And Sexual Offences,3,9074625,3,15.47,2.0,0.0003
Metropolitan,2024,1,Solihull,Violence And Sexual Offences,1,9074625,1,50.2,5.0,0.0001
Metropolitan,2024,1,Southwark,Bicycle Theft,243,9074625,100,40.07,4.5,0.0268
Metropolitan,2024,1,Southwark,Burglary,521,9074625,150,40.38,4.47,0.0574
Metropolitan,2024,1,Southwark,Criminal Damage And Arson,445,9074625,146,36.47,3.97,0.049
Metropolitan,2024,1,Southwark,Drugs,277,9074625,111,34.39,3.78,0.0305
Metropolitan,2024,1,Southwark,Other Crime,62,9074625,45,34.26,3.56,0.0068
Metropolitan,2024,1,Southwark,Other Theft,1367,9074625,164,40.26,4.42,0.1506
Metropolitan,2024,1,Southwark,Possession Of Weapons,69,9074625,53,36.56,4.04,0.0076
Metropolitan,2024,1,Southwark,Public Order,430,9074625,131,35.0,3.95,0.0474
Metropolitan,2024,1,Southwark,Robbery,532,9074625,143,38.0,4.25,0.0586
Metropolitan,2024,1,Southwark,Shoplifting,338,9074625,65,38.54,4.39,0.0372
Metropolitan,2024,1,Southwark,Theft From The Person,1691,9074625,150,39.51,4.43,0.1863
Metropolitan,2024,1,Southwark,Vehicle Crime,754,9074625,163,41.01,4.6,0.0831
Metropolitan,2024,1,Southwark,Violence And Sexual Offences,2071,9074625,172,36.09,4.0,0.2282
Metropolitan,2024,1,Sutton,Bicycle Theft,28,9074625,21,54.22,4.96,0.0031
Metropolitan,2024,1,Sutton,Burglary,202,9074625,93,62.33,5.87,0.0223
Metropolitan,2024,1,Sutton,Criminal Damage And Arson,294,9074625,99,56.65,5.31,0.0324
Metropolitan,2024,1,Sutton,Drugs,79,9074625,54,51.86,4.9,0.0087
Metropolitan,2024,1,Sutton,Other Crime,41,9074625,33,51.25,4.85,0.0045
Metropolitan,2024,1,Sutton,Other Theft,270,9074625,92,58.09,5.43,0.0298
Metropolitan,2024,1,Sutton,Possession Of Weapons,21,9074625,16,49.94,4.57,0.0023
Metropolitan,2024,1,Sutton,Public Order,211,9074625,76,51.92,4.87,0.0233
Metropolitan,2024,1,Sutton,Robbery,81,9074625,45,52.96,4.93,0.0089
Metropolitan,2024,1,Sutton,Shoplifting,274,9074625,34,43.93,4.07,0.0302
Metropolitan,2024,1,Sutton,Theft From The Person,67,9074625,29,44.33,4.15,0.0074
Metropolitan,2024,1,Sutton,Vehicle Crime,366,9074625,117,64.47,6.16,0.0403
Metropolitan,2024,1,Sutton,Violence And Sexual Offences,1174,9074625,118,53.05,4.97,0.1294
Metropolitan,2024,1,Tower Hamlets,Bicycle Theft,247,9074625,97,29.63,2.91,0.0272
Metropolitan,2024,1,Tower Hamlets,Burglary,602,9074625,144,29.74,2.83,0.0663
Metropolitan,2024,1,Tower Hamlets,Criminal Damage And Arson,491,9074625,148,27.86,2.58,0.0541
Metropolitan,2024,1,Tower Hamlets,Drugs,344,9074625,119,23.88,2.3,0.0379
Metropolitan,2024,1,Tower Hamlets,Other Crime,54,9074625,40,26.2,2.31,0.006
Metropolitan,2024,1,Tower Hamlets,Other Theft,1039,9074625,156,32.47,3.23,0.1145
Metropolitan,2024,1,Tower Hamlets,Possession Of Weapons,47,9074625,39,23.57,2.19,0.0052
Metropolitan,2024,1,Tower Hamlets,Public Order,538,9074625,145,28.01,2.65,0.0593
Metropolitan,2024,1,Tower Hamlets,Robbery,293,9074625,104,29.88,2.9,0.0323
Metropolitan,2024,1,Tower Hamlets,Shoplifting,483,9074625,79,40.57,3.95,0.0532
Metropolitan,2024,1,Tower Hamlets,Theft From The Person,819,9074625,121,30.97,3.15,0.0903
Metropolitan,2024,1,Tower Hamlets,Vehicle Crime,784,9074625,154,27.88,2.54,0.0864
Metropolitan,2024,1,Tower Hamlets,Violence And Sexual Offences,2392,9074625,163,27.22,2.56,0.2636
Metropolitan,2024,1,Walsall,Violence And Sexual Offences,1,9074625,1,18.78,2.0,0.0001
Metropolitan,2024,1,Waltham Forest,Bicycle Theft,106,9074625,60,36.44,3.33,0.0117
Metropolitan,2024,1,Waltham Forest,Burglary,352,9074625,108,39.9,3.74,0.0388
Metropolitan,2024,1,Waltham Forest,Criminal Damage And Arson,359,9074625,122,35.51,3.36,0.0396
Metropolitan,2024,1,Waltham Forest,Drugs,252,9074625,105,35.74,3.34,0.0278
Metropolitan,2024,1,Waltham Forest,Other Crime,42,9074625,37,37.23,3.62,0.0046
Metropolitan,2024,1,Waltham Forest,Other Theft,729,9074625,134,34.53,3.38,0.0803
Metropolitan,2024,1,Waltham Forest,Possession Of Weapons,41,9074625,33,35.97,3.41,0.0045
Metropolitan,2024,1,Waltham Forest,Public Order,303,9074625,112,32.8,3.26,0.0334
Metropolitan,2024,1,Waltham Forest,Robbery,213,9074625,85,35.35,3.42,0.0235
Metropolitan,2024,1,Waltham Forest,Shoplifting,367,9074625,47,39.7,3.83,0.0404
Metropolitan,2024,1,Waltham Forest,Theft From The Person,506,9074625,91,32.18,3.22,0.0558
Metropolitan,2024,1,Waltham Forest,Vehicle Crime,773,9074625,145,39.87,3.74,0.0852
Metropolitan,2024,1,Waltham Forest,Violence And Sexual Offences,1526,9074625,144,35.82,3.39,0.1682
Metropolitan,2024,1,Wandsworth,Bicycle Theft,186,9074625,89,61.9,6.54,0.0205
Metropolitan,2024,1,Wandsworth,Burglary,476,9074625,146,59.73,5.99,0.0525
Metropolitan,2024,1,Wandsworth,Criminal Damage And Arson,444,9074625,148,56.54,5.6,0.0489
Metropolitan,2024,1,Wandsworth,Drugs,243,9074625,102,52.05,5.08,0.0268
Metropolitan,2024,1,Wandsworth,Other Crime,70,9074625,54,52.79,5.06,0.0077
Metropolitan,2024,1,Wandsworth,Other Theft,802,9074625,168,58.73,5.96,0.0884
Metropolitan,2024,1,Wandsworth,Possession Of Weapons,31,9074625,26,52.23,5.29,0.0034
Metropolitan,2024,1,Wandsworth,Public Order,397,9074625,137,55.33,5.49,0.0437
Metropolitan,2024,1,Wandsworth,Robbery,226,9074625,96,57.18,5.75,0.0249
Metropolitan,2024,1,Wandsworth,Shoplifting,561,9074625,66,56.96,6.04,0.0618
Metropolitan,2024,1,Wandsworth,Theft From The Person,249,9074625,80,51.06,5.32,0.0274
Metropolitan,2024,1,Wandsworth,Vehicle Crime,856,9074625,169,64.99,6.62,0.0943
Metropolitan,2024,1,Wandsworth,Violence And Sexual Offences,1717,9074625,182,53.27,5.16,0.1892
Metropolitan,2024,1,Wealden,Other Crime,1,9074625,1,65.95,6.0,0.0001
Metropolitan,2024,1,Wealden,Violence And Sexual Offences,4,9074625,3,61.06,6.5,0.0004
Metropolitan,2024,1,Westminster,Bicycle Theft,222,9074625,80,46.57,5.89,0.0245
Metropolitan,2024,1,Westminster,Burglary,707,9074625,113,45.32,5.66,0.0779
Metropolitan,2024,1,Westminster,Criminal Damage And Arson,550,9074625,105,43.15,5.56,0.0606
Metropolitan,2024,1,Westminster,Drugs,513,9074625,85,40.62,5.49,0.0565
Metropolitan,2024,1,Westminster,Other Crime,65,9074625,35,40.23,5.18,0.0072
Metropolitan,2024,1,Westminster,Other Theft,5217,9074625,121,44.8,5.99,0.5749
Metropolitan,2024,1,Westminster,Possession Of Weapons,56,9074625,30,44.33,5.59,0.0062
Metropolitan,2024,1,Westminster,Public Order,733,9074625,109,43.9,5.7,0.0808
Metropolitan,2024,1,Westminster,Robbery,833,9074625,90,45.78,6.11,0.0918
Metropolitan,2024,1,Westminster,Shoplifting,1412,9074625,61,47.99,6.25,0.1556
Metropolitan,2024,1,Westminster,Theft From The Person,8696,9074625,107,44.51,6.06,0.9583
Metropolitan,2024,1,Westminster,Vehicle Crime,1020,9074625,113,48.61,6.16,0.1124
Metropolitan,2024,1,Westminster,Violence And Sexual Offences,2689,9074625,123,42.33,5.48,0.2963
Metropolitan,2024,1,Wolverhampton,Other Theft,1,9074625,1,2.46,1.0,0.0001
Metropolitan,2024,1,Wolverhampton,Theft From The Person,1,9074625,1,14.89,2.0,0.0001
Metropolitan,2024,1,Wolverhampton,Violence And Sexual Offences,3,9074625,3,26.29,3.0,0.0003
Metropolitan,2024,1,Worthing,Violence And Sexual Offences,1,9074625,1,33.87,3.0,0.0001
Metropolitan,2024,2,Arun,Violence And Sexual Offences,1,9074625,1,34.97,4.0,0.0001
Metropolitan,2024,2,Barking and Dagenham,Bicycle Theft,28,9074625,16,23.11,2.14,0.0031
Metropolitan,2024,2,Barking and Dagenham,Burglary,209,9074625,86,23.54,2.13,0.023
Metropolitan,2024,2,Barking and Dagenham,Criminal Damage And Arson,324,9074625,98,23.09,2.14,0.0357
Metropolitan,2024,2,Barking and Dagenham,Drugs,245,9074625,80,23.34,2.21,0.027
Metropolitan,2024,2,Barking and Dagenham,Other Crime,72,9074625,51,23.77,2.24,0.0079
Metropolitan,2024,2,Barking and Dagenham,Other Theft,471,9074625,108,24.13,2.28,0.0519
Metropolitan,2024,2,Barking and Dagenham,Possession Of Weapons,22,9074625,21,25.96,2.5,0.0024
Metropolitan,2024,2,Barking and Dagenham,Public Order,311,9074625,95,23.84,2.23,0.0343
Metropolitan,2024,2,Barking and Dagenham,Robbery,184,9074625,78,22.2,2.1,0.0203
Metropolitan,2024,2,Barking and Dagenham,Shoplifting,368,9074625,39,24.03,2.2,0.0406
Metropolitan,2024,2,Barking and Dagenham,Theft From The Person,201,9074625,64,21.39,2.12,0.0221
Metropolitan,2024,2,Barking and Dagenham,Vehicle Crime,548,9074625,113,25.61,2.31,0.0604
Metropolitan,2024,2,Barking and Dagenham,Violence And Sexual Offences,1771,9074625,115,23.88,2.18,0.1952
Metropolitan,2024,2,Barnet,Bicycle Theft,81,9074625,58,42.7,4.33,0.0089
Metropolitan,2024,2,Barnet,Burglary,515,9074625,183,44.94,4.34,0.0568
Metropolitan,2024,2,Barnet,Criminal Damage And Arson,443,9074625,168,41.6,3.95,0.0488
Metropolitan,2024,2,Barnet,Drugs,232,9074625,115,43.26,4.14,0.0256
Metropolitan,2024,2,Barnet,Other Crime,70,9074625,54,40.92,3.77,0.0077
Metropolitan,2024,2,Barnet,Other Theft,725,9074625,183,40.81,3.89,0.0799
Metropolitan,2024,2,Barnet,Possession Of Weapons,26,9074625,21,37.8,3.58,0.0029
Metropolitan,2024,2,Barnet,Public Order,485,9074625,159,41.88,4.03,0.0534
Metropolitan,2024,2,Barnet,Robbery,226,9074625,111,38.77,3.82,0.0249
Metropolitan,2024,2,Barnet,Shoplifting,703,9074625,74,38.32,3.71,0.0775
Metropolitan,2024,2,Barnet,Theft From The Person,270,9074625,94,48.42,5.07,0.0298
Metropolitan,2024,2,Barnet,Vehicle Crime,1075,9074625,209,47.67,4.57,0.1185
Metropolitan,2024,2,Barnet,Violence And Sexual Offences,1926,9074625,215,41.12,3.88,0.2122
Metropolitan,2024,2,Bexley,Bicycle Theft,27,9074625,23,46.53,4.63,0.003
Metropolitan,2024,2,Bexley,Burglary,170,9074625,88,51.72,5.3,0.0187
Metropolitan,2024,2,Bexley,Criminal Damage And Arson,417,9074625,116,47.3,4.79,0.046
Metropolitan,2024,2,Bexley,Drugs,163,9074625,79,50.13,5.09,0.018
Metropolitan,2024,2,Bexley,Other Crime,63,9074625,42,48.8,4.81,0.0069
Metropolitan,2024,2,Bexley,Other Theft,320,9074625,107,48.39,4.94,0.0353
Metropolitan,2024,2,Bexley,Possession Of Weapons,16,9074625,15,42.16,4.31,0.0018
Metropolitan,2024,2,Bexley,Public Order,286,9074625,97,48.95,4.95,0.0315
Metropolitan,2024,2,Bexley,Robbery,82,9074625,51,51.43,5.27,0.009
Metropolitan,2024,2,Bexley,Shoplifting,531,9074625,45,61.58,6.5,0.0585
Metropolitan,2024,2,Bexley,Theft From The Person,65,9074625,34,49.04,5.2,0.0072
Metropolitan,2024,2,Bexley,Vehicle Crime,584,9074625,138,56.16,5.66,0.0644
Metropolitan,2024,2,Bexley,Violence And Sexual Offences,1442,9074625,144,49.84,5.07,0.1589
Metropolitan,2024,2,Birmingham,Criminal Damage And Arson,1,9074625,1,80.81,10.0,0.0001
Metropolitan,2024,2,Birmingham,Other Theft,2,9074625,2,42.34,5.5,0.0002
Metropolitan,2024,2,Birmingham,Possession Of Weapons,1,9074625,1,4.2,1.0,0.0001
Metropolitan,2024,2,Birmingham,Robbery,1,9074625,1,41.96,8.0,0.0001
Metropolitan,2024,2,Birmingham,Violence And Sexual Offences,7,9074625,6,19.22,3.0,0.0008
Metropolitan,2024,2,Brent,Bicycle Theft,95,9074625,59,27.73,2.75,0.0105
Metropolitan,2024,2,Brent,Burglary,452,9074625,142,26.5,2.66,0.0498
Metropolitan,2024,2,Brent,Criminal Damage And Arson,518,9074625,159,24.48,2.53,0.0571
Metropolitan,2024,2,Brent,Drugs,415,9074625,125,26.6,2.79,0.0457
Metropolitan,2024,2,Brent,Other Crime,76,9074625,57,24.06,2.34,0.0084
Metropolitan,2024,2,Brent,Other Theft,913,9074625,166,28.44,2.92,0.1006
Metropolitan,2024,2,Brent,Possession Of Weapons,42,9074625,32,22.23,2.36,0.0046
Metropolitan,2024,2,Brent,Public Order,605,9074625,146,25.5,2.62,0.0667
Metropolitan,2024,2,Brent,Robbery,294,9074625,111,26.49,2.73,0.0324
Metropolitan,2024,2,Brent,Shoplifting,706,9074625,73,26.4,2.71,0.0778
Metropolitan,2024,2,Brent,Theft From The Person,476,9074625,111,31.69,3.11,0.0525
Metropolitan,2024,2,Brent,Vehicle Crime,1025,9074625,178,26.79,2.76,0.113
Metropolitan,2024,2,Brent,Violence And Sexual Offences,2605,9074625,180,26.32,2.72,0.2871
Metropolitan,2024,2,Brighton and Hove,Other Crime,1,9074625,1,6.31,1.0,0.0001
Metropolitan,2024,2,Brighton and Hove,Other Theft,2,9074625,2,11.21,2.5,0.0002
Metropolitan,2024,2,Brighton and Hove,Violence And Sexual Offences,1,9074625,1,29.63,3.0,0.0001
Metropolitan,2024,2,Bromley,Bicycle Theft,36,9074625,22,57.3,5.61,0.004
Metropolitan,2024,2,Bromley,Burglary,294,9074625,125,62.23,6.2,0.0324
Metropolitan,2024,2,Bromley,Criminal Damage And Arson,473,9074625,157,55.85,5.57,0.0521
Metropolitan,2024,2,Bromley,Drugs,184,9074625,94,52.44,5.34,0.0203
Metropolitan,2024,2,Bromley,Other Crime,85,9074625,66,58.01,5.85,0.0094
Metropolitan,2024,2,Bromley,Other Theft,507,9074625,150,57.22,5.83,0.0559
Metropolitan,2024,2,Bromley,Possession Of Weapons,21,9074625,17,52.99,5.43,0.0023
Metropolitan,2024,2,Bromley,Public Order,404,9074625,141,55.82,5.56,0.0445
Metropolitan,2024,2,Bromley,Robbery,149,9074625,74,56.19,5.68,0.0164
Metropolitan,2024,2,Bromley,Shoplifting,781,9074625,67,57.13,5.83,0.0861
Metropolitan,2024,2,Bromley,Theft From The Person,132,9074625,51,55.38,5.69,0.0145
Metropolitan,2024,2,Bromley,Vehicle Crime,965,9074625,198,65.84,6.52,0.1063
Metropolitan,2024,2,Bromley,Violence And Sexual Offences,1762,9074625,192,55.1,5.53,0.1942
Metropolitan,2024,2,Camden,Bicycle Theft,206,9074625,80,39.49,4.89,0.0227
Metropolitan,2024,2,Camden,Burglary,522,9074625,113,39.99,4.71,0.0575
Metropolitan,2024,2,Camden,Criminal Damage And Arson,477,9074625,112,38.03,4.55,0.0526
Metropolitan,2024,2,Camden,Drugs,368,9074625,84,31.25,4.07,0.0406
Metropolitan,2024,2,Camden,Other Crime,70,9074625,48,34.24,3.93,0.0077
Metropolitan,2024,2,Camden,Other Theft,1641,9074625,120,38.39,5.2,0.1808
Metropolitan,2024,2,Camden,Possession Of Weapons,32,9074625,24,37.02,4.97,0.0035
Metropolitan,2024,2,Camden,Public Order,504,9074625,111,37.43,4.63,0.0555
Metropolitan,2024,2,Camden,Robbery,431,9074625,103,35.72,4.62,0.0475
Metropolitan,2024,2,Camden,Shoplifting,833,9074625,61,38.02,4.5,0.0918
Metropolitan,2024,2,Camden,Theft From The Person,2400,9074625,116,37.26,5.13,0.2645
Metropolitan,2024,2,Camden,Vehicle Crime,717,9074625,126,46.41,5.31,0.079
Metropolitan,2024,2,Camden,Violence And Sexual Offences,1813,9074625,127,33.94,4.22,0.1998
Metropolitan,2024,2,City of London,Bicycle Theft,11,9074625,5,74.62,9.36,0.0012
Metropolitan,2024,2,City of London,Burglary,9,9074625,3,72.83,9.44,0.001
Metropolitan,2024,2,City of London,Criminal Damage And Arson,4,9074625,2,75.5,10.0,0.0004
Metropolitan,2024,2,City of London,Drugs,2,9074625,2,59.44,7.5,0.0002
Metropolitan,2024,2,City of London,Other Crime,3,9074625,1,75.03,10.0,0.0003
Metropolitan,2024,2,City of London,Other Theft,85,9074625,5,73.72,9.59,0.0094
Metropolitan,2024,2,City of London,Public Order,9,9074625,4,74.13,9.44,0.001
Metropolitan,2024,2,City of London,Robbery,13,9074625,5,71.38,8.69,0.0014
Metropolitan,2024,2,City of London,Shoplifting,48,9074625,4,75.59,9.79,0.0053
Metropolitan,2024,2,City of London,Theft From The Person,82,9074625,6,75.08,9.61,0.009
Metropolitan,2024,2,City of London,Vehicle Crime,10,9074625,2,75.59,10.0,0.0011
Metropolitan,2024,2,City of London,Violence And Sexual Offences,27,9074625,5,72.89,9.11,0.003
Metropolitan,2024,2,Coventry,Violence And Sexual Offences,1,9074625,1,27.89,3.0,0.0001
Metropolitan,2024,2,Crawley,Other Crime,1,9074625,1,37.44,4.0,0.0001
Metropolitan,2024,2,Crawley,Other Theft,6,9074625,2,26.21,3.83,0.0007
Metropolitan,2024,2,Crawley,Public Order,2,9074625,1,26.01,4.0,0.0002
Metropolitan,2024,2,Crawley,Theft From The Person,2,9074625,1,26.01,4.0,0.0002
Metropolitan,2024,2,Crawley,Violence And Sexual Offences,3,9074625,3,31.45,4.0,0.0003
Metropolitan,2024,2,Croydon,Bicycle Theft,50,9074625,38,29.95,3.06,0.0055
Metropolitan,2024,2,Croydon,Burglary,434,9074625,167,38.31,3.76,0.0478
Metropolitan,2024,2,Croydon,Criminal Damage And Arson,630,9074625,186,32.13,3.22,0.0694
Metropolitan,2024,2,Croydon,Drugs,315,9074625,138,32.6,3.39,0.0347
Metropolitan,2024,2,Croydon,Other Crime,126,9074625,91,38.85,3.85,0.0139
Metropolitan,2024,2,Croydon,Other Theft,698,9074625,188,33.81,3.42,0.0769
Metropolitan,2024,2,Croydon,Possession Of Weapons,47,9074625,38,32.21,3.32,0.0052
Metropolitan,2024,2,Croydon,Public Order,595,9074625,172,33.27,3.39,0.0656
Metropolitan,2024,2,Croydon,Robbery,343,9074625,119,30.44,3.1,0.0378
Metropolitan,2024,2,Croydon,Shoplifting,1064,9074625,79,32.62,3.49,0.1173
Metropolitan,2024,2,Croydon,Theft From The Person,198,9074625,88,28.24,2.93,0.0218
Metropolitan,2024,2,Croydon,Vehicle Crime,950,9074625,212,39.19,3.88,0.1047
Metropolitan,2024,2,Croydon,Violence And Sexual Offences,2925,9074625,227,32.6,3.26,0.3223
Metropolitan,2024,2,Dudley,Violence And Sexual Offences,1,9074625,1,11.1,1.0,0.0001
Metropolitan,2024,2,Ealing,Bicycle Theft,121,9074625,55,32.2,3.3,0.0133
Metropolitan,2024,2,Ealing,Burglary,393,9074625,153,31.01,3.05,0.0433
Metropolitan,2024,2,Ealing,Criminal Damage And Arson,464,9074625,159,29.79,3.0,0.0511
Metropolitan,2024,2,Ealing,Drugs,290,9074625,117,26.28,2.68,0.032
Metropolitan,2024,2,Ealing,Other Crime,107,9074625,72,32.09,3.0,0.0118
Metropolitan,2024,2,Ealing,Other Theft,802,9074625,179,31.82,3.23,0.0884
Metropolitan,2024,2,Ealing,Possession Of Weapons,45,9074625,37,26.64,2.71,0.005
Metropolitan,2024,2,Ealing,Public Order,509,9074625,159,28.41,2.88,0.0561
Metropolitan,2024,2,Ealing,Robbery,255,9074625,108,27.94,2.83,0.0281
Metropolitan,2024,2,Ealing,Shoplifting,584,9074625,70,31.8,3.23,0.0644
Metropolitan,2024,2,Ealing,Theft From The Person,311,9074625,92,25.83,2.92,0.0343
Metropolitan,2024,2,Ealing,Vehicle Crime,1117,9074625,192,37.02,3.7,0.1231
Metropolitan,2024,2,Ealing,Violence And Sexual Offences,2630,9074625,198,29.03,2.91,0.2898
Metropolitan,2024,2,Eastbourne,Violence And Sexual Offences,1,9074625,1,26.03,4.0,0.0001
Metropolitan,2024,2,Enfield,Bicycle Theft,39,9074625,30,21.78,2.15,0.0043
Metropolitan,2024,2,Enfield,Burglary,426,9074625,153,30.08,2.79,0.0469
Metropolitan,2024,2,Enfield,Criminal Damage And Arson,504,9074625,146,24.19,2.28,0.0555
Metropolitan,2024,2,Enfield,Drugs,281,9074625,120,21.59,2.06,0.031
Metropolitan,2024,2,Enfield,Other Crime,97,9074625,68,24.95,2.33,0.0107
Metropolitan,2024,2,Enfield,Other Theft,693,9074625,161,26.72,2.49,0.0764
Metropolitan,2024,2,Enfield,Possession Of Weapons,62,9074625,45,19.01,1.77,0.0068
Metropolitan,2024,2,Enfield,Public Order,415,9074625,134,23.53,2.24,0.0457
Metropolitan,2024,2,Enfield,Robbery,237,9074625,98,25.36,2.4,0.0261
Metropolitan,2024,2,Enfield,Shoplifting,561,9074625,59,22.57,2.02,0.0618
Metropolitan,2024,2,Enfield,Theft From The Person,258,9074625,96,23.14,2.29,0.0284
Metropolitan,2024,2,Enfield,Vehicle Crime,1214,9074625,180,31.41,2.91,0.1338
Metropolitan,2024,2,Enfield,Violence And Sexual Offences,2407,9074625,183,24.07,2.29,0.2652
Metropolitan,2024,2,Greenwich,Bicycle Theft,100,9074625,40,44.67,4.65,0.011
Metropolitan,2024,2,Greenwich,Burglary,307,9074625,109,40.0,4.21,0.0338
Metropolitan,2024,2,Greenwich,Criminal Damage And Arson,480,9074625,135,34.76,3.7,0.0529
Metropolitan,2024,2,Greenwich,Drugs,315,9074625,113,36.66,3.88,0.0347
Metropolitan,2024,2,Greenwich,Other Crime,103,9074625,63,35.21,3.83,0.0114
Metropolitan,2024,2,Greenwich,Other Theft,710,9074625,148,39.78,4.27,0.0782
Metropolitan,2024,2,Greenwich,Possession Of Weapons,31,9074625,29,38.11,4.19,0.0034
Metropolitan,2024,2,Greenwich,Public Order,502,9074625,138,36.74,3.9,0.0553
Metropolitan,2024,2,Greenwich,Robbery,226,9074625,84,40.53,4.22,0.0249
Metropolitan,2024,2,Greenwich,Shoplifting,649,9074625,65,41.02,4.43,0.0715
Metropolitan,2024,2,Greenwich,Theft From The Person,237,9074625,86,41.54,4.57,0.0261
Metropolitan,2024,2,Greenwich,Vehicle Crime,737,9074625,158,37.97,4.01,0.0812
Metropolitan,2024,2,Greenwich,Violence And Sexual Offences,2289,9074625,161,35.81,3.81,0.2522
Metropolitan,2024,2,Hackney,Bicycle Theft,339,9074625,100,29.85,3.32,0.0374
Metropolitan,2024,2,Hackney,Burglary,503,9074625,128,29.31,3.26,0.0554
Metropolitan,2024,2,Hackney,Criminal Damage And Arson,441,9074625,133,27.05,3.02,0.0486
Metropolitan,2024,2,Hackney,Drugs,298,9074625,101,29.31,3.4,0.0328
Metropolitan,2024,2,Hackney,Other Crime,72,9074625,55,25.2,2.86,0.0079
Metropolitan,2024,2,Hackney,Other Theft,944,9074625,139,31.29,3.73,0.104
Metropolitan,2024,2,Hackney,Possession Of Weapons,42,9074625,34,26.0,2.98,0.0046
Metropolitan,2024,2,Hackney,Public Order,513,9074625,129,25.67,2.96,0.0565
Metropolitan,2024,2,Hackney,Robbery,529,9074625,118,30.86,3.6,0.0583
Metropolitan,2024,2,Hackney,Shoplifting,377,9074625,55,29.6,3.46,0.0415
Metropolitan,2024,2,Hackney,Theft From The Person,1287,9074625,137,33.68,4.09,0.1418
Metropolitan,2024,2,Hackney,Vehicle Crime,660,9074625,134,26.87,3.1,0.0727
Metropolitan,2024,2,Hackney,Violence And Sexual Offences,2117,9074625,147,25.68,2.92,0.2333
Metropolitan,2024,2,Hammersmith and Fulham,Bicycle Theft,187,9074625,78,39.49,4.6,0.0206
Metropolitan,2024,2,Hammersmith and Fulham,Burglary,301,9074625,100,42.89,4.85,0.0332
Metropolitan,2024,2,Hammersmith and Fulham,Criminal Damage And Arson,324,9074625,94,40.17,4.5,0.0357
Metropolitan,2024,2,Hammersmith and Fulham,Drugs,197,9074625,67,37.39,4.26,0.0217
Metropolitan,2024,2,Hammersmith and Fulham,Other Crime,48,9074625,36,39.7,4.31,0.0053
Metropolitan,2024,2,Hammersmith and Fulham,Other Theft,648,9074625,105,40.62,4.65,0.0714
Metropolitan,2024,2,Hammersmith and Fulham,Possession Of Weapons,36,9074625,20,39.37,4.5,0.004
Metropolitan,2024,2,Hammersmith and Fulham,Public Order,358,9074625,88,39.03,4.44,0.0395
Metropolitan,2024,2,Hammersmith and Fulham,Robbery,135,9074625,59,34.55,4.06,0.0149
Metropolitan,2024,2,Hammersmith and Fulham,Shoplifting,575,9074625,41,37.01,4.43,0.0634
Metropolitan,2024,2,Hammersmith and Fulham,Theft From The Person,285,9074625,76,35.12,4.15,0.0314
Metropolitan,2024,2,Hammersmith and Fulham,Vehicle Crime,490,9074625,104,46.32,5.21,0.054
Metropolitan,2024,2,Hammersmith and Fulham,Violence And Sexual Offences,1394,9074625,113,38.99,4.46,0.1536
Metropolitan,2024,2,Haringey,Bicycle Theft,90,9074625,49,22.51,2.61,0.0099
Metropolitan,2024,2,Haringey,Burglary,416,9074625,129,32.23,3.62,0.0458
Metropolitan,2024,2,Haringey,Criminal Damage And Arson,412,9074625,128,25.11,2.87,0.0454
Metropolitan,2024,2,Haringey,Drugs,297,9074625,97,19.87,2.35,0.0327
Metropolitan,2024,2,Haringey,Other Crime,71,9074625,52,18.01,2.18,0.0078
Metropolitan,2024,2,Haringey,Other Theft,716,9074625,137,25.61,2.94,0.0789
Metropolitan,2024,2,Haringey,Possession Of Weapons,28,9074625,23,18.12,2.18,0.0031
Metropolitan,2024,2,Haringey,Public Order,430,9074625,117,20.57,2.45,0.0474
Metropolitan,2024,2,Haringey,Robbery,331,9074625,104,23.66,2.78,0.0365
Metropolitan,2024,2,Haringey,Shoplifting,381,9074625,54,23.9,2.77,0.042
Metropolitan,2024,2,Haringey,Theft From The Person,636,9074625,114,21.24,2.57,0.0701
Metropolitan,2024,2,Haringey,Vehicle Crime,1042,9074625,147,32.2,3.59,0.1148
Metropolitan,2024,2,Haringey,Violence And Sexual Offences,1984,9074625,146,21.71,2.55,0.2186
Metropolitan,2024,2,Harrow,Bicycle Theft,27,9074625,19,45.86,3.81,0.003
Metropolitan,2024,2,Harrow,Burglary,211,9074625,92,47.53,3.97,0.0233
Metropolitan,2024,2,Harrow,Criminal Damage And Arson,237,9074625,93,46.15,3.97,0.0261
Metropolitan,2024,2,Harrow,Drugs,137,9074625,72,43.16,3.58,0.0151
Metropolitan,2024,2,Harrow,Other Crime,53,9074625,43,50.52,4.21,0.0058
Metropolitan,2024,2,Harrow,Other Theft,392,9074625,115,43.24,3.71,0.0432
Metropolitan,2024,2,Harrow,Possession Of Weapons,17,9074625,14,41.07,3.47,0.0019
Metropolitan,2024,2,Harrow,Public Order,258,9074625,99,45.73,4.0,0.0284
Metropolitan,2024,2,Harrow,Robbery,106,9074625,51,46.02,4.03,0.0117
Metropolitan,2024,2,Harrow,Shoplifting,430,9074625,41,41.33,3.69,0.0474
Metropolitan,2024,2,Harrow,Theft From The Person,191,9074625,56,44.35,4.22,0.021
Metropolitan,2024,2,Harrow,Vehicle Crime,505,9074625,133,49.15,4.1,0.0556
Metropolitan,2024,2,Harrow,Violence And Sexual Offences,1174,9074625,141,45.93,3.86,0.1294
Metropolitan,2024,2,Havering,Bicycle Theft,18,9074625,12,40.83,4.06,0.002
Metropolitan,2024,2,Havering,Burglary,301,9074625,105,47.22,4.73,0.0332
Metropolitan,2024,2,Havering,Criminal Damage And Arson,352,9074625,115,45.68,4.5,0.0388
Metropolitan,2024,2,Havering,Drugs,210,9074625,78,37.9,3.8,0.0231
Metropolitan,2024,2,Havering,Other Crime,68,9074625,52,49.18,4.72,0.0075
Metropolitan,2024,2,Havering,Other Theft,444,9074625,111,43.8,4.42,0.0489
Metropolitan,2024,2,Havering,Possession Of Weapons,25,9074625,21,38.53,3.76,0.0028
Metropolitan,2024,2,Havering,Public Order,372,9074625,110,42.21,4.22,0.041
Metropolitan,2024,2,Havering,Robbery,129,9074625,59,44.58,4.54,0.0142
Metropolitan,2024,2,Havering,Shoplifting,695,9074625,49,46.98,4.81,0.0766
Metropolitan,2024,2,Havering,Theft From The Person,126,9074625,45,38.6,3.89,0.0139
Metropolitan,2024,2,Havering,Vehicle Crime,681,9074625,147,55.65,5.56,0.075
Metropolitan,2024,2,Havering,Violence And Sexual Offences,1630,9074625,151,43.6,4.31,0.1796
Metropolitan,2024,2,Hillingdon,Bicycle Theft,60,9074625,42,37.47,3.63,0.0066
Metropolitan,2024,2,Hillingdon,Burglary,312,9074625,117,37.3,3.62,0.0344
Metropolitan,2024,2,Hillingdon,Criminal Damage And Arson,523,9074625,146,38.21,3.82,0.0576
Metropolitan,2024,2,Hillingdon,Drugs,185,9074625,85,34.6,3.45,0.0204
Metropolitan,2024,2,Hillingdon,Other Crime,410,9074625,57,23.53,3.21,0.0452
Metropolitan,2024,2,Hillingdon,Other Theft,864,9074625,131,31.97,3.52,0.0952
Metropolitan,2024,2,Hillingdon,Possession Of Weapons,29,9074625,18,28.94,3.24,0.0032
Metropolitan,2024,2,Hillingdon,Public Order,511,9074625,130,37.07,3.73,0.0563
Metropolitan,2024,2,Hillingdon,Robbery,158,9074625,75,36.27,3.51,0.0174
Metropolitan,2024,2,Hillingdon,Shoplifting,774,9074625,71,33.61,3.33,0.0853
Metropolitan,2024,2,Hillingdon,Theft From The Person,160,9074625,74,35.16,3.57,0.0176
Metropolitan,2024,2,Hillingdon,Vehicle Crime,928,9074625,159,38.52,3.84,0.1023
Metropolitan,2024,2,Hillingdon,Violence And Sexual Offences,2227,9074625,167,37.85,3.77,0.2454
Metropolitan,2024,2,Horsham,Criminal Damage And Arson,1,9074625,1,75.48,7.0,0.0001
Metropolitan,2024,2,Hounslow,Bicycle Theft,125,9074625,64,35.94,3.83,0.0138
Metropolitan,2024,2,Hounslow,Burglary,319,9074625,119,37.87,3.98,0.0352
Metropolitan,2024,2,Hounslow,Criminal Damage And Arson,466,9074625,141,33.96,3.57,0.0514
Metropolitan,2024,2,Hounslow,Drugs,228,9074625,91,30.73,3.22,0.0251
Metropolitan,2024,2,Hounslow,Other Crime,101,9074625,65,32.34,3.39,0.0111
Metropolitan,2024,2,Hounslow,Other Theft,635,9074625,134,34.74,3.73,0.07
Metropolitan,2024,2,Hounslow,Possession Of Weapons,29,9074625,25,29.26,3.03,0.0032
Metropolitan,2024,2,Hounslow,Public Order,457,9074625,126,32.25,3.41,0.0504
Metropolitan,2024,2,Hounslow,Robbery,166,9074625,82,36.47,3.79,0.0183
Metropolitan,2024,2,Hounslow,Shoplifting,645,9074625,66,35.67,3.99,0.0711
Metropolitan,2024,2,Hounslow,Theft From The Person,199,9074625,72,31.33,3.26,0.0219
Metropolitan,2024,2,Hounslow,Vehicle Crime,756,9074625,142,40.55,4.42,0.0833
Metropolitan,2024,2,Hounslow,Violence And Sexual Offences,2131,9074625,149,32.55,3.42,0.2348
Metropolitan,2024,2,Islington,Bicycle Theft,183,9074625,74,37.1,4.1,0.0202
Metropolitan,2024,2,Islington,Burglary,427,9074625,113,34.49,3.72,0.0471
Metropolitan,2024,2,Islington,Criminal Damage And Arson,455,9074625,113,32.72,3.58,0.0501
Metropolitan,2024,2,Islington,Drugs,208,9074625,83,31.71,3.33,0.0229
Metropolitan,2024,2,Islington,Other Crime,61,9074625,39,30.09,3.31,0.0067
Metropolitan,2024,2,Islington,Other Theft,1073,9074625,121,36.05,3.95,0.1182
Metropolitan,2024,2,Islington,Possession Of Weapons,34,9074625,27,28.1,2.88,0.0037
Metropolitan,2024,2,Islington,Public Order,449,9074625,108,32.38,3.73,0.0495
Metropolitan,2024,2,Islington,Robbery,326,9074625,92,32.87,3.6,0.0359
Metropolitan,2024,2,Islington,Shoplifting,680,9074625,62,35.38,3.9,0.0749
Metropolitan,2024,2,Islington,Theft From The Person,1258,9074625,120,36.1,3.86,0.1386
Metropolitan,2024,2,Islington,Vehicle Crime,632,9074625,120,31.87,3.54,0.0696
Metropolitan,2024,2,Islington,Violence And Sexual Offences,1909,9074625,126,31.43,3.57,0.2104
Metropolitan,2024,2,Kensington and Chelsea,Bicycle Theft,104,9074625,57,49.55,6.36,0.0115
Metropolitan,2024,2,Kensington and Chelsea,Burglary,376,9074625,94,52.04,6.88,0.0414
Metropolitan,2024,2,Kensington and Chelsea,Criminal Damage And Arson,306,9074625,87,44.33,5.83,0.0337
Metropolitan,2024,2,Kensington and Chelsea,Drugs,143,9074625,67,41.53,5.46,0.0158
Metropolitan,2024,2,Kensington and Chelsea,Other Crime,35,9074625,25,43.2,5.54,0.0039
Metropolitan,2024,2,Kensington and Chelsea,Other Theft,870,9074625,93,54.63,7.31,0.0959
Metropolitan,2024,2,Kensington and Chelsea,Possession Of Weapons,20,9074625,17,42.5,5.6,0.0022
Metropolitan,2024,2,Kensington and Chelsea,Public Order,278,9074625,89,47.08,6.21,0.0306
Metropolitan,2024,2,Kensington and Chelsea,Robbery,118,9074625,58,51.26,6.83,0.013
Metropolitan,2024,2,Kensington and Chelsea,Shoplifting,546,9074625,54,55.75,7.49,0.0602
Metropolitan,2024,2,Kensington and Chelsea,Theft From The Person,651,9074625,82,59.29,8.02,0.0717
Metropolitan,2024,2,Kensington and Chelsea,Vehicle Crime,636,9074625,98,56.74,7.51,0.0701
Metropolitan,2024,2,Kensington and Chelsea,Violence And Sexual Offences,1190,9074625,100,44.56,5.9,0.1311
Metropolitan,2024,2,Kingston upon Thames,Bicycle Theft,69,9074625,27,64.19,5.91,0.0076
Metropolitan,2024,2,Kingston upon Thames,Burglary,129,9074625,65,69.27,6.29,0.0142
Metropolitan,2024,2,Kingston upon Thames,Criminal Damage And Arson,223,9074625,71,65.04,5.8,0.0246
Metropolitan,2024,2,Kingston upon Thames,Drugs,108,9074625,41,60.01,5.44,0.0119
Metropolitan,2024,2,Kingston upon Thames,Other Crime,20,9074625,19,72.49,6.65,0.0022
Metropolitan,2024,2,Kingston upon Thames,Other Theft,308,9074625,76,64.32,5.88,0.0339
Metropolitan,2024,2,Kingston upon Thames,Possession Of Weapons,11,9074625,8,66.85,6.27,0.0012
Metropolitan,2024,2,Kingston upon Thames,Public Order,205,9074625,63,62.45,5.65,0.0226
Metropolitan,2024,2,Kingston upon Thames,Robbery,53,9074625,22,60.69,5.53,0.0058
Metropolitan,2024,2,Kingston upon Thames,Shoplifting,385,9074625,37,62.36,5.7,0.0424
Metropolitan,2024,2,Kingston upon Thames,Theft From The Person,148,9074625,25,61.98,5.72,0.0163
Metropolitan,2024,2,Kingston upon Thames,Vehicle Crime,235,9074625,81,70.95,6.42,0.0259
Metropolitan,2024,2,Kingston upon Thames,Violence And Sexual Offences,840,9074625,95,64.33,5.79,0.0926
Metropolitan,2024,2,Lambeth,Bicycle Theft,219,9074625,91,41.48,4.97,0.0241
Metropolitan,2024,2,Lambeth,Burglary,550,9074625,153,40.93,4.63,0.0606
Metropolitan,2024,2,Lambeth,Criminal Damage And Arson,559,9074625,159,40.07,4.67,0.0616
Metropolitan,2024,2,Lambeth,Drugs,322,9074625,111,37.08,4.45,0.0355
Metropolitan,2024,2,Lambeth,Other Crime,79,9074625,52,38.52,4.57,0.0087
Metropolitan,2024,2,Lambeth,Other Theft,1195,9074625,169,41.72,5.07,0.1317
Metropolitan,2024,2,Lambeth,Possession Of Weapons,44,9074625,35,31.71,3.82,0.0048
Metropolitan,2024,2,Lambeth,Public Order,598,9074625,152,38.2,4.56,0.0659
Metropolitan,2024,2,Lambeth,Robbery,579,9074625,133,38.81,4.61,0.0638
Metropolitan,2024,2,Lambeth,Shoplifting,751,9074625,75,35.65,4.27,0.0828
Metropolitan,2024,2,Lambeth,Theft From The Person,1232,9074625,119,42.25,5.39,0.1358
Metropolitan,2024,2,Lambeth,Vehicle Crime,1002,9074625,172,42.77,4.84,0.1104
Metropolitan,2024,2,Lambeth,Violence And Sexual Offences,2585,9074625,181,37.61,4.43,0.2849
Metropolitan,2024,2,Lewisham,Bicycle Theft,153,9074625,70,32.2,3.57,0.0169
Metropolitan,2024,2,Lewisham,Burglary,432,9074625,149,33.62,3.71,0.0476
Metropolitan,2024,2,Lewisham,Criminal Damage And Arson,491,9074625,157,33.2,3.65,0.0541
Metropolitan,2024,2,Lewisham,Drugs,278,9074625,111,31.67,3.59,0.0306
Metropolitan,2024,2,Lewisham,Other Crime,81,9074625,68,34.24,3.79,0.0089
Metropolitan,2024,2,Lewisham,Other Theft,693,9074625,158,33.35,3.74,0.0764
Metropolitan,2024,2,Lewisham,Possession Of Weapons,43,9074625,35,30.43,3.47,0.0047
Metropolitan,2024,2,Lewisham,Public Order,492,9074625,148,32.21,3.55,0.0542
Metropolitan,2024,2,Lewisham,Robbery,239,9074625,101,30.96,3.64,0.0263
Metropolitan,2024,2,Lewisham,Shoplifting,773,9074625,70,34.87,3.93,0.0852
Metropolitan,2024,2,Lewisham,Theft From The Person,425,9074625,107,34.9,4.15,0.0468
Metropolitan,2024,2,Lewisham,Vehicle Crime,885,9074625,169,34.36,3.71,0.0975
Metropolitan,2024,2,Lewisham,Violence And Sexual Offences,2484,9074625,174,30.53,3.37,0.2737
Metropolitan,2024,2,Merton,Bicycle Theft,55,9074625,36,63.17,5.93,0.0061
Metropolitan,2024,2,Merton,Burglary,211,9074625,91,57.91,5.17,0.0233
Metropolitan,2024,2,Merton,Criminal Damage And Arson,294,9074625,101,57.66,5.3,0.0324
Metropolitan,2024,2,Merton,Drugs,98,9074625,61,51.79,4.45,0.0108
Metropolitan,2024,2,Merton,Other Crime,50,9074625,41,54.89,4.86,0.0055
Metropolitan,2024,2,Merton,Other Theft,357,9074625,102,60.27,5.52,0.0393
Metropolitan,2024,2,Merton,Possession Of Weapons,20,9074625,17,50.37,4.3,0.0022
Metropolitan,2024,2,Merton,Public Order,207,9074625,76,55.45,4.95,0.0228
Metropolitan,2024,2,Merton,Robbery,108,9074625,55,59.2,5.45,0.0119
Metropolitan,2024,2,Merton,Shoplifting,382,9074625,46,64.47,5.82,0.0421
Metropolitan,2024,2,Merton,Theft From The Person,87,9074625,50,63.6,5.93,0.0096
Metropolitan,2024,2,Merton,Vehicle Crime,403,9074625,112,61.51,5.52,0.0444
Metropolitan,2024,2,Merton,Violence And Sexual Offences,1076,9074625,121,54.77,4.9,0.1186
Metropolitan,2024,2,Mid Sussex,Public Order,1,9074625,1,44.39,4.0,0.0001
Metropolitan,2024,2,Mid Sussex,Violence And Sexual Offences,1,9074625,1,62.25,7.0,0.0001
Metropolitan,2024,2,Newham,Bicycle Theft,132,9074625,67,27.21,2.95,0.0145
Metropolitan,2024,2,Newham,Burglary,460,9074625,138,25.66,2.59,0.0507
Metropolitan,2024,2,Newham,Criminal Damage And Arson,520,9074625,154,23.77,2.4,0.0573
Metropolitan,2024,2,Newham,Drugs,427,9074625,127,23.45,2.37,0.0471
Metropolitan,2024,2,Newham,Other Crime,110,9074625,77,23.49,2.21,0.0121
Metropolitan,2024,2,Newham,Other Theft,1231,9074625,173,25.18,2.73,0.1357
Metropolitan,2024,2,Newham,Possession Of Weapons,45,9074625,37,27.96,2.73,0.005
Metropolitan,2024,2,Newham,Public Order,482,9074625,150,24.24,2.46,0.0531
Metropolitan,2024,2,Newham,Robbery,395,9074625,123,24.56,2.6,0.0435
Metropolitan,2024,2,Newham,Shoplifting,950,9074625,66,26.71,3.17,0.1047
Metropolitan,2024,2,Newham,Theft From The Person,1261,9074625,147,26.91,3.12,0.139
Metropolitan,2024,2,Newham,Vehicle Crime,1131,9074625,173,24.16,2.4,0.1246
Metropolitan,2024,2,Newham,Violence And Sexual Offences,2654,9074625,180,23.62,2.4,0.2925
Metropolitan,2024,2,Redbridge,Bicycle Theft,68,9074625,37,34.63,3.31,0.0075
Metropolitan,2024,2,Redbridge,Burglary,340,9074625,121,47.2,4.32,0.0375
Metropolitan,2024,2,Redbridge,Criminal Damage And Arson,361,9074625,132,41.95,3.77,0.0398
Metropolitan,2024,2,Redbridge,Drugs,182,9074625,94,39.88,3.58,0.0201
Metropolitan,2024,2,Redbridge,Other Crime,72,9074625,57,45.45,3.96,0.0079
Metropolitan,2024,2,Redbridge,Other Theft,656,9074625,139,40.85,3.75,0.0723
Metropolitan,2024,2,Redbridge,Possession Of Weapons,35,9074625,26,35.38,3.06,0.0039
Metropolitan,2024,2,Redbridge,Public Order,368,9074625,116,40.42,3.57,0.0406
Metropolitan,2024,2,Redbridge,Robbery,162,9074625,71,37.64,3.42,0.0179
Metropolitan,2024,2,Redbridge,Shoplifting,463,9074625,49,42.15,3.75,0.051
Metropolitan,2024,2,Redbridge,Theft From The Person,303,9074625,75,29.53,2.87,0.0334
Metropolitan,2024,2,Redbridge,Vehicle Crime,774,9074625,160,48.21,4.31,0.0853
Metropolitan,2024,2,Redbridge,Violence And Sexual Offences,2105,9074625,162,40.35,3.6,0.232
Metropolitan,2024,2,Richmond upon Thames,Bicycle Theft,148,9074625,60,75.64,7.89,0.0163
Metropolitan,2024,2,Richmond upon Thames,Burglary,229,9074625,83,76.15,7.74,0.0252
Metropolitan,2024,2,Richmond upon Thames,Criminal Damage And Arson,227,9074625,91,73.7,7.55,0.025
Metropolitan,2024,2,Richmond upon Thames,Drugs,128,9074625,57,71.26,7.33,0.0141
Metropolitan,2024,2,Richmond upon Thames,Other Crime,31,9074625,26,65.82,6.26,0.0034
Metropolitan,2024,2,Richmond upon Thames,Other Theft,294,9074625,93,74.85,7.86,0.0324
Metropolitan,2024,2,Richmond upon Thames,Possession Of Weapons,12,9074625,11,78.9,8.0,0.0013
Metropolitan,2024,2,Richmond upon Thames,Public Order,206,9074625,80,70.55,7.04,0.0227
Metropolitan,2024,2,Richmond upon Thames,Robbery,85,9074625,39,72.6,7.65,0.0094
Metropolitan,2024,2,Richmond upon Thames,Shoplifting,338,9074625,39,67.56,7.15,0.0372
Metropolitan,2024,2,Richmond upon Thames,Theft From The Person,63,9074625,37,75.98,7.98,0.0069
Metropolitan,2024,2,Richmond upon Thames,Vehicle Crime,433,9074625,103,74.26,7.65,0.0477
Metropolitan,2024,2,Richmond upon Thames,Violence And Sexual Offences,833,9074625,112,70.94,7.13,0.0918
Metropolitan,2024,2,Sandwell,Other Crime,1,9074625,1,23.84,2.0,0.0001
Metropolitan,2024,2,Sandwell,Violence And Sexual Offences,2,9074625,2,42.41,4.5,0.0002
Metropolitan,2024,2,Solihull,Criminal Damage And Arson,1,9074625,1,22.39,3.0,0.0001
Metropolitan,2024,2,Solihull,Other Crime,1,9074625,1,21.13,3.0,0.0001
Metropolitan,2024,2,Solihull,Violence And Sexual Offences,1,9074625,1,4.14,1.0,0.0001
Metropolitan,2024,2,Southwark,Bicycle Theft,315,9074625,118,43.02,4.72,0.0347
Metropolitan,2024,2,Southwark,Burglary,580,9074625,154,39.37,4.41,0.0639
Metropolitan,2024,2,Southwark,Criminal Damage And Arson,484,9074625,149,36.5,4.11,0.0533
Metropolitan,2024,2,Southwark,Drugs,270,9074625,112,36.46,4.03,0.0298
Metropolitan,2024,2,Southwark,Other Crime,78,9074625,61,37.63,4.08,0.0086
Metropolitan,2024,2,Southwark,Other Theft,1217,9074625,155,39.96,4.46,0.1341
Metropolitan,2024,2,Southwark,Possession Of Weapons,30,9074625,23,34.31,4.03,0.0033
Metropolitan,2024,2,Southwark,Public Order,478,9074625,136,36.99,4.13,0.0527
Metropolitan,2024,2,Southwark,Robbery,493,9074625,133,38.07,4.29,0.0543
Metropolitan,2024,2,Southwark,Shoplifting,490,9074625,81,42.69,4.83,0.054
Metropolitan,2024,2,Southwark,Theft From The Person,1834,9074625,153,42.03,4.71,0.2021
Metropolitan,2024,2,Southwark,Vehicle Crime,623,9074625,152,40.75,4.64,0.0687
Metropolitan,2024,2,Southwark,Violence And Sexual Offences,2312,9074625,171,35.64,3.93,0.2548
Metropolitan,2024,2,Sutton,Bicycle Theft,45,9074625,27,52.27,5.04,0.005
Metropolitan,2024,2,Sutton,Burglary,197,9074625,87,61.79,5.77,0.0217
Metropolitan,2024,2,Sutton,Criminal Damage And Arson,225,9074625,89,53.62,4.99,0.0248
Metropolitan,2024,2,Sutton,Drugs,93,9074625,57,61.97,5.83,0.0102
Metropolitan,2024,2,Sutton,Other Crime,57,9074625,39,58.35,5.63,0.0063
Metropolitan,2024,2,Sutton,Other Theft,254,9074625,91,56.51,5.27,0.028
Metropolitan,2024,2,Sutton,Possession Of Weapons,20,9074625,13,47.72,4.55,0.0022
Metropolitan,2024,2,Sutton,Public Order,242,9074625,83,51.49,4.88,0.0267
Metropolitan,2024,2,Sutton,Robbery,87,9074625,37,48.43,4.56,0.0096
Metropolitan,2024,2,Sutton,Shoplifting,416,9074625,35,43.11,4.16,0.0458
Metropolitan,2024,2,Sutton,Theft From The Person,55,9074625,32,51.2,4.76,0.0061
Metropolitan,2024,2,Sutton,Vehicle Crime,277,9074625,101,61.64,5.83,0.0305
Metropolitan,2024,2,Sutton,Violence And Sexual Offences,1149,9074625,122,53.39,4.99,0.1266
Metropolitan,2024,2,Tower Hamlets,Bicycle Theft,253,9074625,95,31.44,3.1,0.0279
Metropolitan,2024,2,Tower Hamlets,Burglary,521,9074625,139,30.35,2.91,0.0574
Metropolitan,2024,2,Tower Hamlets,Criminal Damage And Arson,518,9074625,147,29.66,2.75,0.0571
Metropolitan,2024,2,Tower Hamlets,Drugs,435,9074625,132,26.39,2.53,0.0479
Metropolitan,2024,2,Tower Hamlets,Other Crime,96,9074625,68,24.56,2.23,0.0106
Metropolitan,2024,2,Tower Hamlets,Other Theft,957,9074625,147,32.89,3.23,0.1055
Metropolitan,2024,2,Tower Hamlets,Possession Of Weapons,40,9074625,34,22.11,2.1,0.0044
Metropolitan,2024,2,Tower Hamlets,Public Order,612,9074625,149,28.27,2.69,0.0674
Metropolitan,2024,2,Tower Hamlets,Robbery,355,9074625,121,29.02,2.8,0.0391
Metropolitan,2024,2,Tower Hamlets,Shoplifting,622,9074625,81,36.99,3.68,0.0685
Metropolitan,2024,2,Tower Hamlets,Theft From The Person,791,9074625,132,31.53,3.22,0.0872
Metropolitan,2024,2,Tower Hamlets,Vehicle Crime,750,9074625,153,26.09,2.38,0.0826
Metropolitan,2024,2,Tower Hamlets,Violence And Sexual Offences,2563,9074625,162,26.59,2.51,0.2824
Metropolitan,2024,2,Walsall,Drugs,1,9074625,1,2.08,1.0,0.0001
Metropolitan,2024,2,Walsall,Other Theft,1,9074625,1,2.08,1.0,0.0001
Metropolitan,2024,2,Waltham Forest,Bicycle Theft,148,9074625,75,35.56,3.36,0.0163
Metropolitan,2024,2,Waltham Forest,Burglary,381,9074625,116,35.81,3.4,0.042
Metropolitan,2024,2,Waltham Forest,Criminal Damage And Arson,453,9074625,129,35.81,3.39,0.0499
Metropolitan,2024,2,Waltham Forest,Drugs,286,9074625,94,37.52,3.39,0.0315
Metropolitan,2024,2,Waltham Forest,Other Crime,64,9074625,49,38.72,3.81,0.0071
Metropolitan,2024,2,Waltham Forest,Other Theft,678,9074625,127,34.08,3.3,0.0747
Metropolitan,2024,2,Waltham Forest,Possession Of Weapons,39,9074625,35,34.89,3.38,0.0043
Metropolitan,2024,2,Waltham Forest,Public Order,350,9074625,114,35.84,3.46,0.0386
Metropolitan,2024,2,Waltham Forest,Robbery,213,9074625,81,32.64,3.27,0.0235
Metropolitan,2024,2,Waltham Forest,Shoplifting,533,9074625,46,38.9,3.98,0.0587
Metropolitan,2024,2,Waltham Forest,Theft From The Person,500,9074625,103,33.78,3.3,0.0551
Metropolitan,2024,2,Waltham Forest,Vehicle Crime,963,9074625,145,38.58,3.65,0.1061
Metropolitan,2024,2,Waltham Forest,Violence And Sexual Offences,1589,9074625,146,35.28,3.37,0.1751
Metropolitan,2024,2,Wandsworth,Bicycle Theft,243,9074625,104,60.62,6.21,0.0268
Metropolitan,2024,2,Wandsworth,Burglary,379,9074625,145,59.41,6.04,0.0418
Metropolitan,2024,2,Wandsworth,Criminal Damage And Arson,368,9074625,145,55.55,5.54,0.0406
Metropolitan,2024,2,Wandsworth,Drugs,148,9074625,85,54.03,5.35,0.0163
Metropolitan,2024,2,Wandsworth,Other Crime,69,9074625,55,55.77,5.55,0.0076
Metropolitan,2024,2,Wandsworth,Other Theft,771,9074625,167,57.68,5.87,0.085
Metropolitan,2024,2,Wandsworth,Possession Of Weapons,23,9074625,22,54.74,5.39,0.0025
Metropolitan,2024,2,Wandsworth,Public Order,403,9074625,145,54.66,5.39,0.0444
Metropolitan,2024,2,Wandsworth,Robbery,198,9074625,88,57.11,5.95,0.0218
Metropolitan,2024,2,Wandsworth,Shoplifting,571,9074625,73,57.79,5.94,0.0629
Metropolitan,2024,2,Wandsworth,Theft From The Person,247,9074625,102,54.48,5.72,0.0272
Metropolitan,2024,2,Wandsworth,Vehicle Crime,840,9074625,172,64.81,6.63,0.0926
Metropolitan,2024,2,Wandsworth,Violence And Sexual Offences,1872,9074625,183,52.84,5.17,0.2063
Metropolitan,2024,2,Wealden,Violence And Sexual Offences,3,9074625,3,76.43,8.33,0.0003
Metropolitan,2024,2,Westminster,Bicycle Theft,243,9074625,81,47.16,6.06,0.0268
Metropolitan,2024,2,Westminster,Burglary,756,9074625,108,44.65,5.63,0.0833
Metropolitan,2024,2,Westminster,Criminal Damage And Arson,554,9074625,112,44.54,5.62,0.061
Metropolitan,2024,2,Westminster,Drugs,484,9074625,79,41.31,5.52,0.0533
Metropolitan,2024,2,Westminster,Other Crime,76,9074625,43,42.08,5.33,0.0084
Metropolitan,2024,2,Westminster,Other Theft,4248,9074625,120,45.91,6.09,0.4681
Metropolitan,2024,2,Westminster,Possession Of Weapons,60,9074625,30,50.7,6.33,0.0066
Metropolitan,2024,2,Westminster,Public Order,867,9074625,106,43.33,5.6,0.0955
Metropolitan,2024,2,Westminster,Robbery,871,9074625,93,47.19,6.27,0.096
Metropolitan,2024,2,Westminster,Shoplifting,1720,9074625,65,50.2,6.51,0.1895
Metropolitan,2024,2,Westminster,Theft From The Person,6970,9074625,108,47.02,6.28,0.7681
Metropolitan,2024,2,Westminster,Vehicle Crime,1056,9074625,113,49.18,6.28,0.1164
Metropolitan,2024,2,Westminster,Violence And Sexual Offences,2817,9074625,123,42.6,5.49,0.3104
Metropolitan,2024,2,Wolverhampton,Theft From The Person,2,9074625,2,12.86,1.5,0.0002
Metropolitan,2024,2,Wolverhampton,Violence And Sexual Offences,1,9074625,1,15.38,2.0,0.0001
Metropolitan,2024,2,Worthing,Violence And Sexual Offences,2,9074625,2,56.61,5.5,0.0002
Metropolitan,2024,3,Arun,Violence And Sexual Offences,1,9074625,1,48.94,5.0,0.0001
Metropolitan,2024,3,Barking and Dagenham,Bicycle Theft,26,9074625,17,24.18,2.12,0.0029
Metropolitan,2024,3,Barking and Dagenham,Burglary,201,9074625,71,25.29,2.28,0.0221
Metropolitan,2024,3,Barking and Dagenham,Criminal Damage And Arson,351,9074625,100,23.64,2.17,0.0387
Metropolitan,2024,3,Barking and Dagenham,Drugs,259,9074625,84,23.09,2.14,0.0285
Metropolitan,2024,3,Barking and Dagenham,Other Crime,86,9074625,54,23.83,2.22,0.0095
Metropolitan,2024,3,Barking and Dagenham,Other Theft,411,9074625,103,23.42,2.22,0.0453
Metropolitan,2024,3,Barking and Dagenham,Possession Of Weapons,25,9074625,20,23.47,2.12,0.0028
Metropolitan,2024,3,Barking and Dagenham,Public Order,353,9074625,99,25.25,2.33,0.0389
Metropolitan,2024,3,Barking and Dagenham,Robbery,173,9074625,74,23.39,2.22,0.0191
Metropolitan,2024,3,Barking and Dagenham,Shoplifting,512,9074625,35,23.9,2.16,0.0564
Metropolitan,2024,3,Barking and Dagenham,Theft From The Person,146,9074625,56,20.97,2.03,0.0161
Metropolitan,2024,3,Barking and Dagenham,Vehicle Crime,495,9074625,113,25.27,2.3,0.0545
Metropolitan,2024,3,Barking and Dagenham,Violence And Sexual Offences,1822,9074625,115,24.22,2.23,0.2008
Metropolitan,2024,3,Barnet,Bicycle Theft,53,9074625,42,40.96,4.06,0.0058
Metropolitan,2024,3,Barnet,Burglary,519,9074625,188,46.97,4.55,0.0572
Metropolitan,2024,3,Barnet,Criminal Damage And Arson,472,9074625,172,41.85,3.95,0.052
Metropolitan,2024,3,Barnet,Drugs,296,9074625,119,41.66,3.93,0.0326
Metropolitan,2024,3,Barnet,Other Crime,98,9074625,76,40.3,3.64,0.0108
Metropolitan,2024,3,Barnet,Other Theft,705,9074625,190,41.65,4.01,0.0777
Metropolitan,2024,3,Barnet,Possession Of Weapons,19,9074625,17,34.82,3.42,0.0021
Metropolitan,2024,3,Barnet,Public Order,481,9074625,157,39.93,3.79,0.053
Metropolitan,2024,3,Barnet,Robbery,189,9074625,88,40.19,3.9,0.0208
Metropolitan,2024,3,Barnet,Shoplifting,741,9074625,71,41.08,3.79,0.0817
Metropolitan,2024,3,Barnet,Theft From The Person,236,9074625,88,45.14,4.72,0.026
Metropolitan,2024,3,Barnet,Vehicle Crime,1064,9074625,204,46.59,4.47,0.1173
Metropolitan,2024,3,Barnet,Violence And Sexual Offences,2034,9074625,215,40.44,3.77,0.2241
Metropolitan,2024,3,Bexley,Bicycle Theft,27,9074625,20,50.2,5.19,0.003
Metropolitan,2024,3,Bexley,Burglary,135,9074625,75,50.1,5.07,0.0149
Metropolitan,2024,3,Bexley,Criminal Damage And Arson,514,9074625,118,51.31,5.25,0.0566
Metropolitan,2024,3,Bexley,Drugs,183,9074625,84,52.41,5.29,0.0202
Metropolitan,2024,3,Bexley,Other Crime,58,9074625,44,54.53,5.62,0.0064
Metropolitan,2024,3,Bexley,Other Theft,325,9074625,105,49.81,5.06,0.0358
Metropolitan,2024,3,Bexley,Possession Of Weapons,19,9074625,18,57.17,5.68,0.0021
Metropolitan,2024,3,Bexley,Public Order,324,9074625,98,46.49,4.82,0.0357
Metropolitan,2024,3,Bexley,Robbery,67,9074625,36,52.02,5.33,0.0074
Metropolitan,2024,3,Bexley,Shoplifting,502,9074625,42,44.08,4.69,0.0553
Metropolitan,2024,3,Bexley,Theft From The Person,76,9074625,39,48.67,5.09,0.0084
Metropolitan,2024,3,Bexley,Vehicle Crime,619,9074625,138,54.65,5.44,0.0682
Metropolitan,2024,3,Bexley,Violence And Sexual Offences,1345,9074625,143,49.66,5.03,0.1482
Metropolitan,2024,3,Birmingham,Criminal Damage And Arson,2,9074625,2,2.62,1.0,0.0002
Metropolitan,2024,3,Birmingham,Drugs,1,9074625,1,1.51,1.0,0.0001
Metropolitan,2024,3,Birmingham,Other Theft,2,9074625,2,16.01,2.5,0.0002
Metropolitan,2024,3,Birmingham,Public Order,1,9074625,1,2.7,1.0,0.0001
Metropolitan,2024,3,Birmingham,Violence And Sexual Offences,25,9074625,22,22.05,2.96,0.0028
Metropolitan,2024,3,Brent,Bicycle Theft,115,9074625,67,29.02,3.06,0.0127
Metropolitan,2024,3,Brent,Burglary,436,9074625,145,26.42,2.69,0.048
Metropolitan,2024,3,Brent,Criminal Damage And Arson,509,9074625,144,24.59,2.53,0.0561
Metropolitan,2024,3,Brent,Drugs,337,9074625,117,25.72,2.62,0.0371
Metropolitan,2024,3,Brent,Other Crime,86,9074625,68,26.6,2.71,0.0095
Metropolitan,2024,3,Brent,Other Theft,775,9074625,157,26.34,2.72,0.0854
Metropolitan,2024,3,Brent,Possession Of Weapons,49,9074625,40,22.84,2.37,0.0054
Metropolitan,2024,3,Brent,Public Order,548,9074625,142,25.38,2.67,0.0604
Metropolitan,2024,3,Brent,Robbery,295,9074625,120,25.15,2.63,0.0325
Metropolitan,2024,3,Brent,Shoplifting,1000,9074625,68,28.86,2.86,0.1102
Metropolitan,2024,3,Brent,Theft From The Person,457,9074625,115,27.52,2.8,0.0504
Metropolitan,2024,3,Brent,Vehicle Crime,961,9074625,168,27.19,2.8,0.1059
Metropolitan,2024,3,Brent,Violence And Sexual Offences,2652,9074625,181,25.81,2.68,0.2922
Metropolitan,2024,3,Brighton and Hove,Other Theft,1,9074625,1,65.83,7.0,0.0001
Metropolitan,2024,3,Brighton and Hove,Public Order,1,9074625,1,24.67,5.0,0.0001
Metropolitan,2024,3,Brighton and Hove,Violence And Sexual Offences,1,9074625,1,44.52,6.0,0.0001
Metropolitan,2024,3,Bromley,Bicycle Theft,35,9074625,28,60.28,5.51,0.0039
Metropolitan,2024,3,Bromley,Burglary,273,9074625,134,61.28,6.15,0.0301
Metropolitan,2024,3,Bromley,Criminal Damage And Arson,563,9074625,153,58.12,5.76,0.062
Metropolitan,2024,3,Bromley,Drugs,255,9074625,114,54.34,5.45,0.0281
Metropolitan,2024,3,Bromley,Other Crime,80,9074625,60,57.79,5.74,0.0088
Metropolitan,2024,3,Bromley,Other Theft,564,9074625,154,56.87,5.76,0.0622
Metropolitan,2024,3,Bromley,Possession Of Weapons,26,9074625,23,59.86,6.15,0.0029
Metropolitan,2024,3,Bromley,Public Order,424,9074625,141,59.98,5.96,0.0467
Metropolitan,2024,3,Bromley,Robbery,155,9074625,80,52.29,5.19,0.0171
Metropolitan,2024,3,Bromley,Shoplifting,842,9074625,76,57.4,5.85,0.0928
Metropolitan,2024,3,Bromley,Theft From The Person,176,9074625,73,53.51,5.52,0.0194
Metropolitan,2024,3,Bromley,Vehicle Crime,871,9074625,189,65.68,6.53,0.096
Metropolitan,2024,3,Bromley,Violence And Sexual Offences,1874,9074625,191,56.3,5.68,0.2065
Metropolitan,2024,3,Camden,Bicycle Theft,244,9074625,83,41.64,5.18,0.0269
Metropolitan,2024,3,Camden,Burglary,548,9074625,112,41.34,4.82,0.0604
Metropolitan,2024,3,Camden,Criminal Damage And Arson,426,9074625,114,36.61,4.27,0.0469
Metropolitan,2024,3,Camden,Drugs,319,9074625,89,29.86,3.87,0.0352
Metropolitan,2024,3,Camden,Other Crime,60,9074625,47,41.33,4.7,0.0066
Metropolitan,2024,3,Camden,Other Theft,1601,9074625,116,38.51,5.17,0.1764
Metropolitan,2024,3,Camden,Possession Of Weapons,25,9074625,21,35.53,4.44,0.0028
Metropolitan,2024,3,Camden,Public Order,567,9074625,109,35.83,4.51,0.0625
Metropolitan,2024,3,Camden,Robbery,424,9074625,91,37.79,5.02,0.0467
Metropolitan,2024,3,Camden,Shoplifting,1068,9074625,61,31.38,3.8,0.1177
Metropolitan,2024,3,Camden,Theft From The Person,2139,9074625,112,36.61,5.12,0.2357
Metropolitan,2024,3,Camden,Vehicle Crime,782,9074625,125,41.82,4.89,0.0862
Metropolitan,2024,3,Camden,Violence And Sexual Offences,1761,9074625,128,34.29,4.21,0.1941
Metropolitan,2024,3,Chichester,Theft From The Person,1,9074625,1,64.63,6.0,0.0001
Metropolitan,2024,3,Chichester,Violence And Sexual Offences,2,9074625,2,46.08,7.5,0.0002
Metropolitan,2024,3,City of London,Bicycle Theft,11,9074625,5,68.61,8.45,0.0012
Metropolitan,2024,3,City of London,Burglary,6,9074625,3,70.15,9.17,0.0007
Metropolitan,2024,3,City of London,Criminal Damage And Arson,11,9074625,5,71.76,8.55,0.0012
Metropolitan,2024,3,City of London,Drugs,4,9074625,2,75.5,10.0,0.0004
Metropolitan,2024,3,City of London,Other Theft,84,9074625,4,72.2,9.35,0.0093
Metropolitan,2024,3,City of London,Possession Of Weapons,2,9074625,2,59.44,7.5,0.0002
Metropolitan,2024,3,City of London,Public Order,17,9074625,3,65.97,8.53,0.0019
Metropolitan,2024,3,City of London,Robbery,8,9074625,3,71.6,9.38,0.0009
Metropolitan,2024,3,City of London,Shoplifting,42,9074625,5,70.63,9.05,0.0046
Metropolitan,2024,3,City of London,Theft From The Person,108,9074625,6,74.74,9.56,0.0119
Metropolitan,2024,3,City of London,Vehicle Crime,14,9074625,4,72.22,9.29,0.0015
Metropolitan,2024,3,City of London,Violence And Sexual Offences,48,9074625,4,70.91,9.19,0.0053
Metropolitan,2024,3,Coventry,Other Theft,2,9074625,2,42.77,4.5,0.0002
Metropolitan,2024,3,Crawley,Other Theft,7,9074625,2,26.18,3.86,0.0008
Metropolitan,2024,3,Crawley,Public Order,1,9074625,1,27.21,3.0,0.0001
Metropolitan,2024,3,Crawley,Theft From The Person,2,9074625,1,26.01,4.0,0.0002
Metropolitan,2024,3,Crawley,Violence And Sexual Offences,2,9074625,2,26.44,2.5,0.0002
Metropolitan,2024,3,Croydon,Bicycle Theft,45,9074625,37,30.39,3.13,0.005
Metropolitan,2024,3,Croydon,Burglary,463,9074625,175,38.74,3.81,0.051
Metropolitan,2024,3,Croydon,Criminal Damage And Arson,737,9074625,190,37.65,3.74,0.0812
Metropolitan,2024,3,Croydon,Drugs,485,9074625,147,32.52,3.29,0.0534
Metropolitan,2024,3,Croydon,Other Crime,132,9074625,92,33.47,3.36,0.0145
Metropolitan,2024,3,Croydon,Other Theft,749,9074625,185,32.3,3.28,0.0825
Metropolitan,2024,3,Croydon,Possession Of Weapons,59,9074625,42,32.24,3.17,0.0065
Metropolitan,2024,3,Croydon,Public Order,602,9074625,170,30.86,3.13,0.0663
Metropolitan,2024,3,Croydon,Robbery,277,9074625,104,27.62,2.86,0.0305
Metropolitan,2024,3,Croydon,Shoplifting,1200,9074625,87,35.03,3.58,0.1322
Metropolitan,2024,3,Croydon,Theft From The Person,213,9074625,86,26.47,2.72,0.0235
Metropolitan,2024,3,Croydon,Vehicle Crime,947,9074625,210,38.59,3.82,0.1044
Metropolitan,2024,3,Croydon,Violence And Sexual Offences,3085,9074625,227,31.9,3.21,0.34
Metropolitan,2024,3,Dudley,Public Order,1,9074625,1,14.72,2.0,0.0001
Metropolitan,2024,3,Ealing,Bicycle Theft,149,9074625,74,33.44,3.53,0.0164
Metropolitan,2024,3,Ealing,Burglary,356,9074625,145,29.97,2.99,0.0392
Metropolitan,2024,3,Ealing,Criminal Damage And Arson,562,9074625,158,28.86,2.87,0.0619
Metropolitan,2024,3,Ealing,Drugs,289,9074625,110,26.58,2.63,0.0318
Metropolitan,2024,3,Ealing,Other Crime,92,9074625,68,29.55,2.86,0.0101
Metropolitan,2024,3,Ealing,Other Theft,747,9074625,168,31.07,3.22,0.0823
Metropolitan,2024,3,Ealing,Possession Of Weapons,42,9074625,33,29.46,2.9,0.0046
Metropolitan,2024,3,Ealing,Public Order,563,9074625,159,31.4,3.18,0.062
Metropolitan,2024,3,Ealing,Robbery,272,9074625,115,28.94,2.96,0.03
Metropolitan,2024,3,Ealing,Shoplifting,711,9074625,70,30.07,3.29,0.0784
Metropolitan,2024,3,Ealing,Theft From The Person,309,9074625,105,27.27,2.86,0.0341
Metropolitan,2024,3,Ealing,Vehicle Crime,1040,9074625,195,35.8,3.55,0.1146
Metropolitan,2024,3,Ealing,Violence And Sexual Offences,2527,9074625,197,29.42,2.93,0.2785
Metropolitan,2024,3,Eastbourne,Other Crime,1,9074625,1,26.03,4.0,0.0001
Metropolitan,2024,3,Enfield,Bicycle Theft,63,9074625,38,21.29,2.0,0.0069
Metropolitan,2024,3,Enfield,Burglary,485,9074625,149,31.71,2.98,0.0534
Metropolitan,2024,3,Enfield,Criminal Damage And Arson,496,9074625,148,25.42,2.37,0.0547
Metropolitan,2024,3,Enfield,Drugs,348,9074625,122,18.3,1.82,0.0383
Metropolitan,2024,3,Enfield,Other Crime,105,9074625,71,22.55,2.08,0.0116
Metropolitan,2024,3,Enfield,Other Theft,739,9074625,165,24.69,2.35,0.0814
Metropolitan,2024,3,Enfield,Possession Of Weapons,58,9074625,44,19.04,1.81,0.0064
Metropolitan,2024,3,Enfield,Public Order,410,9074625,139,26.52,2.5,0.0452
Metropolitan,2024,3,Enfield,Robbery,214,9074625,89,23.92,2.32,0.0236
Metropolitan,2024,3,Enfield,Shoplifting,1031,9074625,66,23.87,2.04,0.1136
Metropolitan,2024,3,Enfield,Theft From The Person,223,9074625,88,23.8,2.43,0.0246
Metropolitan,2024,3,Enfield,Vehicle Crime,1156,9074625,177,32.13,2.98,0.1274
Metropolitan,2024,3,Enfield,Violence And Sexual Offences,2225,9074625,181,24.48,2.3,0.2452
Metropolitan,2024,3,Greenwich,Bicycle Theft,111,9074625,48,46.23,4.98,0.0122
Metropolitan,2024,3,Greenwich,Burglary,319,9074625,118,40.58,4.18,0.0352
Metropolitan,2024,3,Greenwich,Criminal Damage And Arson,534,9074625,145,36.47,3.86,0.0588
Metropolitan,2024,3,Greenwich,Drugs,355,9074625,122,34.47,3.65,0.0391
Metropolitan,2024,3,Greenwich,Other Crime,101,9074625,59,31.05,3.49,0.0111
Metropolitan,2024,3,Greenwich,Other Theft,653,9074625,144,39.96,4.25,0.072
Metropolitan,2024,3,Greenwich,Possession Of Weapons,46,9074625,34,37.48,4.02,0.0051
Metropolitan,2024,3,Greenwich,Public Order,487,9074625,134,36.47,3.77,0.0537
Metropolitan,2024,3,Greenwich,Robbery,219,9074625,92,36.28,3.84,0.0241
Metropolitan,2024,3,Greenwich,Shoplifting,760,9074625,66,39.76,4.17,0.0838
Metropolitan,2024,3,Greenwich,Theft From The Person,254,9074625,87,42.3,4.54,0.028
Metropolitan,2024,3,Greenwich,Vehicle Crime,695,9074625,160,39.26,4.09,0.0766
Metropolitan,2024,3,Greenwich,Violence And Sexual Offences,2367,9074625,162,35.6,3.75,0.2608
Metropolitan,2024,3,Hackney,Bicycle Theft,392,9074625,109,29.37,3.28,0.0432
Metropolitan,2024,3,Hackney,Burglary,476,9074625,127,27.46,3.08,0.0525
Metropolitan,2024,3,Hackney,Criminal Damage And Arson,477,9074625,130,26.49,2.99,0.0526
Metropolitan,2024,3,Hackney,Drugs,393,9074625,107,30.83,3.68,0.0433
Metropolitan,2024,3,Hackney,Other Crime,67,9074625,53,24.15,2.75,0.0074
Metropolitan,2024,3,Hackney,Other Theft,870,9074625,142,31.35,3.71,0.0959
Metropolitan,2024,3,Hackney,Possession Of Weapons,37,9074625,27,31.21,3.43,0.0041
Metropolitan,2024,3,Hackney,Public Order,572,9074625,131,23.98,2.85,0.063
Metropolitan,2024,3,Hackney,Robbery,368,9074625,104,28.94,3.44,0.0406
Metropolitan,2024,3,Hackney,Shoplifting,618,9074625,53,20.19,2.78,0.0681
Metropolitan,2024,3,Hackney,Theft From The Person,1091,9074625,134,34.82,4.27,0.1202
Metropolitan,2024,3,Hackney,Vehicle Crime,619,9074625,137,26.86,2.99,0.0682
Metropolitan,2024,3,Hackney,Violence And Sexual Offences,2121,9074625,148,25.49,2.94,0.2337
Metropolitan,2024,3,Hammersmith and Fulham,Bicycle Theft,210,9074625,71,38.65,4.44,0.0231
Metropolitan,2024,3,Hammersmith and Fulham,Burglary,344,9074625,98,44.64,5.01,0.0379
Metropolitan,2024,3,Hammersmith and Fulham,Criminal Damage And Arson,312,9074625,98,39.56,4.42,0.0344
Metropolitan,2024,3,Hammersmith and Fulham,Drugs,290,9074625,80,37.2,4.24,0.032
Metropolitan,2024,3,Hammersmith and Fulham,Other Crime,71,9074625,44,38.72,4.49,0.0078
Metropolitan,2024,3,Hammersmith and Fulham,Other Theft,570,9074625,107,39.97,4.54,0.0628
Metropolitan,2024,3,Hammersmith and Fulham,Possession Of Weapons,29,9074625,20,38.73,4.38,0.0032
Metropolitan,2024,3,Hammersmith and Fulham,Public Order,419,9074625,92,38.45,4.38,0.0462
Metropolitan,2024,3,Hammersmith and Fulham,Robbery,130,9074625,51,37.58,4.49,0.0143
Metropolitan,2024,3,Hammersmith and Fulham,Shoplifting,542,9074625,46,31.54,3.87,0.0597
Metropolitan,2024,3,Hammersmith and Fulham,Theft From The Person,297,9074625,73,34.93,4.07,0.0327
Metropolitan,2024,3,Hammersmith and Fulham,Vehicle Crime,440,9074625,110,46.83,5.18,0.0485
Metropolitan,2024,3,Hammersmith and Fulham,Violence And Sexual Offences,1556,9074625,115,39.0,4.41,0.1715
Metropolitan,2024,3,Haringey,Bicycle Theft,81,9074625,53,24.91,2.84,0.0089
Metropolitan,2024,3,Haringey,Burglary,388,9074625,127,31.54,3.47,0.0428
Metropolitan,2024,3,Haringey,Criminal Damage And Arson,459,9074625,133,27.38,3.08,0.0506
Metropolitan,2024,3,Haringey,Drugs,334,9074625,109,20.01,2.51,0.0368
Metropolitan,2024,3,Haringey,Other Crime,70,9074625,42,17.23,2.11,0.0077
Metropolitan,2024,3,Haringey,Other Theft,722,9074625,128,24.37,2.86,0.0796
Metropolitan,2024,3,Haringey,Possession Of Weapons,35,9074625,25,22.48,2.66,0.0039
Metropolitan,2024,3,Haringey,Public Order,428,9074625,117,21.55,2.56,0.0472
Metropolitan,2024,3,Haringey,Robbery,320,9074625,96,22.26,2.6,0.0353
Metropolitan,2024,3,Haringey,Shoplifting,617,9074625,52,21.97,2.71,0.068
Metropolitan,2024,3,Haringey,Theft From The Person,637,9074625,99,18.49,2.29,0.0702
Metropolitan,2024,3,Haringey,Vehicle Crime,850,9074625,144,31.72,3.53,0.0937
Metropolitan,2024,3,Haringey,Violence And Sexual Offences,2078,9074625,145,22.79,2.65,0.229
Metropolitan,2024,3,Harrow,Bicycle Theft,49,9074625,30,42.1,3.78,0.0054
Metropolitan,2024,3,Harrow,Burglary,255,9074625,94,48.07,4.06,0.0281
Metropolitan,2024,3,Harrow,Criminal Damage And Arson,236,9074625,107,46.51,3.92,0.026
Metropolitan,2024,3,Harrow,Drugs,132,9074625,65,40.09,3.45,0.0145
Metropolitan,2024,3,Harrow,Other Crime,58,9074625,51,45.86,3.81,0.0064
Metropolitan,2024,3,Harrow,Other Theft,386,9074625,113,46.3,3.96,0.0425
Metropolitan,2024,3,Harrow,Possession Of Weapons,14,9074625,13,49.56,4.29,0.0015
Metropolitan,2024,3,Harrow,Public Order,278,9074625,89,44.0,3.86,0.0306
Metropolitan,2024,3,Harrow,Robbery,123,9074625,58,47.25,4.02,0.0136
Metropolitan,2024,3,Harrow,Shoplifting,541,9074625,38,49.96,4.42,0.0596
Metropolitan,2024,3,Harrow,Theft From The Person,176,9074625,69,42.16,3.91,0.0194
Metropolitan,2024,3,Harrow,Vehicle Crime,520,9074625,137,49.16,4.07,0.0573
Metropolitan,2024,3,Harrow,Violence And Sexual Offences,1348,9074625,140,45.39,3.8,0.1485
Metropolitan,2024,3,Havering,Bicycle Theft,42,9074625,25,41.52,4.21,0.0046
Metropolitan,2024,3,Havering,Burglary,287,9074625,114,49.85,4.89,0.0316
Metropolitan,2024,3,Havering,Criminal Damage And Arson,436,9074625,121,46.99,4.73,0.048
Metropolitan,2024,3,Havering,Drugs,223,9074625,83,41.51,4.11,0.0246
Metropolitan,2024,3,Havering,Other Crime,102,9074625,63,45.64,4.45,0.0112
Metropolitan,2024,3,Havering,Other Theft,470,9074625,118,42.49,4.25,0.0518
Metropolitan,2024,3,Havering,Possession Of Weapons,27,9074625,20,35.21,3.52,0.003
Metropolitan,2024,3,Havering,Public Order,343,9074625,109,45.1,4.49,0.0378
Metropolitan,2024,3,Havering,Robbery,116,9074625,59,48.32,4.79,0.0128
Metropolitan,2024,3,Havering,Shoplifting,561,9074625,49,46.87,4.82,0.0618
Metropolitan,2024,3,Havering,Theft From The Person,127,9074625,47,40.78,4.15,0.014
Metropolitan,2024,3,Havering,Vehicle Crime,617,9074625,148,52.89,5.21,0.068
Metropolitan,2024,3,Havering,Violence And Sexual Offences,1691,9074625,149,43.95,4.36,0.1863
Metropolitan,2024,3,Hillingdon,Bicycle Theft,65,9074625,41,36.21,3.46,0.0072
Metropolitan,2024,3,Hillingdon,Burglary,355,9074625,129,39.53,3.92,0.0391
Metropolitan,2024,3,Hillingdon,Criminal Damage And Arson,759,9074625,138,42.44,4.24,0.0836
Metropolitan,2024,3,Hillingdon,Drugs,242,9074625,97,34.52,3.37,0.0267
Metropolitan,2024,3,Hillingdon,Other Crime,502,9074625,72,23.36,3.13,0.0553
Metropolitan,2024,3,Hillingdon,Other Theft,919,9074625,144,33.3,3.64,0.1013
Metropolitan,2024,3,Hillingdon,Possession Of Weapons,34,9074625,23,33.38,3.5,0.0037
Metropolitan,2024,3,Hillingdon,Public Order,519,9074625,132,36.29,3.66,0.0572
Metropolitan,2024,3,Hillingdon,Robbery,192,9074625,79,36.65,3.56,0.0212
Metropolitan,2024,3,Hillingdon,Shoplifting,771,9074625,67,38.18,3.71,0.085
Metropolitan,2024,3,Hillingdon,Theft From The Person,201,9074625,71,34.21,3.49,0.0221
Metropolitan,2024,3,Hillingdon,Vehicle Crime,807,9074625,159,37.33,3.8,0.0889
Metropolitan,2024,3,Hillingdon,Violence And Sexual Offences,2225,9074625,168,37.13,3.73,0.2452
Metropolitan,2024,3,Horsham,Other Crime,1,9074625,1,82.14,7.0,0.0001
Metropolitan,2024,3,Horsham,Violence And Sexual Offences,1,9074625,1,43.5,5.0,0.0001
Metropolitan,2024,3,Hounslow,Bicycle Theft,125,9074625,68,39.83,4.32,0.0138
Metropolitan,2024,3,Hounslow,Burglary,267,9074625,111,37.35,3.96,0.0294
Metropolitan,2024,3,Hounslow,Criminal Damage And Arson,514,9074625,131,32.77,3.43,0.0566
Metropolitan,2024,3,Hounslow,Drugs,289,9074625,105,29.2,3.07,0.0318
Metropolitan,2024,3,Hounslow,Other Crime,99,9074625,66,32.65,3.4,0.0109
Metropolitan,2024,3,Hounslow,Other Theft,614,9074625,132,33.45,3.58,0.0677
Metropolitan,2024,3,Hounslow,Possession Of Weapons,27,9074625,24,32.41,3.52,0.003
Metropolitan,2024,3,Hounslow,Public Order,483,9074625,125,32.88,3.47,0.0532
Metropolitan,2024,3,Hounslow,Robbery,180,9074625,81,35.82,3.98,0.0198
Metropolitan,2024,3,Hounslow,Shoplifting,746,9074625,69,41.93,4.46,0.0822
Metropolitan,2024,3,Hounslow,Theft From The Person,293,9074625,88,34.14,3.53,0.0323
Metropolitan,2024,3,Hounslow,Vehicle Crime,749,9074625,142,38.89,4.18,0.0825
Metropolitan,2024,3,Hounslow,Violence And Sexual Offences,2284,9074625,149,32.39,3.42,0.2517
Metropolitan,2024,3,Islington,Bicycle Theft,258,9074625,94,36.91,4.08,0.0284
Metropolitan,2024,3,Islington,Burglary,489,9074625,112,33.33,3.62,0.0539
Metropolitan,2024,3,Islington,Criminal Damage And Arson,445,9074625,116,32.91,3.67,0.049
Metropolitan,2024,3,Islington,Drugs,284,9074625,89,29.75,3.3,0.0313
Metropolitan,2024,3,Islington,Other Crime,90,9074625,56,28.71,3.16,0.0099
Metropolitan,2024,3,Islington,Other Theft,988,9074625,116,37.1,4.05,0.1089
Metropolitan,2024,3,Islington,Possession Of Weapons,43,9074625,30,33.01,3.51,0.0047
Metropolitan,2024,3,Islington,Public Order,504,9074625,112,32.35,3.66,0.0555
Metropolitan,2024,3,Islington,Robbery,285,9074625,86,34.91,3.79,0.0314
Metropolitan,2024,3,Islington,Shoplifting,988,9074625,61,33.94,4.13,0.1089
Metropolitan,2024,3,Islington,Theft From The Person,981,9074625,110,35.95,3.78,0.1081
Metropolitan,2024,3,Islington,Vehicle Crime,632,9074625,117,32.25,3.67,0.0696
Metropolitan,2024,3,Islington,Violence And Sexual Offences,1881,9074625,125,31.75,3.58,0.2073
Metropolitan,2024,3,Kensington and Chelsea,Bicycle Theft,139,9074625,66,48.24,6.19,0.0153
Metropolitan,2024,3,Kensington and Chelsea,Burglary,369,9074625,93,49.1,6.52,0.0407
Metropolitan,2024,3,Kensington and Chelsea,Criminal Damage And Arson,276,9074625,82,46.03,6.08,0.0304
Metropolitan,2024,3,Kensington and Chelsea,Drugs,386,9074625,68,32.41,4.09,0.0425
Metropolitan,2024,3,Kensington and Chelsea,Other Crime,57,9074625,43,40.62,5.53,0.0063
Metropolitan,2024,3,Kensington and Chelsea,Other Theft,875,9074625,97,51.96,7.07,0.0964
Metropolitan,2024,3,Kensington and Chelsea,Possession Of Weapons,52,9074625,28,38.27,4.71,0.0057
Metropolitan,2024,3,Kensington and Chelsea,Public Order,316,9074625,87,44.58,5.83,0.0348
Metropolitan,2024,3,Kensington and Chelsea,Robbery,175,9074625,64,46.13,6.2,0.0193
Metropolitan,2024,3,Kensington and Chelsea,Shoplifting,638,9074625,52,55.5,7.4,0.0703
Metropolitan,2024,3,Kensington and Chelsea,Theft From The Person,647,9074625,91,48.85,6.51,0.0713
Metropolitan,2024,3,Kensington and Chelsea,Vehicle Crime,447,9074625,95,55.84,7.36,0.0493
Metropolitan,2024,3,Kensington and Chelsea,Violence And Sexual Offences,1413,9074625,100,41.52,5.36,0.1557
Metropolitan,2024,3,Kingston upon Thames,Bicycle Theft,114,9074625,24,67.76,6.32,0.0126
Metropolitan,2024,3,Kingston upon Thames,Burglary,116,9074625,63,74.2,6.89,0.0128
Metropolitan,2024,3,Kingston upon Thames,Criminal Damage And Arson,288,9074625,77,66.55,5.99,0.0317
Metropolitan,2024,3,Kingston upon Thames,Drugs,113,9074625,53,62.45,5.62,0.0125
Metropolitan,2024,3,Kingston upon Thames,Other Crime,32,9074625,25,63.14,5.88,0.0035
Metropolitan,2024,3,Kingston upon Thames,Other Theft,335,9074625,74,65.11,6.0,0.0369
Metropolitan,2024,3,Kingston upon Thames,Possession Of Weapons,11,9074625,10,65.06,5.82,0.0012
Metropolitan,2024,3,Kingston upon Thames,Public Order,233,9074625,71,64.82,5.82,0.0257
Metropolitan,2024,3,Kingston upon Thames,Robbery,35,9074625,20,61.51,5.6,0.0039
Metropolitan,2024,3,Kingston upon Thames,Shoplifting,433,9074625,32,65.94,6.16,0.0477
Metropolitan,2024,3,Kingston upon Thames,Theft From The Person,116,9074625,25,62.84,5.88,0.0128
Metropolitan,2024,3,Kingston upon Thames,Vehicle Crime,254,9074625,87,72.55,6.58,0.028
Metropolitan,2024,3,Kingston upon Thames,Violence And Sexual Offences,847,9074625,96,63.7,5.74,0.0933
Metropolitan,2024,3,Lambeth,Bicycle Theft,257,9074625,102,41.7,5.04,0.0283
Metropolitan,2024,3,Lambeth,Burglary,557,9074625,155,41.14,4.67,0.0614
Metropolitan,2024,3,Lambeth,Criminal Damage And Arson,621,9074625,164,38.07,4.41,0.0684
Metropolitan,2024,3,Lambeth,Drugs,383,9074625,124,34.22,4.02,0.0422
Metropolitan,2024,3,Lambeth,Other Crime,88,9074625,63,34.14,3.99,0.0097
Metropolitan,2024,3,Lambeth,Other Theft,1149,9074625,167,42.61,5.23,0.1266
Metropolitan,2024,3,Lambeth,Possession Of Weapons,52,9074625,35,36.4,4.48,0.0057
Metropolitan,2024,3,Lambeth,Public Order,634,9074625,151,39.14,4.67,0.0699
Metropolitan,2024,3,Lambeth,Robbery,603,9074625,132,39.09,4.76,0.0664
Metropolitan,2024,3,Lambeth,Shoplifting,800,9074625,73,36.24,4.3,0.0882
Metropolitan,2024,3,Lambeth,Theft From The Person,1301,9074625,130,42.87,5.45,0.1434
Metropolitan,2024,3,Lambeth,Vehicle Crime,872,9074625,171,41.27,4.67,0.0961
Metropolitan,2024,3,Lambeth,Violence And Sexual Offences,2561,9074625,181,37.94,4.5,0.2822
Metropolitan,2024,3,Lewes,Violence And Sexual Offences,2,9074625,2,59.59,7.0,0.0002
Metropolitan,2024,3,Lewisham,Bicycle Theft,111,9074625,61,33.47,3.79,0.0122
Metropolitan,2024,3,Lewisham,Burglary,437,9074625,145,33.13,3.67,0.0482
Metropolitan,2024,3,Lewisham,Criminal Damage And Arson,519,9074625,156,30.57,3.36,0.0572
Metropolitan,2024,3,Lewisham,Drugs,349,9074625,131,30.48,3.42,0.0385
Metropolitan,2024,3,Lewisham,Other Crime,88,9074625,64,31.9,3.44,0.0097
Metropolitan,2024,3,Lewisham,Other Theft,701,9074625,167,34.23,3.89,0.0772
Metropolitan,2024,3,Lewisham,Possession Of Weapons,44,9074625,35,32.57,3.52,0.0048
Metropolitan,2024,3,Lewisham,Public Order,584,9074625,146,32.74,3.67,0.0644
Metropolitan,2024,3,Lewisham,Robbery,292,9074625,95,30.62,3.53,0.0322
Metropolitan,2024,3,Lewisham,Shoplifting,695,9074625,66,33.92,4.01,0.0766
Metropolitan,2024,3,Lewisham,Theft From The Person,517,9074625,123,34.3,4.09,0.057
Metropolitan,2024,3,Lewisham,Vehicle Crime,770,9074625,169,34.84,3.75,0.0849
Metropolitan,2024,3,Lewisham,Violence And Sexual Offences,2516,9074625,175,30.82,3.4,0.2773
Metropolitan,2024,3,Merton,Bicycle Theft,70,9074625,39,62.54,5.67,0.0077
Metropolitan,2024,3,Merton,Burglary,223,9074625,93,59.5,5.31,0.0246
Metropolitan,2024,3,Merton,Criminal Damage And Arson,278,9074625,99,53.66,4.72,0.0306
Metropolitan,2024,3,Merton,Drugs,147,9074625,76,55.09,4.9,0.0162
Metropolitan,2024,3,Merton,Other Crime,43,9074625,30,57.3,5.16,0.0047
Metropolitan,2024,3,Merton,Other Theft,354,9074625,106,61.38,5.61,0.039
Metropolitan,2024,3,Merton,Possession Of Weapons,19,9074625,17,54.05,4.84,0.0021
Metropolitan,2024,3,Merton,Public Order,227,9074625,85,56.75,5.18,0.025
Metropolitan,2024,3,Merton,Robbery,84,9074625,47,54.07,4.93,0.0093
Metropolitan,2024,3,Merton,Shoplifting,471,9074625,49,70.77,7.35,0.0519
Metropolitan,2024,3,Merton,Theft From The Person,106,9074625,59,63.66,6.07,0.0117
Metropolitan,2024,3,Merton,Vehicle Crime,426,9074625,115,60.46,5.46,0.0469
Metropolitan,2024,3,Merton,Violence And Sexual Offences,1184,9074625,123,54.77,4.91,0.1305
Metropolitan,2024,3,Mid Sussex,Public Order,1,9074625,1,58.24,9.0,0.0001
Metropolitan,2024,3,Mid Sussex,Violence And Sexual Offences,1,9074625,1,65.1,9.0,0.0001
Metropolitan,2024,3,Newham,Bicycle Theft,167,9074625,69,27.27,3.14,0.0184
Metropolitan,2024,3,Newham,Burglary,521,9074625,146,25.88,2.57,0.0574
Metropolitan,2024,3,Newham,Criminal Damage And Arson,507,9074625,150,23.44,2.33,0.0559
Metropolitan,2024,3,Newham,Drugs,525,9074625,139,23.18,2.32,0.0579
Metropolitan,2024,3,Newham,Other Crime,144,9074625,79,22.09,2.03,0.0159
Metropolitan,2024,3,Newham,Other Theft,1252,9074625,173,25.45,2.84,0.138
Metropolitan,2024,3,Newham,Possession Of Weapons,50,9074625,43,22.87,2.32,0.0055
Metropolitan,2024,3,Newham,Public Order,581,9074625,145,23.64,2.51,0.064
Metropolitan,2024,3,Newham,Robbery,422,9074625,139,25.89,2.65,0.0465
Metropolitan,2024,3,Newham,Shoplifting,1096,9074625,62,29.25,3.61,0.1208
Metropolitan,2024,3,Newham,Theft From The Person,898,9074625,146,28.12,3.27,0.099
Metropolitan,2024,3,Newham,Vehicle Crime,1048,9074625,176,23.86,2.36,0.1155
Metropolitan,2024,3,Newham,Violence And Sexual Offences,2699,9074625,182,23.67,2.43,0.2974
Metropolitan,2024,3,Redbridge,Bicycle Theft,56,9074625,36,36.53,3.43,0.0062
Metropolitan,2024,3,Redbridge,Burglary,394,9074625,124,46.53,4.17,0.0434
Metropolitan,2024,3,Redbridge,Criminal Damage And Arson,382,9074625,131,41.15,3.71,0.0421
Metropolitan,2024,3,Redbridge,Drugs,180,9074625,80,40.81,3.64,0.0198
Metropolitan,2024,3,Redbridge,Other Crime,82,9074625,59,45.87,4.13,0.009
Metropolitan,2024,3,Redbridge,Other Theft,581,9074625,136,40.78,3.7,0.064
Metropolitan,2024,3,Redbridge,Possession Of Weapons,23,9074625,23,44.09,4.04,0.0025
Metropolitan,2024,3,Redbridge,Public Order,356,9074625,119,41.68,3.83,0.0392
Metropolitan,2024,3,Redbridge,Robbery,158,9074625,77,39.93,3.66,0.0174
Metropolitan,2024,3,Redbridge,Shoplifting,503,9074625,44,43.83,4.18,0.0554
Metropolitan,2024,3,Redbridge,Theft From The Person,250,9074625,84,32.96,3.08,0.0275
Metropolitan,2024,3,Redbridge,Vehicle Crime,760,9074625,156,49.23,4.36,0.0838
Metropolitan,2024,3,Redbridge,Violence And Sexual Offences,2062,9074625,162,40.03,3.54,0.2272
Metropolitan,2024,3,Richmond upon Thames,Bicycle Theft,120,9074625,55,74.7,7.6,0.0132
Metropolitan,2024,3,Richmond upon Thames,Burglary,212,9074625,84,74.65,7.65,0.0234
Metropolitan,2024,3,Richmond upon Thames,Criminal Damage And Arson,273,9074625,95,70.41,6.93,0.0301
Metropolitan,2024,3,Richmond upon Thames,Drugs,157,9074625,60,70.14,7.1,0.0173
Metropolitan,2024,3,Richmond upon Thames,Other Crime,36,9074625,28,78.23,7.47,0.004
Metropolitan,2024,3,Richmond upon Thames,Other Theft,286,9074625,97,75.57,7.78,0.0315
Metropolitan,2024,3,Richmond upon Thames,Possession Of Weapons,8,9074625,8,79.61,7.88,0.0009
Metropolitan,2024,3,Richmond upon Thames,Public Order,203,9074625,77,72.29,7.28,0.0224
Metropolitan,2024,3,Richmond upon Thames,Robbery,58,9074625,25,71.19,7.48,0.0064
Metropolitan,2024,3,Richmond upon Thames,Shoplifting,369,9074625,39,71.4,7.76,0.0407
Metropolitan,2024,3,Richmond upon Thames,Theft From The Person,76,9074625,42,72.96,7.59,0.0084
Metropolitan,2024,3,Richmond upon Thames,Vehicle Crime,455,9074625,107,75.59,7.82,0.0501
Metropolitan,2024,3,Richmond upon Thames,Violence And Sexual Offences,826,9074625,112,71.58,7.1,0.091
Metropolitan,2024,3,Rother,Violence And Sexual Offences,1,9074625,1,36.28,5.0,0.0001
Metropolitan,2024,3,Sandwell,Theft From The Person,1,9074625,1,7.64,2.0,0.0001
Metropolitan,2024,3,Sandwell,Violence And Sexual Offences,4,9074625,4,21.85,2.5,0.0004
Metropolitan,2024,3,Southwark,Bicycle Theft,369,9074625,119,41.16,4.64,0.0407
Metropolitan,2024,3,Southwark,Burglary,576,9074625,152,39.74,4.44,0.0635
Metropolitan,2024,3,Southwark,Criminal Damage And Arson,441,9074625,146,38.4,4.34,0.0486
Metropolitan,2024,3,Southwark,Drugs,320,9074625,111,36.77,3.99,0.0353
Metropolitan,2024,3,Southwark,Other Crime,73,9074625,57,35.56,3.99,0.008
Metropolitan,2024,3,Southwark,Other Theft,1213,9074625,165,40.95,4.58,0.1337
Metropolitan,2024,3,Southwark,Possession Of Weapons,57,9074625,42,38.84,4.35,0.0063
Metropolitan,2024,3,Southwark,Public Order,508,9074625,148,38.09,4.29,0.056
Metropolitan,2024,3,Southwark,Robbery,469,9074625,133,39.84,4.51,0.0517
Metropolitan,2024,3,Southwark,Shoplifting,1086,9074625,77,33.23,3.71,0.1197
Metropolitan,2024,3,Southwark,Theft From The Person,1816,9074625,149,42.08,4.71,0.2001
Metropolitan,2024,3,Southwark,Vehicle Crime,666,9074625,155,40.31,4.51,0.0734
Metropolitan,2024,3,Southwark,Violence And Sexual Offences,2225,9074625,170,34.98,3.89,0.2452
Metropolitan,2024,3,Sutton,Bicycle Theft,26,9074625,19,48.96,4.54,0.0029
Metropolitan,2024,3,Sutton,Burglary,204,9074625,92,63.99,6.07,0.0225
Metropolitan,2024,3,Sutton,Criminal Damage And Arson,329,9074625,96,56.85,5.36,0.0363
Metropolitan,2024,3,Sutton,Drugs,121,9074625,63,58.4,5.48,0.0133
Metropolitan,2024,3,Sutton,Other Crime,40,9074625,27,48.24,4.53,0.0044
Metropolitan,2024,3,Sutton,Other Theft,249,9074625,83,56.33,5.31,0.0274
Metropolitan,2024,3,Sutton,Possession Of Weapons,17,9074625,14,56.8,5.47,0.0019
Metropolitan,2024,3,Sutton,Public Order,274,9074625,85,51.04,4.78,0.0302
Metropolitan,2024,3,Sutton,Robbery,69,9074625,35,53.03,4.88,0.0076
Metropolitan,2024,3,Sutton,Shoplifting,411,9074625,35,44.91,4.2,0.0453
Metropolitan,2024,3,Sutton,Theft From The Person,59,9074625,29,51.1,4.75,0.0065
Metropolitan,2024,3,Sutton,Vehicle Crime,335,9074625,111,62.23,5.9,0.0369
Metropolitan,2024,3,Sutton,Violence And Sexual Offences,1205,9074625,120,53.5,5.02,0.1328
Metropolitan,2024,3,Tower Hamlets,Bicycle Theft,308,9074625,107,31.39,3.07,0.0339
Metropolitan,2024,3,Tower Hamlets,Burglary,562,9074625,139,30.46,2.98,0.0619
Metropolitan,2024,3,Tower Hamlets,Criminal Damage And Arson,561,9074625,151,27.04,2.52,0.0618
Metropolitan,2024,3,Tower Hamlets,Drugs,549,9074625,142,28.89,2.89,0.0605
Metropolitan,2024,3,Tower Hamlets,Other Crime,117,9074625,79,25.07,2.36,0.0129
Metropolitan,2024,3,Tower Hamlets,Other Theft,957,9074625,153,34.09,3.39,0.1055
Metropolitan,2024,3,Tower Hamlets,Possession Of Weapons,49,9074625,42,28.6,2.63,0.0054
Metropolitan,2024,3,Tower Hamlets,Public Order,653,9074625,151,26.83,2.55,0.072
Metropolitan,2024,3,Tower Hamlets,Robbery,343,9074625,125,28.57,2.76,0.0378
Metropolitan,2024,3,Tower Hamlets,Shoplifting,585,9074625,69,36.36,3.72,0.0645
Metropolitan,2024,3,Tower Hamlets,Theft From The Person,925,9074625,144,31.68,3.06,0.1019
Metropolitan,2024,3,Tower Hamlets,Vehicle Crime,829,9074625,158,25.99,2.39,0.0914
Metropolitan,2024,3,Tower Hamlets,Violence And Sexual Offences,2733,9074625,162,26.06,2.44,0.3012
Metropolitan,2024,3,Walsall,Violence And Sexual Offences,1,9074625,1,6.22,1.0,0.0001
Metropolitan,2024,3,Waltham Forest,Bicycle Theft,129,9074625,70,33.2,3.19,0.0142
Metropolitan,2024,3,Waltham Forest,Burglary,447,9074625,122,34.55,3.32,0.0493
Metropolitan,2024,3,Waltham Forest,Criminal Damage And Arson,429,9074625,122,36.52,3.46,0.0473
Metropolitan,2024,3,Waltham Forest,Drugs,325,9074625,101,33.42,3.18,0.0358
Metropolitan,2024,3,Waltham Forest,Other Crime,74,9074625,53,37.56,3.57,0.0082
Metropolitan,2024,3,Waltham Forest,Other Theft,581,9074625,132,34.62,3.37,0.064
Metropolitan,2024,3,Waltham Forest,Possession Of Weapons,36,9074625,31,36.09,3.39,0.004
Metropolitan,2024,3,Waltham Forest,Public Order,379,9074625,119,35.78,3.43,0.0418
Metropolitan,2024,3,Waltham Forest,Robbery,222,9074625,85,35.95,3.5,0.0245
Metropolitan,2024,3,Waltham Forest,Shoplifting,398,9074625,46,34.79,3.58,0.0439
Metropolitan,2024,3,Waltham Forest,Theft From The Person,494,9074625,105,34.48,3.37,0.0544
Metropolitan,2024,3,Waltham Forest,Vehicle Crime,889,9074625,145,38.72,3.59,0.098
Metropolitan,2024,3,Waltham Forest,Violence And Sexual Offences,1693,9074625,145,34.56,3.3,0.1866
Metropolitan,2024,3,Wandsworth,Bicycle Theft,179,9074625,72,60.19,6.37,0.0197
Metropolitan,2024,3,Wandsworth,Burglary,465,9074625,150,59.64,5.98,0.0512
Metropolitan,2024,3,Wandsworth,Criminal Damage And Arson,384,9074625,147,54.77,5.46,0.0423
Metropolitan,2024,3,Wandsworth,Drugs,217,9074625,97,51.65,5.08,0.0239
Metropolitan,2024,3,Wandsworth,Other Crime,74,9074625,53,47.43,5.09,0.0082
Metropolitan,2024,3,Wandsworth,Other Theft,796,9074625,162,58.08,5.96,0.0877
Metropolitan,2024,3,Wandsworth,Possession Of Weapons,21,9074625,17,49.69,5.14,0.0023
Metropolitan,2024,3,Wandsworth,Public Order,468,9074625,142,56.23,5.64,0.0516
Metropolitan,2024,3,Wandsworth,Robbery,199,9074625,90,57.03,5.95,0.0219
Metropolitan,2024,3,Wandsworth,Shoplifting,723,9074625,76,55.94,5.73,0.0797
Metropolitan,2024,3,Wandsworth,Theft From The Person,300,9074625,94,54.97,5.79,0.0331
Metropolitan,2024,3,Wandsworth,Vehicle Crime,729,9074625,172,61.37,6.09,0.0803
Metropolitan,2024,3,Wandsworth,Violence And Sexual Offences,1982,9074625,181,53.25,5.25,0.2184
Metropolitan,2024,3,Wealden,Drugs,1,9074625,1,83.68,10.0,0.0001
Metropolitan,2024,3,Wealden,Vehicle Crime,1,9074625,1,66.47,6.0,0.0001
Metropolitan,2024,3,Westminster,Bicycle Theft,284,9074625,85,46.47,5.92,0.0313
Metropolitan,2024,3,Westminster,Burglary,752,9074625,116,46.53,5.85,0.0829
Metropolitan,2024,3,Westminster,Criminal Damage And Arson,588,9074625,107,43.02,5.47,0.0648
Metropolitan,2024,3,Westminster,Drugs,599,9074625,92,40.45,5.39,0.066
Metropolitan,2024,3,Westminster,Other Crime,91,9074625,44,41.92,5.43,0.01
Metropolitan,2024,3,Westminster,Other Theft,4049,9074625,119,46.48,6.16,0.4462
Metropolitan,2024,3,Westminster,Possession Of Weapons,82,9074625,32,46.55,5.83,0.009
Metropolitan,2024,3,Westminster,Public Order,971,9074625,112,45.07,5.84,0.107
Metropolitan,2024,3,Westminster,Robbery,888,9074625,88,44.85,5.99,0.0979
Metropolitan,2024,3,Westminster,Shoplifting,1689,9074625,65,50.06,6.45,0.1861
Metropolitan,2024,3,Westminster,Theft From The Person,5793,9074625,113,47.78,6.38,0.6384
Metropolitan,2024,3,Westminster,Vehicle Crime,915,9074625,111,47.6,5.97,0.1008
Metropolitan,2024,3,Westminster,Violence And Sexual Offences,3213,9074625,121,43.09,5.56,0.3541
Metropolitan,2024,3,Wolverhampton,Other Crime,1,9074625,1,25.84,3.0,0.0001
Metropolitan,2024,3,Wolverhampton,Vehicle Crime,1,9074625,1,6.03,1.0,0.0001
Metropolitan,2024,3,Worthing,Violence And Sexual Offences,3,9074625,2,65.29,5.67,0.0003
Metropolitan,2024,4,Arun,Violence And Sexual Offences,1,9074625,1,17.65,3.0,0.0001
Metropolitan,2024,4,Barking and Dagenham,Bicycle Theft,31,9074625,20,25.43,2.19,0.0034
Metropolitan,2024,4,Barking and Dagenham,Burglary,272,9074625,88,25.81,2.37,0.03
Metropolitan,2024,4,Barking and Dagenham,Criminal Damage And Arson,304,9074625,100,22.9,2.15,0.0335
Metropolitan,2024,4,Barking and Dagenham,Drugs,351,9074625,93,22.88,2.18,0.0387
Metropolitan,2024,4,Barking and Dagenham,Other Crime,91,9074625,63,23.39,2.16,0.01
Metropolitan,2024,4,Barking and Dagenham,Other Theft,451,9074625,105,22.83,2.15,0.0497
Metropolitan,2024,4,Barking and Dagenham,Possession Of Weapons,20,9074625,16,25.5,2.4,0.0022
Metropolitan,2024,4,Barking and Dagenham,Public Order,282,9074625,87,22.97,2.15,0.0311
Metropolitan,2024,4,Barking and Dagenham,Robbery,241,9074625,79,23.01,2.1,0.0266
Metropolitan,2024,4,Barking and Dagenham,Shoplifting,384,9074625,37,23.69,2.24,0.0423
Metropolitan,2024,4,Barking and Dagenham,Theft From The Person,216,9074625,65,21.46,2.06,0.0238
Metropolitan,2024,4,Barking and Dagenham,Vehicle Crime,605,9074625,106,25.35,2.28,0.0667
Metropolitan,2024,4,Barking and Dagenham,Violence And Sexual Offences,1940,9074625,115,24.02,2.19,0.2138
Metropolitan,2024,4,Barnet,Bicycle Theft,47,9074625,36,44.8,4.32,0.0052
Metropolitan,2024,4,Barnet,Burglary,696,9074625,200,48.8,4.68,0.0767
Metropolitan,2024,4,Barnet,Criminal Damage And Arson,485,9074625,174,42.97,4.07,0.0534
Metropolitan,2024,4,Barnet,Drugs,389,9074625,132,40.64,3.79,0.0429
Metropolitan,2024,4,Barnet,Other Crime,116,9074625,82,43.12,3.97,0.0128
Metropolitan,2024,4,Barnet,Other Theft,737,9074625,187,43.46,4.14,0.0812
Metropolitan,2024,4,Barnet,Possession Of Weapons,30,9074625,28,40.81,4.07,0.0033
Metropolitan,2024,4,Barnet,Public Order,429,9074625,157,41.34,3.9,0.0473
Metropolitan,2024,4,Barnet,Robbery,160,9074625,88,38.1,3.68,0.0176
Metropolitan,2024,4,Barnet,Shoplifting,675,9074625,64,35.33,3.47,0.0744
Metropolitan,2024,4,Barnet,Theft From The Person,265,9074625,92,42.22,4.33,0.0292
Metropolitan,2024,4,Barnet,Vehicle Crime,1018,9074625,213,47.2,4.57,0.1122
Metropolitan,2024,4,Barnet,Violence And Sexual Offences,1984,9074625,218,41.18,3.87,0.2186
Metropolitan,2024,4,Bexley,Bicycle Theft,10,9074625,9,52.65,5.4,0.0011
Metropolitan,2024,4,Bexley,Burglary,214,9074625,100,59.11,6.04,0.0236
Metropolitan,2024,4,Bexley,Criminal Damage And Arson,332,9074625,108,51.07,5.18,0.0366
Metropolitan,2024,4,Bexley,Drugs,198,9074625,80,49.78,5.01,0.0218
Metropolitan,2024,4,Bexley,Other Crime,92,9074625,68,52.1,5.32,0.0101
Metropolitan,2024,4,Bexley,Other Theft,340,9074625,116,51.8,5.28,0.0375
Metropolitan,2024,4,Bexley,Possession Of Weapons,14,9074625,11,46.26,4.86,0.0015
Metropolitan,2024,4,Bexley,Public Order,248,9074625,91,50.33,5.13,0.0273
Metropolitan,2024,4,Bexley,Robbery,78,9074625,42,51.91,5.35,0.0086
Metropolitan,2024,4,Bexley,Shoplifting,427,9074625,42,44.65,4.72,0.0471
Metropolitan,2024,4,Bexley,Theft From The Person,86,9074625,43,49.07,5.09,0.0095
Metropolitan,2024,4,Bexley,Vehicle Crime,549,9074625,139,57.01,5.74,0.0605
Metropolitan,2024,4,Bexley,Violence And Sexual Offences,1418,9074625,143,48.07,4.89,0.1563
Metropolitan,2024,4,Birmingham,Criminal Damage And Arson,1,9074625,1,5.56,1.0,0.0001
Metropolitan,2024,4,Birmingham,Other Crime,1,9074625,1,64.68,6.0,0.0001
Metropolitan,2024,4,Birmingham,Other Theft,3,9074625,3,17.01,2.0,0.0003
Metropolitan,2024,4,Birmingham,Public Order,2,9074625,2,25.48,2.5,0.0002
Metropolitan,2024,4,Birmingham,Robbery,1,9074625,1,15.44,1.0,0.0001
Metropolitan,2024,4,Birmingham,Theft From The Person,3,9074625,3,30.74,4.67,0.0003
Metropolitan,2024,4,Birmingham,Violence And Sexual Offences,14,9074625,12,16.14,2.36,0.0015
Metropolitan,2024,4,Brent,Bicycle Theft,58,9074625,47,28.77,3.05,0.0064
Metropolitan,2024,4,Brent,Burglary,488,9074625,160,29.17,2.91,0.0538
Metropolitan,2024,4,Brent,Criminal Damage And Arson,475,9074625,154,25.14,2.62,0.0523
Metropolitan,2024,4,Brent,Drugs,557,9074625,141,21.22,2.24,0.0614
Metropolitan,2024,4,Brent,Other Crime,104,9074625,70,27.02,2.71,0.0115
Metropolitan,2024,4,Brent,Other Theft,803,9074625,163,27.7,2.82,0.0885
Metropolitan,2024,4,Brent,Possession Of Weapons,32,9074625,28,19.6,2.03,0.0035
Metropolitan,2024,4,Brent,Public Order,490,9074625,145,26.58,2.77,0.054
Metropolitan,2024,4,Brent,Robbery,296,9074625,108,24.51,2.6,0.0326
Metropolitan,2024,4,Brent,Shoplifting,840,9074625,67,29.61,2.96,0.0926
Metropolitan,2024,4,Brent,Theft From The Person,630,9074625,120,28.76,2.83,0.0694
Metropolitan,2024,4,Brent,Vehicle Crime,819,9074625,171,27.95,2.81,0.0903
Metropolitan,2024,4,Brent,Violence And Sexual Offences,2379,9074625,180,26.32,2.73,0.2622
Metropolitan,2024,4,Brighton and Hove,Other Crime,3,9074625,3,42.47,5.0,0.0003
Metropolitan,2024,4,Brighton and Hove,Other Theft,1,9074625,1,15.11,3.0,0.0001
Metropolitan,2024,4,Brighton and Hove,Violence And Sexual Offences,5,9074625,5,38.3,5.2,0.0006
Metropolitan,2024,4,Bromley,Bicycle Theft,33,9074625,25,54.26,5.24,0.0036
Metropolitan,2024,4,Bromley,Burglary,433,9074625,163,69.32,6.83,0.0477
Metropolitan,2024,4,Bromley,Criminal Damage And Arson,475,9074625,147,53.61,5.29,0.0523
Metropolitan,2024,4,Bromley,Drugs,293,9074625,109,56.35,5.5,0.0323
Metropolitan,2024,4,Bromley,Other Crime,86,9074625,58,54.06,5.42,0.0095
Metropolitan,2024,4,Bromley,Other Theft,520,9074625,159,60.26,6.05,0.0573
Metropolitan,2024,4,Bromley,Possession Of Weapons,32,9074625,23,55.96,5.53,0.0035
Metropolitan,2024,4,Bromley,Public Order,376,9074625,129,59.11,5.86,0.0414
Metropolitan,2024,4,Bromley,Robbery,147,9074625,73,52.92,5.35,0.0162
Metropolitan,2024,4,Bromley,Shoplifting,807,9074625,67,52.55,5.35,0.0889
Metropolitan,2024,4,Bromley,Theft From The Person,207,9074625,77,55.12,5.65,0.0228
Metropolitan,2024,4,Bromley,Vehicle Crime,881,9074625,190,64.8,6.42,0.0971
Metropolitan,2024,4,Bromley,Violence And Sexual Offences,1792,9074625,191,55.31,5.56,0.1975
Metropolitan,2024,4,Camden,Bicycle Theft,234,9074625,72,37.73,4.86,0.0258
Metropolitan,2024,4,Camden,Burglary,610,9074625,120,42.7,4.99,0.0672
Metropolitan,2024,4,Camden,Criminal Damage And Arson,429,9074625,109,35.74,4.31,0.0473
Metropolitan,2024,4,Camden,Drugs,358,9074625,90,29.83,3.75,0.0395
Metropolitan,2024,4,Camden,Other Crime,64,9074625,45,34.32,4.36,0.0071
Metropolitan,2024,4,Camden,Other Theft,1832,9074625,121,36.34,5.01,0.2019
Metropolitan,2024,4,Camden,Possession Of Weapons,23,9074625,20,34.81,4.04,0.0025
Metropolitan,2024,4,Camden,Public Order,557,9074625,111,37.36,4.74,0.0614
Metropolitan,2024,4,Camden,Robbery,496,9074625,94,36.44,4.67,0.0547
Metropolitan,2024,4,Camden,Shoplifting,943,9074625,61,34.85,4.28,0.1039
Metropolitan,2024,4,Camden,Theft From The Person,2751,9074625,114,35.77,5.06,0.3032
Metropolitan,2024,4,Camden,Vehicle Crime,758,9074625,121,42.61,4.92,0.0835
Metropolitan,2024,4,Camden,Violence And Sexual Offences,1896,9074625,129,34.04,4.21,0.2089
Metropolitan,2024,4,Chichester,Vehicle Crime,1,9074625,1,61.04,7.0,0.0001
Metropolitan,2024,4,Chichester,Violence And Sexual Offences,2,9074625,2,63.56,7.5,0.0002
Metropolitan,2024,4,City of London,Bicycle Theft,9,9074625,4,74.12,8.89,0.001
Metropolitan,2024,4,City of London,Burglary,15,9074625,5,69.64,8.67,0.0017
Metropolitan,2024,4,City of London,Criminal Damage And Arson,11,9074625,4,71.12,9.09,0.0012
Metropolitan,2024,4,City of London,Drugs,8,9074625,3,75.48,9.75,0.0009
Metropolitan,2024,4,City of London,Other Theft,155,9074625,6,72.27,9.45,0.0171
Metropolitan,2024,4,City of London,Public Order,17,9074625,3,66.2,8.53,0.0019
Metropolitan,2024,4,City of London,Robbery,23,9074625,4,69.5,8.91,0.0025
Metropolitan,2024,4,City of London,Shoplifting,62,9074625,5,71.52,8.95,0.0068
Metropolitan,2024,4,City of London,Theft From The Person,149,9074625,6,73.41,9.55,0.0164
Metropolitan,2024,4,City of London,Vehicle Crime,10,9074625,4,69.53,9.0,0.0011
Metropolitan,2024,4,City of London,Violence And Sexual Offences,65,9074625,5,74.4,9.49,0.0072
Metropolitan,2024,4,Coventry,Violence And Sexual Offences,4,9074625,4,32.87,3.25,0.0004
Metropolitan,2024,4,Crawley,Drugs,2,9074625,1,26.01,4.0,0.0002
Metropolitan,2024,4,Crawley,Other Theft,4,9074625,3,33.26,3.25,0.0004
Metropolitan,2024,4,Crawley,Public Order,2,9074625,1,26.01,4.0,0.0002
Metropolitan,2024,4,Crawley,Theft From The Person,3,9074625,3,45.55,5.33,0.0003
Metropolitan,2024,4,Crawley,Vehicle Crime,2,9074625,1,26.01,4.0,0.0002
Metropolitan,2024,4,Crawley,Violence And Sexual Offences,8,9074625,3,25.46,3.38,0.0009
Metropolitan,2024,4,Croydon,Bicycle Theft,48,9074625,32,32.13,3.06,0.0053
Metropolitan,2024,4,Croydon,Burglary,520,9074625,178,40.65,4.04,0.0573
Metropolitan,2024,4,Croydon,Criminal Damage And Arson,706,9074625,190,33.61,3.43,0.0778
Metropolitan,2024,4,Croydon,Drugs,678,9074625,161,42.11,4.12,0.0747
Metropolitan,2024,4,Croydon,Other Crime,161,9074625,105,37.11,3.66,0.0177
Metropolitan,2024,4,Croydon,Other Theft,719,9074625,182,33.3,3.35,0.0792
Metropolitan,2024,4,Croydon,Possession Of Weapons,61,9074625,46,28.29,2.92,0.0067
Metropolitan,2024,4,Croydon,Public Order,502,9074625,167,32.29,3.3,0.0553
Metropolitan,2024,4,Croydon,Robbery,310,9074625,119,32.49,3.23,0.0342
Metropolitan,2024,4,Croydon,Shoplifting,960,9074625,80,33.78,3.44,0.1058
Metropolitan,2024,4,Croydon,Theft From The Person,238,9074625,86,26.31,2.79,0.0262
Metropolitan,2024,4,Croydon,Vehicle Crime,911,9074625,211,39.91,3.94,0.1004
Metropolitan,2024,4,Croydon,Violence And Sexual Offences,3066,9074625,228,34.34,3.43,0.3379
Metropolitan,2024,4,Ealing,Bicycle Theft,106,9074625,56,34.95,3.58,0.0117
Metropolitan,2024,4,Ealing,Burglary,517,9074625,165,34.82,3.33,0.057
Metropolitan,2024,4,Ealing,Criminal Damage And Arson,425,9074625,158,30.52,3.04,0.0468
Metropolitan,2024,4,Ealing,Drugs,345,9074625,123,29.56,2.92,0.038
Metropolitan,2024,4,Ealing,Other Crime,114,9074625,80,30.21,3.01,0.0126
Metropolitan,2024,4,Ealing,Other Theft,782,9074625,172,31.82,3.23,0.0862
Metropolitan,2024,4,Ealing,Possession Of Weapons,30,9074625,27,30.32,2.87,0.0033
Metropolitan,2024,4,Ealing,Public Order,537,9074625,155,29.13,2.93,0.0592
Metropolitan,2024,4,Ealing,Robbery,199,9074625,94,26.43,2.75,0.0219
Metropolitan,2024,4,Ealing,Shoplifting,890,9074625,62,27.93,3.17,0.0981
Metropolitan,2024,4,Ealing,Theft From The Person,340,9074625,103,26.16,2.93,0.0375
Metropolitan,2024,4,Ealing,Vehicle Crime,1108,9074625,191,34.79,3.46,0.1221
Metropolitan,2024,4,Ealing,Violence And Sexual Offences,2645,9074625,198,28.83,2.85,0.2915
Metropolitan,2024,4,Eastbourne,Violence And Sexual Offences,3,9074625,3,28.97,3.0,0.0003
Metropolitan,2024,4,Enfield,Bicycle Theft,54,9074625,30,14.35,1.48,0.006
Metropolitan,2024,4,Enfield,Burglary,546,9074625,167,33.62,3.16,0.0602
Metropolitan,2024,4,Enfield,Criminal Damage And Arson,462,9074625,154,25.73,2.46,0.0509
Metropolitan,2024,4,Enfield,Drugs,516,9074625,135,19.07,1.89,0.0569
Metropolitan,2024,4,Enfield,Other Crime,117,9074625,78,24.23,2.22,0.0129
Metropolitan,2024,4,Enfield,Other Theft,737,9074625,165,24.94,2.32,0.0812
Metropolitan,2024,4,Enfield,Possession Of Weapons,49,9074625,32,17.05,1.59,0.0054
Metropolitan,2024,4,Enfield,Public Order,423,9074625,139,23.44,2.19,0.0466
Metropolitan,2024,4,Enfield,Robbery,265,9074625,105,23.18,2.25,0.0292
Metropolitan,2024,4,Enfield,Shoplifting,891,9074625,42,23.21,2.01,0.0982
Metropolitan,2024,4,Enfield,Theft From The Person,465,9074625,111,22.17,2.1,0.0512
Metropolitan,2024,4,Enfield,Vehicle Crime,1025,9074625,180,30.21,2.84,0.113
Metropolitan,2024,4,Enfield,Violence And Sexual Offences,2193,9074625,182,24.74,2.35,0.2417
Metropolitan,2024,4,Greenwich,Bicycle Theft,75,9074625,41,47.19,4.85,0.0083
Metropolitan,2024,4,Greenwich,Burglary,409,9074625,137,43.26,4.4,0.0451
Metropolitan,2024,4,Greenwich,Criminal Damage And Arson,473,9074625,139,34.26,3.63,0.0521
Metropolitan,2024,4,Greenwich,Drugs,489,9074625,131,35.17,3.67,0.0539
Metropolitan,2024,4,Greenwich,Other Crime,124,9074625,75,35.78,3.8,0.0137
Metropolitan,2024,4,Greenwich,Other Theft,638,9074625,142,39.56,4.16,0.0703
Metropolitan,2024,4,Greenwich,Possession Of Weapons,47,9074625,35,31.99,3.26,0.0052
Metropolitan,2024,4,Greenwich,Public Order,535,9074625,132,35.74,3.79,0.059
Metropolitan,2024,4,Greenwich,Robbery,222,9074625,92,36.76,4.0,0.0245
Metropolitan,2024,4,Greenwich,Shoplifting,608,9074625,61,40.33,4.17,0.067
Metropolitan,2024,4,Greenwich,Theft From The Person,321,9074625,100,43.65,4.77,0.0354
Metropolitan,2024,4,Greenwich,Vehicle Crime,632,9074625,144,38.55,4.06,0.0696
Metropolitan,2024,4,Greenwich,Violence And Sexual Offences,2423,9074625,159,35.09,3.75,0.267
Metropolitan,2024,4,Hackney,Bicycle Theft,374,9074625,109,30.85,3.45,0.0412
Metropolitan,2024,4,Hackney,Burglary,528,9074625,131,29.0,3.25,0.0582
Metropolitan,2024,4,Hackney,Criminal Damage And Arson,365,9074625,128,27.52,3.1,0.0402
Metropolitan,2024,4,Hackney,Drugs,451,9074625,117,29.72,3.39,0.0497
Metropolitan,2024,4,Hackney,Other Crime,85,9074625,61,26.16,2.85,0.0094
Metropolitan,2024,4,Hackney,Other Theft,823,9074625,139,30.33,3.59,0.0907
Metropolitan,2024,4,Hackney,Possession Of Weapons,49,9074625,36,28.61,3.47,0.0054
Metropolitan,2024,4,Hackney,Public Order,488,9074625,118,26.79,3.08,0.0538
Metropolitan,2024,4,Hackney,Robbery,410,9074625,111,31.1,3.58,0.0452
Metropolitan,2024,4,Hackney,Shoplifting,702,9074625,56,24.67,3.18,0.0774
Metropolitan,2024,4,Hackney,Theft From The Person,1262,9074625,136,31.52,3.71,0.1391
Metropolitan,2024,4,Hackney,Vehicle Crime,583,9074625,133,27.27,3.01,0.0642
Metropolitan,2024,4,Hackney,Violence And Sexual Offences,2108,9074625,147,26.2,3.03,0.2323
Metropolitan,2024,4,Hammersmith and Fulham,Bicycle Theft,158,9074625,60,40.0,4.63,0.0174
Metropolitan,2024,4,Hammersmith and Fulham,Burglary,348,9074625,97,42.83,4.79,0.0383
Metropolitan,2024,4,Hammersmith and Fulham,Criminal Damage And Arson,281,9074625,95,41.18,4.71,0.031
Metropolitan,2024,4,Hammersmith and Fulham,Drugs,318,9074625,87,38.76,4.39,0.035
Metropolitan,2024,4,Hammersmith and Fulham,Other Crime,54,9074625,36,38.3,4.41,0.006
Metropolitan,2024,4,Hammersmith and Fulham,Other Theft,573,9074625,104,40.03,4.62,0.0631
Metropolitan,2024,4,Hammersmith and Fulham,Possession Of Weapons,18,9074625,12,32.24,3.89,0.002
Metropolitan,2024,4,Hammersmith and Fulham,Public Order,412,9074625,96,39.06,4.47,0.0454
Metropolitan,2024,4,Hammersmith and Fulham,Robbery,176,9074625,63,36.28,4.23,0.0194
Metropolitan,2024,4,Hammersmith and Fulham,Shoplifting,579,9074625,47,32.18,3.96,0.0638
Metropolitan,2024,4,Hammersmith and Fulham,Theft From The Person,394,9074625,67,33.12,3.97,0.0434
Metropolitan,2024,4,Hammersmith and Fulham,Vehicle Crime,517,9074625,101,44.83,5.03,0.057
Metropolitan,2024,4,Hammersmith and Fulham,Violence And Sexual Offences,1572,9074625,114,39.64,4.52,0.1732
Metropolitan,2024,4,Haringey,Bicycle Theft,65,9074625,39,22.99,2.72,0.0072
Metropolitan,2024,4,Haringey,Burglary,463,9074625,127,36.61,4.06,0.051
Metropolitan,2024,4,Haringey,Criminal Damage And Arson,393,9074625,124,25.2,2.91,0.0433
Metropolitan,2024,4,Haringey,Drugs,376,9074625,102,19.75,2.31,0.0414
Metropolitan,2024,4,Haringey,Other Crime,86,9074625,55,20.76,2.48,0.0095
Metropolitan,2024,4,Haringey,Other Theft,613,9074625,133,22.66,2.68,0.0676
Metropolitan,2024,4,Haringey,Possession Of Weapons,45,9074625,34,19.84,2.49,0.005
Metropolitan,2024,4,Haringey,Public Order,406,9074625,114,22.9,2.68,0.0447
Metropolitan,2024,4,Haringey,Robbery,336,9074625,102,22.09,2.6,0.037
Metropolitan,2024,4,Haringey,Shoplifting,591,9074625,45,20.55,2.59,0.0651
Metropolitan,2024,4,Haringey,Theft From The Person,720,9074625,98,20.21,2.47,0.0793
Metropolitan,2024,4,Haringey,Vehicle Crime,768,9074625,145,30.12,3.39,0.0846
Metropolitan,2024,4,Haringey,Violence And Sexual Offences,1989,9074625,145,22.11,2.6,0.2192
Metropolitan,2024,4,Harrow,Bicycle Theft,25,9074625,18,40.95,3.64,0.0028
Metropolitan,2024,4,Harrow,Burglary,321,9074625,114,51.74,4.42,0.0354
Metropolitan,2024,4,Harrow,Criminal Damage And Arson,238,9074625,97,46.52,4.0,0.0262
Metropolitan,2024,4,Harrow,Drugs,196,9074625,83,44.05,3.86,0.0216
Metropolitan,2024,4,Harrow,Other Crime,67,9074625,55,50.63,4.24,0.0074
Metropolitan,2024,4,Harrow,Other Theft,405,9074625,110,44.68,3.85,0.0446
Metropolitan,2024,4,Harrow,Possession Of Weapons,17,9074625,14,40.51,3.65,0.0019
Metropolitan,2024,4,Harrow,Public Order,246,9074625,82,43.25,3.81,0.0271
Metropolitan,2024,4,Harrow,Robbery,134,9074625,62,45.41,4.06,0.0148
Metropolitan,2024,4,Harrow,Shoplifting,513,9074625,39,44.23,4.09,0.0565
Metropolitan,2024,4,Harrow,Theft From The Person,320,9074625,76,43.2,4.04,0.0353
Metropolitan,2024,4,Harrow,Vehicle Crime,513,9074625,139,51.49,4.22,0.0565
Metropolitan,2024,4,Harrow,Violence And Sexual Offences,1418,9074625,143,45.97,3.89,0.1563
Metropolitan,2024,4,Hastings,Violence And Sexual Offences,1,9074625,1,6.46,1.0,0.0001
Metropolitan,2024,4,Havering,Bicycle Theft,28,9074625,18,47.63,4.82,0.0031
Metropolitan,2024,4,Havering,Burglary,307,9074625,110,52.9,5.15,0.0338
Metropolitan,2024,4,Havering,Criminal Damage And Arson,332,9074625,110,44.36,4.42,0.0366
Metropolitan,2024,4,Havering,Drugs,359,9074625,97,40.96,4.07,0.0396
Metropolitan,2024,4,Havering,Other Crime,86,9074625,65,46.79,4.58,0.0095
Metropolitan,2024,4,Havering,Other Theft,401,9074625,115,42.68,4.24,0.0442
Metropolitan,2024,4,Havering,Possession Of Weapons,35,9074625,26,41.27,4.2,0.0039
Metropolitan,2024,4,Havering,Public Order,342,9074625,99,42.92,4.27,0.0377
Metropolitan,2024,4,Havering,Robbery,130,9074625,60,47.4,4.71,0.0143
Metropolitan,2024,4,Havering,Shoplifting,578,9074625,50,48.95,5.04,0.0637
Metropolitan,2024,4,Havering,Theft From The Person,133,9074625,36,38.36,3.95,0.0147
Metropolitan,2024,4,Havering,Vehicle Crime,514,9074625,141,53.66,5.3,0.0566
Metropolitan,2024,4,Havering,Violence And Sexual Offences,1572,9074625,151,46.21,4.61,0.1732
Metropolitan,2024,4,Hillingdon,Bicycle Theft,57,9074625,35,35.84,3.49,0.0063
Metropolitan,2024,4,Hillingdon,Burglary,389,9074625,132,42.48,4.13,0.0429
Metropolitan,2024,4,Hillingdon,Criminal Damage And Arson,587,9074625,138,38.24,3.87,0.0647
Metropolitan,2024,4,Hillingdon,Drugs,267,9074625,95,33.86,3.45,0.0294
Metropolitan,2024,4,Hillingdon,Other Crime,461,9074625,67,23.59,3.17,0.0508
Metropolitan,2024,4,Hillingdon,Other Theft,880,9074625,145,32.26,3.55,0.097
Metropolitan,2024,4,Hillingdon,Possession Of Weapons,37,9074625,21,24.53,2.76,0.0041
Metropolitan,2024,4,Hillingdon,Public Order,501,9074625,121,35.67,3.59,0.0552
Metropolitan,2024,4,Hillingdon,Robbery,191,9074625,77,35.29,3.48,0.021
Metropolitan,2024,4,Hillingdon,Shoplifting,776,9074625,68,35.43,3.55,0.0855
Metropolitan,2024,4,Hillingdon,Theft From The Person,288,9074625,89,33.6,3.37,0.0317
Metropolitan,2024,4,Hillingdon,Vehicle Crime,890,9074625,155,39.76,3.97,0.0981
Metropolitan,2024,4,Hillingdon,Violence And Sexual Offences,2214,9074625,167,36.6,3.7,0.244
Metropolitan,2024,4,Horsham,Violence And Sexual Offences,3,9074625,2,82.75,9.0,0.0003
Metropolitan,2024,4,Hounslow,Bicycle Theft,130,9074625,61,42.38,4.57,0.0143
Metropolitan,2024,4,Hounslow,Burglary,405,9074625,133,38.07,4.02,0.0446
Metropolitan,2024,4,Hounslow,Criminal Damage And Arson,437,9074625,135,34.04,3.62,0.0482
Metropolitan,2024,4,Hounslow,Drugs,250,9074625,111,31.98,3.31,0.0275
Metropolitan,2024,4,Hounslow,Other Crime,117,9074625,69,32.91,3.36,0.0129
Metropolitan,2024,4,Hounslow,Other Theft,589,9074625,130,35.03,3.73,0.0649
Metropolitan,2024,4,Hounslow,Possession Of Weapons,33,9074625,28,32.44,3.3,0.0036
Metropolitan,2024,4,Hounslow,Public Order,400,9074625,127,33.98,3.57,0.0441
Metropolitan,2024,4,Hounslow,Robbery,158,9074625,80,35.34,3.81,0.0174
Metropolitan,2024,4,Hounslow,Shoplifting,648,9074625,69,39.68,4.13,0.0714
Metropolitan,2024,4,Hounslow,Theft From The Person,320,9074625,89,29.37,3.05,0.0353
Metropolitan,2024,4,Hounslow,Vehicle Crime,840,9074625,141,39.98,4.37,0.0926
Metropolitan,2024,4,Hounslow,Violence And Sexual Offences,2240,9074625,150,32.69,3.42,0.2468
Metropolitan,2024,4,Islington,Bicycle Theft,237,9074625,80,34.43,3.83,0.0261
Metropolitan,2024,4,Islington,Burglary,461,9074625,113,34.76,3.88,0.0508
Metropolitan,2024,4,Islington,Criminal Damage And Arson,381,9074625,108,33.67,3.78,0.042
Metropolitan,2024,4,Islington,Drugs,342,9074625,97,27.98,2.96,0.0377
Metropolitan,2024,4,Islington,Other Crime,62,9074625,42,30.38,3.44,0.0068
Metropolitan,2024,4,Islington,Other Theft,1026,9074625,119,36.55,3.98,0.1131
Metropolitan,2024,4,Islington,Possession Of Weapons,21,9074625,19,29.24,3.33,0.0023
Metropolitan,2024,4,Islington,Public Order,512,9074625,109,33.33,3.81,0.0564
Metropolitan,2024,4,Islington,Robbery,360,9074625,89,34.77,3.77,0.0397
Metropolitan,2024,4,Islington,Shoplifting,799,9074625,58,34.56,4.11,0.088
Metropolitan,2024,4,Islington,Theft From The Person,1179,9074625,106,36.16,3.88,0.1299
Metropolitan,2024,4,Islington,Vehicle Crime,626,9074625,122,32.5,3.68,0.069
Metropolitan,2024,4,Islington,Violence And Sexual Offences,2011,9074625,126,32.82,3.67,0.2216
Metropolitan,2024,4,Kensington and Chelsea,Bicycle Theft,74,9074625,51,53.7,7.05,0.0082
Metropolitan,2024,4,Kensington and Chelsea,Burglary,399,9074625,94,51.39,6.72,0.044
Metropolitan,2024,4,Kensington and Chelsea,Criminal Damage And Arson,301,9074625,91,47.82,6.29,0.0332
Metropolitan,2024,4,Kensington and Chelsea,Drugs,183,9074625,67,42.65,5.56,0.0202
Metropolitan,2024,4,Kensington and Chelsea,Other Crime,47,9074625,39,45.56,5.85,0.0052
Metropolitan,2024,4,Kensington and Chelsea,Other Theft,846,9074625,96,53.7,7.27,0.0932
Metropolitan,2024,4,Kensington and Chelsea,Possession Of Weapons,17,9074625,16,43.37,5.65,0.0019
Metropolitan,2024,4,Kensington and Chelsea,Public Order,290,9074625,83,43.78,5.88,0.032
Metropolitan,2024,4,Kensington and Chelsea,Robbery,184,9074625,66,45.41,6.02,0.0203
Metropolitan,2024,4,Kensington and Chelsea,Shoplifting,675,9074625,56,49.07,6.58,0.0744
Metropolitan,2024,4,Kensington and Chelsea,Theft From The Person,673,9074625,88,57.49,7.64,0.0742
Metropolitan,2024,4,Kensington and Chelsea,Vehicle Crime,705,9074625,98,58.13,7.76,0.0777
Metropolitan,2024,4,Kensington and Chelsea,Violence And Sexual Offences,1203,9074625,100,44.04,5.72,0.1326
Metropolitan,2024,4,Kingston upon Thames,Bicycle Theft,85,9074625,30,65.87,6.15,0.0094
Metropolitan,2024,4,Kingston upon Thames,Burglary,160,9074625,68,69.53,6.27,0.0176
Metropolitan,2024,4,Kingston upon Thames,Criminal Damage And Arson,205,9074625,65,63.45,5.74,0.0226
Metropolitan,2024,4,Kingston upon Thames,Drugs,145,9074625,35,57.15,5.26,0.016
Metropolitan,2024,4,Kingston upon Thames,Other Crime,44,9074625,32,62.22,5.61,0.0048
Metropolitan,2024,4,Kingston upon Thames,Other Theft,248,9074625,66,63.85,5.91,0.0273
Metropolitan,2024,4,Kingston upon Thames,Possession Of Weapons,14,9074625,10,65.7,5.93,0.0015
Metropolitan,2024,4,Kingston upon Thames,Public Order,175,9074625,54,63.35,5.78,0.0193
Metropolitan,2024,4,Kingston upon Thames,Robbery,63,9074625,31,65.12,5.98,0.0069
Metropolitan,2024,4,Kingston upon Thames,Shoplifting,350,9074625,36,65.08,6.06,0.0386
Metropolitan,2024,4,Kingston upon Thames,Theft From The Person,147,9074625,27,63.18,5.86,0.0162
Metropolitan,2024,4,Kingston upon Thames,Vehicle Crime,222,9074625,79,72.22,6.7,0.0245
Metropolitan,2024,4,Kingston upon Thames,Violence And Sexual Offences,818,9074625,97,62.14,5.62,0.0901
Metropolitan,2024,4,Lambeth,Bicycle Theft,217,9074625,84,42.85,5.12,0.0239
Metropolitan,2024,4,Lambeth,Burglary,538,9074625,156,40.52,4.71,0.0593
Metropolitan,2024,4,Lambeth,Criminal Damage And Arson,531,9074625,155,39.45,4.56,0.0585
Metropolitan,2024,4,Lambeth,Drugs,470,9074625,132,35.44,4.12,0.0518
Metropolitan,2024,4,Lambeth,Other Crime,109,9074625,78,36.4,4.21,0.012
Metropolitan,2024,4,Lambeth,Other Theft,1107,9074625,160,41.81,5.05,0.122
Metropolitan,2024,4,Lambeth,Possession Of Weapons,47,9074625,34,38.29,4.74,0.0052
Metropolitan,2024,4,Lambeth,Public Order,526,9074625,147,38.02,4.56,0.058
Metropolitan,2024,4,Lambeth,Robbery,547,9074625,125,39.69,4.71,0.0603
Metropolitan,2024,4,Lambeth,Shoplifting,675,9074625,68,35.81,4.33,0.0744
Metropolitan,2024,4,Lambeth,Theft From The Person,1377,9074625,135,41.9,5.25,0.1517
Metropolitan,2024,4,Lambeth,Vehicle Crime,668,9074625,168,43.43,4.88,0.0736
Metropolitan,2024,4,Lambeth,Violence And Sexual Offences,2535,9074625,180,37.91,4.47,0.2794
Metropolitan,2024,4,Lewes,Violence And Sexual Offences,1,9074625,1,53.8,4.0,0.0001
Metropolitan,2024,4,Lewisham,Bicycle Theft,75,9074625,52,32.77,3.68,0.0083
Metropolitan,2024,4,Lewisham,Burglary,398,9074625,151,34.2,3.69,0.0439
Metropolitan,2024,4,Lewisham,Criminal Damage And Arson,501,9074625,158,32.99,3.59,0.0552
Metropolitan,2024,4,Lewisham,Drugs,566,9074625,148,31.06,3.47,0.0624
Metropolitan,2024,4,Lewisham,Other Crime,95,9074625,71,30.46,3.32,0.0105
Metropolitan,2024,4,Lewisham,Other Theft,686,9074625,163,33.43,3.71,0.0756
Metropolitan,2024,4,Lewisham,Possession Of Weapons,39,9074625,36,27.99,3.18,0.0043
Metropolitan,2024,4,Lewisham,Public Order,516,9074625,136,32.17,3.59,0.0569
Metropolitan,2024,4,Lewisham,Robbery,278,9074625,100,32.58,3.71,0.0306
Metropolitan,2024,4,Lewisham,Shoplifting,505,9074625,65,33.28,4.11,0.0556
Metropolitan,2024,4,Lewisham,Theft From The Person,483,9074625,120,34.72,4.12,0.0532
Metropolitan,2024,4,Lewisham,Vehicle Crime,756,9074625,170,34.87,3.75,0.0833
Metropolitan,2024,4,Lewisham,Violence And Sexual Offences,2462,9074625,173,31.01,3.42,0.2713
Metropolitan,2024,4,Merton,Bicycle Theft,41,9074625,27,57.74,5.1,0.0045
Metropolitan,2024,4,Merton,Burglary,238,9074625,100,65.26,6.06,0.0262
Metropolitan,2024,4,Merton,Criminal Damage And Arson,254,9074625,98,57.54,5.18,0.028
Metropolitan,2024,4,Merton,Drugs,182,9074625,73,49.15,4.42,0.0201
Metropolitan,2024,4,Merton,Other Crime,48,9074625,37,54.8,4.83,0.0053
Metropolitan,2024,4,Merton,Other Theft,287,9074625,95,60.05,5.49,0.0316
Metropolitan,2024,4,Merton,Possession Of Weapons,13,9074625,10,50.87,4.54,0.0014
Metropolitan,2024,4,Merton,Public Order,237,9074625,82,57.24,5.43,0.0261
Metropolitan,2024,4,Merton,Robbery,86,9074625,45,54.43,4.9,0.0095
Metropolitan,2024,4,Merton,Shoplifting,514,9074625,49,70.63,7.41,0.0566
Metropolitan,2024,4,Merton,Theft From The Person,104,9074625,56,61.29,5.78,0.0115
Metropolitan,2024,4,Merton,Vehicle Crime,350,9074625,118,61.04,5.51,0.0386
Metropolitan,2024,4,Merton,Violence And Sexual Offences,1008,9074625,121,55.68,4.95,0.1111
Metropolitan,2024,4,Mid Sussex,Violence And Sexual Offences,2,9074625,2,74.46,6.0,0.0002
Metropolitan,2024,4,Newham,Bicycle Theft,152,9074625,72,26.65,2.95,0.0168
Metropolitan,2024,4,Newham,Burglary,470,9074625,160,27.69,2.71,0.0518
Metropolitan,2024,4,Newham,Criminal Damage And Arson,460,9074625,147,22.59,2.26,0.0507
Metropolitan,2024,4,Newham,Drugs,758,9074625,135,25.5,2.65,0.0835
Metropolitan,2024,4,Newham,Other Crime,176,9074625,103,23.13,2.24,0.0194
Metropolitan,2024,4,Newham,Other Theft,1257,9074625,173,26.88,3.03,0.1385
Metropolitan,2024,4,Newham,Possession Of Weapons,57,9074625,37,23.63,2.67,0.0063
Metropolitan,2024,4,Newham,Public Order,524,9074625,148,22.62,2.49,0.0577
Metropolitan,2024,4,Newham,Robbery,449,9074625,131,23.96,2.53,0.0495
Metropolitan,2024,4,Newham,Shoplifting,1205,9074625,69,29.83,3.79,0.1328
Metropolitan,2024,4,Newham,Theft From The Person,1174,9074625,151,28.3,3.62,0.1294
Metropolitan,2024,4,Newham,Vehicle Crime,1016,9074625,176,23.86,2.38,0.112
Metropolitan,2024,4,Newham,Violence And Sexual Offences,2687,9074625,182,23.17,2.4,0.2961
Metropolitan,2024,4,Redbridge,Bicycle Theft,53,9074625,30,38.29,3.75,0.0058
Metropolitan,2024,4,Redbridge,Burglary,358,9074625,129,49.21,4.48,0.0395
Metropolitan,2024,4,Redbridge,Criminal Damage And Arson,345,9074625,127,42.99,3.82,0.038
Metropolitan,2024,4,Redbridge,Drugs,342,9074625,108,40.33,3.54,0.0377
Metropolitan,2024,4,Redbridge,Other Crime,102,9074625,69,42.47,3.81,0.0112
Metropolitan,2024,4,Redbridge,Other Theft,558,9074625,141,39.63,3.62,0.0615
Metropolitan,2024,4,Redbridge,Possession Of Weapons,33,9074625,30,40.13,3.67,0.0036
Metropolitan,2024,4,Redbridge,Public Order,300,9074625,112,40.01,3.6,0.0331
Metropolitan,2024,4,Redbridge,Robbery,176,9074625,82,41.86,3.82,0.0194
Metropolitan,2024,4,Redbridge,Shoplifting,402,9074625,45,37.36,3.41,0.0443
Metropolitan,2024,4,Redbridge,Theft From The Person,378,9074625,74,26.84,2.64,0.0417
Metropolitan,2024,4,Redbridge,Vehicle Crime,829,9074625,160,50.28,4.43,0.0914
Metropolitan,2024,4,Redbridge,Violence And Sexual Offences,2048,9074625,160,40.64,3.66,0.2257
Metropolitan,2024,4,Richmond upon Thames,Bicycle Theft,104,9074625,53,77.36,7.64,0.0115
Metropolitan,2024,4,Richmond upon Thames,Burglary,256,9074625,97,75.54,7.69,0.0282
Metropolitan,2024,4,Richmond upon Thames,Criminal Damage And Arson,250,9074625,95,73.97,7.42,0.0275
Metropolitan,2024,4,Richmond upon Thames,Drugs,163,9074625,68,68.41,6.78,0.018
Metropolitan,2024,4,Richmond upon Thames,Other Crime,49,9074625,37,68.59,6.82,0.0054
Metropolitan,2024,4,Richmond upon Thames,Other Theft,324,9074625,98,73.1,7.58,0.0357
Metropolitan,2024,4,Richmond upon Thames,Possession Of Weapons,11,9074625,9,49.06,4.73,0.0012
Metropolitan,2024,4,Richmond upon Thames,Public Order,164,9074625,74,72.24,7.45,0.0181
Metropolitan,2024,4,Richmond upon Thames,Robbery,69,9074625,41,73.3,7.8,0.0076
Metropolitan,2024,4,Richmond upon Thames,Shoplifting,345,9074625,40,69.53,7.45,0.038
Metropolitan,2024,4,Richmond upon Thames,Theft From The Person,88,9074625,46,71.42,7.67,0.0097
Metropolitan,2024,4,Richmond upon Thames,Vehicle Crime,444,9074625,105,75.51,7.67,0.0489
Metropolitan,2024,4,Richmond upon Thames,Violence And Sexual Offences,854,9074625,112,71.7,7.23,0.0941
Metropolitan,2024,4,Rother,Violence And Sexual Offences,2,9074625,2,37.85,7.0,0.0002
Metropolitan,2024,4,Sandwell,Other Theft,1,9074625,1,17.86,3.0,0.0001
Metropolitan,2024,4,Sandwell,Public Order,1,9074625,1,42.85,5.0,0.0001
Metropolitan,2024,4,Sandwell,Theft From The Person,1,9074625,1,17.72,2.0,0.0001
Metropolitan,2024,4,Sandwell,Violence And Sexual Offences,1,9074625,1,1.74,1.0,0.0001
Metropolitan,2024,4,Solihull,Other Theft,1,9074625,1,56.48,6.0,0.0001
Metropolitan,2024,4,Solihull,Theft From The Person,1,9074625,1,47.34,6.0,0.0001
Metropolitan,2024,4,Southwark,Bicycle Theft,245,9074625,98,39.96,4.58,0.027
Metropolitan,2024,4,Southwark,Burglary,669,9074625,155,39.12,4.28,0.0737
Metropolitan,2024,4,Southwark,Criminal Damage And Arson,578,9074625,148,35.72,3.86,0.0637
Metropolitan,2024,4,Southwark,Drugs,617,9074625,148,36.93,3.95,0.068
Metropolitan,2024,4,Southwark,Other Crime,83,9074625,63,34.26,3.77,0.0091
Metropolitan,2024,4,Southwark,Other Theft,1284,9074625,164,40.93,4.53,0.1415
Metropolitan,2024,4,Southwark,Possession Of Weapons,54,9074625,40,31.23,3.41,0.006
Metropolitan,2024,4,Southwark,Public Order,476,9074625,142,35.6,4.04,0.0525
Metropolitan,2024,4,Southwark,Robbery,514,9074625,135,39.53,4.44,0.0566
Metropolitan,2024,4,Southwark,Shoplifting,1375,9074625,72,30.5,3.45,0.1515
Metropolitan,2024,4,Southwark,Theft From The Person,1625,9074625,147,41.67,4.71,0.1791
Metropolitan,2024,4,Southwark,Vehicle Crime,648,9074625,155,41.51,4.69,0.0714
Metropolitan,2024,4,Southwark,Violence And Sexual Offences,2324,9074625,173,36.15,4.01,0.2561
Metropolitan,2024,4,Sutton,Bicycle Theft,25,9074625,19,51.38,4.8,0.0028
Metropolitan,2024,4,Sutton,Burglary,224,9074625,97,66.47,6.29,0.0247
Metropolitan,2024,4,Sutton,Criminal Damage And Arson,246,9074625,89,56.02,5.23,0.0271
Metropolitan,2024,4,Sutton,Drugs,178,9074625,72,54.16,4.97,0.0196
Metropolitan,2024,4,Sutton,Other Crime,51,9074625,38,53.11,4.92,0.0056
Metropolitan,2024,4,Sutton,Other Theft,248,9074625,90,56.82,5.31,0.0273
Metropolitan,2024,4,Sutton,Possession Of Weapons,14,9074625,13,44.86,4.29,0.0015
Metropolitan,2024,4,Sutton,Public Order,250,9074625,87,47.15,4.43,0.0275
Metropolitan,2024,4,Sutton,Robbery,60,9074625,32,54.35,5.03,0.0066
Metropolitan,2024,4,Sutton,Shoplifting,295,9074625,29,43.76,4.11,0.0325
Metropolitan,2024,4,Sutton,Theft From The Person,59,9074625,29,45.57,4.2,0.0065
Metropolitan,2024,4,Sutton,Vehicle Crime,391,9074625,111,63.21,5.99,0.0431
Metropolitan,2024,4,Sutton,Violence And Sexual Offences,1189,9074625,117,52.39,4.89,0.131
Metropolitan,2024,4,Tower Hamlets,Bicycle Theft,307,9074625,100,30.59,2.94,0.0338
Metropolitan,2024,4,Tower Hamlets,Burglary,727,9074625,149,30.89,3.01,0.0801
Metropolitan,2024,4,Tower Hamlets,Criminal Damage And Arson,506,9074625,144,25.72,2.41,0.0558
Metropolitan,2024,4,Tower Hamlets,Drugs,552,9074625,136,26.02,2.43,0.0608
Metropolitan,2024,4,Tower Hamlets,Other Crime,132,9074625,83,24.78,2.23,0.0145
Metropolitan,2024,4,Tower Hamlets,Other Theft,975,9074625,158,32.51,3.15,0.1074
Metropolitan,2024,4,Tower Hamlets,Possession Of Weapons,52,9074625,39,28.24,2.65,0.0057
Metropolitan,2024,4,Tower Hamlets,Public Order,556,9074625,137,27.28,2.63,0.0613
Metropolitan,2024,4,Tower Hamlets,Robbery,342,9074625,114,28.23,2.68,0.0377
Metropolitan,2024,4,Tower Hamlets,Shoplifting,615,9074625,72,37.15,3.88,0.0678
Metropolitan,2024,4,Tower Hamlets,Theft From The Person,743,9074625,129,30.5,3.0,0.0819
Metropolitan,2024,4,Tower Hamlets,Vehicle Crime,791,9074625,153,25.73,2.38,0.0872
Metropolitan,2024,4,Tower Hamlets,Violence And Sexual Offences,2587,9074625,162,26.47,2.48,0.2851
Metropolitan,2024,4,Walsall,Burglary,1,9074625,1,10.07,1.0,0.0001
Metropolitan,2024,4,Walsall,Other Theft,1,9074625,1,2.29,1.0,0.0001
Metropolitan,2024,4,Walsall,Theft From The Person,1,9074625,1,12.04,2.0,0.0001
Metropolitan,2024,4,Walsall,Violence And Sexual Offences,4,9074625,3,15.44,2.0,0.0004
Metropolitan,2024,4,Waltham Forest,Bicycle Theft,86,9074625,44,34.87,3.24,0.0095
Metropolitan,2024,4,Waltham Forest,Burglary,325,9074625,111,38.61,3.7,0.0358
Metropolitan,2024,4,Waltham Forest,Criminal Damage And Arson,424,9074625,124,35.97,3.46,0.0467
Metropolitan,2024,4,Waltham Forest,Drugs,430,9074625,118,35.82,3.33,0.0474
Metropolitan,2024,4,Waltham Forest,Other Crime,89,9074625,61,37.63,3.51,0.0098
Metropolitan,2024,4,Waltham Forest,Other Theft,609,9074625,133,36.26,3.48,0.0671
Metropolitan,2024,4,Waltham Forest,Possession Of Weapons,44,9074625,32,31.74,3.18,0.0048
Metropolitan,2024,4,Waltham Forest,Public Order,323,9074625,114,34.89,3.34,0.0356
Metropolitan,2024,4,Waltham Forest,Robbery,270,9074625,83,33.64,3.33,0.0298
Metropolitan,2024,4,Waltham Forest,Shoplifting,501,9074625,44,33.91,3.54,0.0552
Metropolitan,2024,4,Waltham Forest,Theft From The Person,528,9074625,100,33.62,3.27,0.0582
Metropolitan,2024,4,Waltham Forest,Vehicle Crime,1044,9074625,141,39.32,3.67,0.115
Metropolitan,2024,4,Waltham Forest,Violence And Sexual Offences,1726,9074625,146,35.05,3.31,0.1902
Metropolitan,2024,4,Wandsworth,Bicycle Theft,108,9074625,68,59.34,6.05,0.0119
Metropolitan,2024,4,Wandsworth,Burglary,455,9074625,141,59.46,5.84,0.0501
Metropolitan,2024,4,Wandsworth,Criminal Damage And Arson,368,9074625,140,56.19,5.68,0.0406
Metropolitan,2024,4,Wandsworth,Drugs,289,9074625,113,50.45,4.83,0.0318
Metropolitan,2024,4,Wandsworth,Other Crime,85,9074625,62,54.09,5.52,0.0094
Metropolitan,2024,4,Wandsworth,Other Theft,693,9074625,165,57.96,5.9,0.0764
Metropolitan,2024,4,Wandsworth,Possession Of Weapons,26,9074625,20,46.8,4.23,0.0029
Metropolitan,2024,4,Wandsworth,Public Order,420,9074625,126,55.14,5.5,0.0463
Metropolitan,2024,4,Wandsworth,Robbery,236,9074625,96,55.86,5.69,0.026
Metropolitan,2024,4,Wandsworth,Shoplifting,695,9074625,68,56.01,5.71,0.0766
Metropolitan,2024,4,Wandsworth,Theft From The Person,429,9074625,98,56.51,6.03,0.0473
Metropolitan,2024,4,Wandsworth,Vehicle Crime,610,9074625,168,63.33,6.38,0.0672
Metropolitan,2024,4,Wandsworth,Violence And Sexual Offences,1807,9074625,183,53.01,5.23,0.1991
Metropolitan,2024,4,Wealden,Violence And Sexual Offences,1,9074625,1,61.1,7.0,0.0001
Metropolitan,2024,4,Westminster,Bicycle Theft,248,9074625,72,48.92,6.2,0.0273
Metropolitan,2024,4,Westminster,Burglary,780,9074625,112,45.16,5.68,0.086
Metropolitan,2024,4,Westminster,Criminal Damage And Arson,613,9074625,114,45.34,5.68,0.0676
Metropolitan,2024,4,Westminster,Drugs,504,9074625,90,41.0,5.41,0.0555
Metropolitan,2024,4,Westminster,Other Crime,103,9074625,54,41.11,5.25,0.0114
Metropolitan,2024,4,Westminster,Other Theft,5238,9074625,118,45.85,6.1,0.5772
Metropolitan,2024,4,Westminster,Possession Of Weapons,36,9074625,21,42.07,5.61,0.004
Metropolitan,2024,4,Westminster,Public Order,801,9074625,108,45.56,5.96,0.0883
Metropolitan,2024,4,Westminster,Robbery,1064,9074625,104,44.97,5.95,0.1173
Metropolitan,2024,4,Westminster,Shoplifting,1646,9074625,62,51.06,6.6,0.1814
Metropolitan,2024,4,Westminster,Theft From The Person,10691,9074625,111,45.17,6.11,1.1781
Metropolitan,2024,4,Westminster,Vehicle Crime,1068,9074625,109,49.15,6.26,0.1177
Metropolitan,2024,4,Westminster,Violence And Sexual Offences,3291,9074625,122,43.72,5.67,0.3627
Metropolitan,2024,4,Wolverhampton,Other Crime,1,9074625,1,14.8,2.0,0.0001
Metropolitan,2024,4,Wolverhampton,Other Theft,1,9074625,1,13.93,3.0,0.0001
Metropolitan,2024,4,Wolverhampton,Theft From The Person,2,9074625,2,14.62,1.5,0.0002
Metropolitan,2024,4,Wolverhampton,Violence And Sexual Offences,5,9074625,4,11.08,1.4,0.0006
Metropolitan,2024,4,Worthing,Violence And Sexual Offences,1,9074625,1,38.97,4.0,0.0001
Metropolitan,2025,1,Adur,Other Crime,1,9169420,1,69.82,7.0,0.0001
Metropolitan,2025,1,Arun,Violence And Sexual Offences,1,9169420,1,6.69,1.0,0.0001
Metropolitan,2025,1,Barking and Dagenham,Bicycle Theft,19,9169420,12,18.65,1.63,0.0021
Metropolitan,2025,1,Barking and Dagenham,Burglary,245,9169420,94,24.46,2.22,0.0267
Metropolitan,2025,1,Barking and Dagenham,Criminal Damage And Arson,307,9169420,96,23.29,2.15,0.0335
Metropolitan,2025,1,Barking and Dagenham,Drugs,281,9169420,83,23.49,2.21,0.0306
Metropolitan,2025,1,Barking and Dagenham,Other Crime,77,9169420,56,24.64,2.25,0.0084
Metropolitan,2025,1,Barking and Dagenham,Other Theft,369,9169420,105,23.77,2.23,0.0402
Metropolitan,2025,1,Barking and Dagenham,Possession Of Weapons,25,9169420,21,26.99,2.24,0.0027
Metropolitan,2025,1,Barking and Dagenham,Public Order,232,9169420,90,22.97,2.13,0.0253
Metropolitan,2025,1,Barking and Dagenham,Robbery,246,9169420,84,23.43,2.21,0.0268
Metropolitan,2025,1,Barking and Dagenham,Shoplifting,297,9169420,34,22.35,2.12,0.0324
Metropolitan,2025,1,Barking and Dagenham,Theft From The Person,196,9169420,66,20.48,1.92,0.0214
Metropolitan,2025,1,Barking and Dagenham,Vehicle Crime,521,9169420,110,25.5,2.34,0.0568
Metropolitan,2025,1,Barking and Dagenham,Violence And Sexual Offences,1750,9169420,115,24.18,2.22,0.1909
Metropolitan,2025,1,Barnet,Bicycle Theft,40,9169420,34,44.98,4.4,0.0044
Metropolitan,2025,1,Barnet,Burglary,639,9169420,198,49.96,4.8,0.0697
Metropolitan,2025,1,Barnet,Criminal Damage And Arson,448,9169420,173,41.25,4.01,0.0489
Metropolitan,2025,1,Barnet,Drugs,367,9169420,139,42.3,4.01,0.04
Metropolitan,2025,1,Barnet,Other Crime,100,9169420,77,45.23,4.2,0.0109
Metropolitan,2025,1,Barnet,Other Theft,630,9169420,185,41.8,3.97,0.0687
Metropolitan,2025,1,Barnet,Possession Of Weapons,27,9169420,25,49.96,4.89,0.0029
Metropolitan,2025,1,Barnet,Public Order,417,9169420,161,39.75,3.72,0.0455
Metropolitan,2025,1,Barnet,Robbery,141,9169420,77,37.96,3.65,0.0154
Metropolitan,2025,1,Barnet,Shoplifting,662,9169420,67,38.59,3.68,0.0722
Metropolitan,2025,1,Barnet,Theft From The Person,285,9169420,101,38.71,3.93,0.0311
Metropolitan,2025,1,Barnet,Vehicle Crime,979,9169420,209,47.15,4.51,0.1068
Metropolitan,2025,1,Barnet,Violence And Sexual Offences,1941,9169420,216,40.86,3.84,0.2117
Metropolitan,2025,1,Bexley,Bicycle Theft,12,9169420,11,47.53,4.92,0.0013
Metropolitan,2025,1,Bexley,Burglary,201,9169420,97,60.55,6.18,0.0219
Metropolitan,2025,1,Bexley,Criminal Damage And Arson,383,9169420,107,51.44,5.18,0.0418
Metropolitan,2025,1,Bexley,Drugs,234,9169420,87,51.32,5.13,0.0255
Metropolitan,2025,1,Bexley,Other Crime,64,9169420,51,58.46,5.86,0.007
Metropolitan,2025,1,Bexley,Other Theft,296,9169420,121,54.65,5.56,0.0323
Metropolitan,2025,1,Bexley,Possession Of Weapons,21,9169420,20,52.5,5.33,0.0023
Metropolitan,2025,1,Bexley,Public Order,251,9169420,95,48.32,4.94,0.0274
Metropolitan,2025,1,Bexley,Robbery,86,9169420,47,52.11,5.43,0.0094
Metropolitan,2025,1,Bexley,Shoplifting,511,9169420,45,52.29,5.49,0.0557
Metropolitan,2025,1,Bexley,Theft From The Person,78,9169420,37,51.13,5.32,0.0085
Metropolitan,2025,1,Bexley,Vehicle Crime,421,9169420,128,60.06,6.03,0.0459
Metropolitan,2025,1,Bexley,Violence And Sexual Offences,1389,9169420,145,50.01,5.09,0.1515
Metropolitan,2025,1,Birmingham,Other Crime,1,9169420,1,47.83,9.0,0.0001
Metropolitan,2025,1,Birmingham,Public Order,1,9169420,1,2.15,1.0,0.0001
Metropolitan,2025,1,Birmingham,Vehicle Crime,1,9169420,1,60.72,6.0,0.0001
Metropolitan,2025,1,Birmingham,Violence And Sexual Offences,22,9169420,19,26.48,3.64,0.0024
Metropolitan,2025,1,Brent,Bicycle Theft,52,9169420,39,26.72,2.69,0.0057
Metropolitan,2025,1,Brent,Burglary,410,9169420,149,28.08,2.81,0.0447
Metropolitan,2025,1,Brent,Criminal Damage And Arson,455,9169420,149,23.83,2.44,0.0496
Metropolitan,2025,1,Brent,Drugs,512,9169420,144,23.14,2.38,0.0558
Metropolitan,2025,1,Brent,Other Crime,106,9169420,66,23.14,2.38,0.0116
Metropolitan,2025,1,Brent,Other Theft,767,9169420,163,27.54,2.79,0.0836
Metropolitan,2025,1,Brent,Possession Of Weapons,44,9169420,30,23.26,2.39,0.0048
Metropolitan,2025,1,Brent,Public Order,454,9169420,135,25.54,2.65,0.0495
Metropolitan,2025,1,Brent,Robbery,251,9169420,93,23.42,2.47,0.0274
Metropolitan,2025,1,Brent,Shoplifting,810,9169420,61,29.04,2.93,0.0883
Metropolitan,2025,1,Brent,Theft From The Person,703,9169420,119,29.13,2.92,0.0767
Metropolitan,2025,1,Brent,Vehicle Crime,681,9169420,169,28.36,2.88,0.0743
Metropolitan,2025,1,Brent,Violence And Sexual Offences,2340,9169420,180,25.31,2.62,0.2552
Metropolitan,2025,1,Brighton and Hove,Other Crime,1,9169420,1,79.43,8.0,0.0001
Metropolitan,2025,1,Brighton and Hove,Public Order,2,9169420,2,30.35,4.0,0.0002
Metropolitan,2025,1,Brighton and Hove,Theft From The Person,1,9169420,1,44.52,6.0,0.0001
Metropolitan,2025,1,Brighton and Hove,Violence And Sexual Offences,6,9169420,6,34.55,5.0,0.0007
Metropolitan,2025,1,Bromley,Bicycle Theft,15,9169420,14,70.23,6.73,0.0016
Metropolitan,2025,1,Bromley,Burglary,383,9169420,154,67.28,6.61,0.0418
Metropolitan,2025,1,Bromley,Criminal Damage And Arson,515,9169420,159,58.85,5.92,0.0562
Metropolitan,2025,1,Bromley,Drugs,242,9169420,112,57.94,5.72,0.0264
Metropolitan,2025,1,Bromley,Other Crime,88,9169420,61,56.61,5.67,0.0096
Metropolitan,2025,1,Bromley,Other Theft,443,9169420,156,61.59,6.12,0.0483
Metropolitan,2025,1,Bromley,Possession Of Weapons,27,9169420,24,51.89,5.26,0.0029
Metropolitan,2025,1,Bromley,Public Order,380,9169420,135,60.37,5.97,0.0414
Metropolitan,2025,1,Bromley,Robbery,126,9169420,66,59.16,5.9,0.0137
Metropolitan,2025,1,Bromley,Shoplifting,759,9169420,69,55.44,5.65,0.0828
Metropolitan,2025,1,Bromley,Theft From The Person,151,9169420,57,49.43,5.21,0.0165
Metropolitan,2025,1,Bromley,Vehicle Crime,804,9169420,189,66.58,6.63,0.0877
Metropolitan,2025,1,Bromley,Violence And Sexual Offences,1781,9169420,192,56.12,5.65,0.1942
Metropolitan,2025,1,Camden,Bicycle Theft,195,9169420,74,38.77,5.01,0.0213
Metropolitan,2025,1,Camden,Burglary,589,9169420,121,41.81,4.85,0.0642
Metropolitan,2025,1,Camden,Criminal Damage And Arson,348,9169420,96,36.07,4.36,0.038
Metropolitan,2025,1,Camden,Drugs,436,9169420,86,29.84,3.76,0.0475
Metropolitan,2025,1,Camden,Other Crime,67,9169420,43,32.77,3.7,0.0073
Metropolitan,2025,1,Camden,Other Theft,1710,9169420,122,37.09,5.13,0.1865
Metropolitan,2025,1,Camden,Possession Of Weapons,38,9169420,30,29.29,3.87,0.0041
Metropolitan,2025,1,Camden,Public Order,512,9169420,107,36.38,4.48,0.0558
Metropolitan,2025,1,Camden,Robbery,371,9169420,88,34.79,4.5,0.0405
Metropolitan,2025,1,Camden,Shoplifting,840,9169420,62,39.09,4.79,0.0916
Metropolitan,2025,1,Camden,Theft From The Person,2340,9169420,104,36.94,5.15,0.2552
Metropolitan,2025,1,Camden,Vehicle Crime,638,9169420,122,43.55,5.02,0.0696
Metropolitan,2025,1,Camden,Violence And Sexual Offences,1720,9169420,129,34.89,4.24,0.1876
Metropolitan,2025,1,City of London,Bicycle Theft,9,9169420,4,65.26,7.78,0.001
Metropolitan,2025,1,City of London,Burglary,19,9169420,5,73.64,9.26,0.0021
Metropolitan,2025,1,City of London,Criminal Damage And Arson,10,9169420,5,74.92,9.0,0.0011
Metropolitan,2025,1,City of London,Drugs,5,9169420,3,76.1,9.2,0.0005
Metropolitan,2025,1,City of London,Other Crime,1,9169420,1,76.92,10.0,0.0001
Metropolitan,2025,1,City of London,Other Theft,93,9169420,6,73.4,9.55,0.0101
Metropolitan,2025,1,City of London,Possession Of Weapons,1,9169420,1,75.03,10.0,0.0001
Metropolitan,2025,1,City of London,Public Order,11,9169420,4,62.77,7.73,0.0012
Metropolitan,2025,1,City of London,Robbery,12,9169420,4,75.49,9.58,0.0013
Metropolitan,2025,1,City of London,Shoplifting,57,9169420,4,65.16,8.25,0.0062
Metropolitan,2025,1,City of London,Theft From The Person,115,9169420,6,74.07,9.63,0.0125
Metropolitan,2025,1,City of London,Vehicle Crime,8,9169420,4,78.12,10.0,0.0009
Metropolitan,2025,1,City of London,Violence And Sexual Offences,57,9169420,5,73.14,9.18,0.0062
Metropolitan,2025,1,Coventry,Other Crime,1,9169420,1,12.08,1.0,0.0001
Metropolitan,2025,1,Coventry,Public Order,1,9169420,1,27.89,3.0,0.0001
Metropolitan,2025,1,Coventry,Violence And Sexual Offences,6,9169420,5,28.85,4.5,0.0007
Metropolitan,2025,1,Crawley,Other Crime,1,9169420,1,42.49,4.0,0.0001
Metropolitan,2025,1,Crawley,Other Theft,2,9169420,1,27.21,3.0,0.0002
Metropolitan,2025,1,Crawley,Public Order,1,9169420,1,37.44,4.0,0.0001
Metropolitan,2025,1,Crawley,Theft From The Person,2,9169420,1,27.21,3.0,0.0002
Metropolitan,2025,1,Crawley,Vehicle Crime,1,9169420,1,26.01,4.0,0.0001
Metropolitan,2025,1,Crawley,Violence And Sexual Offences,6,9169420,5,30.08,3.5,0.0007
Metropolitan,2025,1,Croydon,Bicycle Theft,56,9169420,41,26.63,2.75,0.0061
Metropolitan,2025,1,Croydon,Burglary,462,9169420,172,41.5,4.13,0.0504
Metropolitan,2025,1,Croydon,Criminal Damage And Arson,602,9169420,187,34.79,3.57,0.0657
Metropolitan,2025,1,Croydon,Drugs,692,9169420,173,38.2,3.81,0.0755
Metropolitan,2025,1,Croydon,Other Crime,145,9169420,97,34.97,3.52,0.0158
Metropolitan,2025,1,Croydon,Other Theft,649,9169420,189,35.03,3.49,0.0708
Metropolitan,2025,1,Croydon,Possession Of Weapons,52,9169420,40,30.59,3.12,0.0057
Metropolitan,2025,1,Croydon,Public Order,507,9169420,163,32.31,3.29,0.0553
Metropolitan,2025,1,Croydon,Robbery,239,9169420,98,30.87,3.13,0.0261
Metropolitan,2025,1,Croydon,Shoplifting,760,9169420,77,35.52,3.64,0.0829
Metropolitan,2025,1,Croydon,Theft From The Person,203,9169420,74,23.73,2.57,0.0221
Metropolitan,2025,1,Croydon,Vehicle Crime,869,9169420,214,42.01,4.1,0.0948
Metropolitan,2025,1,Croydon,Violence And Sexual Offences,2973,9169420,225,32.98,3.32,0.3242
Metropolitan,2025,1,Dudley,Violence And Sexual Offences,1,9169420,1,11.1,1.0,0.0001
Metropolitan,2025,1,Ealing,Bicycle Theft,63,9169420,35,28.74,3.0,0.0069
Metropolitan,2025,1,Ealing,Burglary,486,9169420,166,33.84,3.29,0.053
Metropolitan,2025,1,Ealing,Criminal Damage And Arson,500,9169420,159,30.64,3.07,0.0545
Metropolitan,2025,1,Ealing,Drugs,306,9169420,127,29.32,2.96,0.0334
Metropolitan,2025,1,Ealing,Other Crime,97,9169420,65,29.24,2.87,0.0106
Metropolitan,2025,1,Ealing,Other Theft,625,9169420,169,31.33,3.14,0.0682
Metropolitan,2025,1,Ealing,Possession Of Weapons,31,9169420,29,31.73,3.16,0.0034
Metropolitan,2025,1,Ealing,Public Order,479,9169420,152,29.7,2.97,0.0522
Metropolitan,2025,1,Ealing,Robbery,219,9169420,100,29.86,3.21,0.0239
Metropolitan,2025,1,Ealing,Shoplifting,952,9169420,68,26.35,2.91,0.1038
Metropolitan,2025,1,Ealing,Theft From The Person,338,9169420,102,25.27,2.85,0.0369
Metropolitan,2025,1,Ealing,Vehicle Crime,1076,9169420,186,32.07,3.2,0.1173
Metropolitan,2025,1,Ealing,Violence And Sexual Offences,2575,9169420,199,28.59,2.85,0.2808
Metropolitan,2025,1,Enfield,Bicycle Theft,34,9169420,29,16.57,1.47,0.0037
Metropolitan,2025,1,Enfield,Burglary,510,9169420,158,33.05,3.08,0.0556
Metropolitan,2025,1,Enfield,Criminal Damage And Arson,436,9169420,146,24.58,2.29,0.0475
Metropolitan,2025,1,Enfield,Drugs,454,9169420,124,19.39,1.91,0.0495
Metropolitan,2025,1,Enfield,Other Crime,128,9169420,82,23.15,2.15,0.014
Metropolitan,2025,1,Enfield,Other Theft,644,9169420,168,26.34,2.48,0.0702
Metropolitan,2025,1,Enfield,Possession Of Weapons,44,9169420,36,20.94,1.95,0.0048
Metropolitan,2025,1,Enfield,Public Order,361,9169420,119,23.67,2.21,0.0394
Metropolitan,2025,1,Enfield,Robbery,256,9169420,108,22.07,2.1,0.0279
Metropolitan,2025,1,Enfield,Shoplifting,828,9169420,46,21.89,1.93,0.0903
Metropolitan,2025,1,Enfield,Theft From The Person,387,9169420,108,21.85,2.14,0.0422
Metropolitan,2025,1,Enfield,Vehicle Crime,1010,9169420,180,32.17,3.01,0.1101
Metropolitan,2025,1,Enfield,Violence And Sexual Offences,2125,9169420,180,24.26,2.28,0.2317
Metropolitan,2025,1,Greenwich,Bicycle Theft,49,9169420,35,46.25,5.0,0.0053
Metropolitan,2025,1,Greenwich,Burglary,370,9169420,129,43.54,4.45,0.0404
Metropolitan,2025,1,Greenwich,Criminal Damage And Arson,439,9169420,137,36.5,3.86,0.0479
Metropolitan,2025,1,Greenwich,Drugs,472,9169420,131,34.67,3.67,0.0515
Metropolitan,2025,1,Greenwich,Other Crime,126,9169420,77,38.22,3.98,0.0137
Metropolitan,2025,1,Greenwich,Other Theft,614,9169420,145,40.72,4.29,0.067
Metropolitan,2025,1,Greenwich,Possession Of Weapons,48,9169420,37,31.81,3.46,0.0052
Metropolitan,2025,1,Greenwich,Public Order,464,9169420,135,38.19,4.06,0.0506
Metropolitan,2025,1,Greenwich,Robbery,204,9169420,90,37.84,4.01,0.0222
Metropolitan,2025,1,Greenwich,Shoplifting,569,9169420,59,41.73,4.36,0.0621
Metropolitan,2025,1,Greenwich,Theft From The Person,243,9169420,92,38.95,4.25,0.0265
Metropolitan,2025,1,Greenwich,Vehicle Crime,594,9169420,153,39.1,4.08,0.0648
Metropolitan,2025,1,Greenwich,Violence And Sexual Offences,2285,9169420,163,35.52,3.77,0.2492
Metropolitan,2025,1,Hackney,Bicycle Theft,246,9169420,96,31.25,3.52,0.0268
Metropolitan,2025,1,Hackney,Burglary,435,9169420,121,28.18,3.24,0.0474
Metropolitan,2025,1,Hackney,Criminal Damage And Arson,341,9169420,117,26.91,3.07,0.0372
Metropolitan,2025,1,Hackney,Drugs,544,9169420,120,27.13,3.11,0.0593
Metropolitan,2025,1,Hackney,Other Crime,81,9169420,62,24.87,2.68,0.0088
Metropolitan,2025,1,Hackney,Other Theft,778,9169420,140,29.48,3.42,0.0848
Metropolitan,2025,1,Hackney,Possession Of Weapons,51,9169420,40,29.27,3.37,0.0056
Metropolitan,2025,1,Hackney,Public Order,451,9169420,127,25.59,2.96,0.0492
Metropolitan,2025,1,Hackney,Robbery,385,9169420,109,29.12,3.23,0.042
Metropolitan,2025,1,Hackney,Shoplifting,442,9169420,51,23.49,3.03,0.0482
Metropolitan,2025,1,Hackney,Theft From The Person,988,9169420,133,29.06,3.41,0.1077
Metropolitan,2025,1,Hackney,Vehicle Crime,520,9169420,136,28.59,3.15,0.0567
Metropolitan,2025,1,Hackney,Violence And Sexual Offences,1939,9169420,148,26.38,3.0,0.2115
Metropolitan,2025,1,Hammersmith and Fulham,Bicycle Theft,93,9169420,48,41.57,4.95,0.0101
Metropolitan,2025,1,Hammersmith and Fulham,Burglary,253,9169420,92,43.17,4.88,0.0276
Metropolitan,2025,1,Hammersmith and Fulham,Criminal Damage And Arson,275,9169420,92,39.92,4.57,0.03
Metropolitan,2025,1,Hammersmith and Fulham,Drugs,307,9169420,75,37.42,4.43,0.0335
Metropolitan,2025,1,Hammersmith and Fulham,Other Crime,72,9169420,44,35.85,4.07,0.0079
Metropolitan,2025,1,Hammersmith and Fulham,Other Theft,545,9169420,103,40.87,4.68,0.0594
Metropolitan,2025,1,Hammersmith and Fulham,Possession Of Weapons,32,9169420,21,32.87,3.84,0.0035
Metropolitan,2025,1,Hammersmith and Fulham,Public Order,337,9169420,93,38.55,4.45,0.0368
Metropolitan,2025,1,Hammersmith and Fulham,Robbery,127,9169420,53,38.32,4.36,0.0139
Metropolitan,2025,1,Hammersmith and Fulham,Shoplifting,506,9169420,46,31.26,3.89,0.0552
Metropolitan,2025,1,Hammersmith and Fulham,Theft From The Person,336,9169420,70,33.07,3.96,0.0366
Metropolitan,2025,1,Hammersmith and Fulham,Vehicle Crime,519,9169420,106,46.36,5.17,0.0566
Metropolitan,2025,1,Hammersmith and Fulham,Violence And Sexual Offences,1524,9169420,113,39.26,4.45,0.1662
Metropolitan,2025,1,Haringey,Bicycle Theft,53,9169420,42,29.18,3.17,0.0058
Metropolitan,2025,1,Haringey,Burglary,393,9169420,124,37.28,4.07,0.0429
Metropolitan,2025,1,Haringey,Criminal Damage And Arson,383,9169420,127,24.06,2.71,0.0418
Metropolitan,2025,1,Haringey,Drugs,497,9169420,110,18.71,2.22,0.0542
Metropolitan,2025,1,Haringey,Other Crime,109,9169420,64,21.16,2.45,0.0119
Metropolitan,2025,1,Haringey,Other Theft,521,9169420,132,25.92,2.99,0.0568
Metropolitan,2025,1,Haringey,Possession Of Weapons,32,9169420,26,23.84,2.69,0.0035
Metropolitan,2025,1,Haringey,Public Order,383,9169420,112,23.01,2.68,0.0418
Metropolitan,2025,1,Haringey,Robbery,290,9169420,99,23.0,2.66,0.0316
Metropolitan,2025,1,Haringey,Shoplifting,511,9169420,47,22.81,2.77,0.0557
Metropolitan,2025,1,Haringey,Theft From The Person,583,9169420,105,21.3,2.56,0.0636
Metropolitan,2025,1,Haringey,Vehicle Crime,789,9169420,144,33.02,3.65,0.086
Metropolitan,2025,1,Haringey,Violence And Sexual Offences,1919,9169420,144,22.0,2.57,0.2093
Metropolitan,2025,1,Harrow,Bicycle Theft,16,9169420,13,35.74,3.44,0.0017
Metropolitan,2025,1,Harrow,Burglary,334,9169420,121,51.72,4.4,0.0364
Metropolitan,2025,1,Harrow,Criminal Damage And Arson,211,9169420,87,46.77,4.11,0.023
Metropolitan,2025,1,Harrow,Drugs,198,9169420,77,42.46,3.58,0.0216
Metropolitan,2025,1,Harrow,Other Crime,53,9169420,38,44.84,3.92,0.0058
Metropolitan,2025,1,Harrow,Other Theft,341,9169420,107,45.54,3.92,0.0372
Metropolitan,2025,1,Harrow,Possession Of Weapons,10,9169420,10,44.19,3.5,0.0011
Metropolitan,2025,1,Harrow,Public Order,189,9169420,77,41.19,3.51,0.0206
Metropolitan,2025,1,Harrow,Robbery,130,9169420,54,44.75,3.92,0.0142
Metropolitan,2025,1,Harrow,Shoplifting,378,9169420,37,43.55,3.84,0.0412
Metropolitan,2025,1,Harrow,Theft From The Person,311,9169420,78,44.65,4.08,0.0339
Metropolitan,2025,1,Harrow,Vehicle Crime,389,9169420,126,50.01,4.15,0.0424
Metropolitan,2025,1,Harrow,Violence And Sexual Offences,1223,9169420,140,45.79,3.87,0.1334
Metropolitan,2025,1,Hastings,Violence And Sexual Offences,3,9169420,2,3.87,1.67,0.0003
Metropolitan,2025,1,Havering,Bicycle Theft,16,9169420,16,46.12,4.5,0.0017
Metropolitan,2025,1,Havering,Burglary,198,9169420,102,50.95,5.13,0.0216
Metropolitan,2025,1,Havering,Criminal Damage And Arson,306,9169420,115,45.95,4.48,0.0334
Metropolitan,2025,1,Havering,Drugs,263,9169420,93,43.67,4.36,0.0287
Metropolitan,2025,1,Havering,Other Crime,75,9169420,54,44.82,4.36,0.0082
Metropolitan,2025,1,Havering,Other Theft,322,9169420,105,44.44,4.48,0.0351
Metropolitan,2025,1,Havering,Possession Of Weapons,20,9169420,19,38.47,4.1,0.0022
Metropolitan,2025,1,Havering,Public Order,280,9169420,92,43.66,4.32,0.0305
Metropolitan,2025,1,Havering,Robbery,153,9169420,60,44.38,4.58,0.0167
Metropolitan,2025,1,Havering,Shoplifting,547,9169420,46,48.41,5.0,0.0597
Metropolitan,2025,1,Havering,Theft From The Person,137,9169420,46,39.56,4.07,0.0149
Metropolitan,2025,1,Havering,Vehicle Crime,558,9169420,140,52.06,5.17,0.0609
Metropolitan,2025,1,Havering,Violence And Sexual Offences,1546,9169420,146,44.19,4.4,0.1686
Metropolitan,2025,1,Hillingdon,Bicycle Theft,44,9169420,32,32.31,3.18,0.0048
Metropolitan,2025,1,Hillingdon,Burglary,455,9169420,144,42.95,4.11,0.0496
Metropolitan,2025,1,Hillingdon,Criminal Damage And Arson,585,9169420,139,39.61,3.94,0.0638
Metropolitan,2025,1,Hillingdon,Drugs,262,9169420,93,32.53,3.3,0.0286
Metropolitan,2025,1,Hillingdon,Other Crime,415,9169420,74,24.38,3.16,0.0453
Metropolitan,2025,1,Hillingdon,Other Theft,798,9169420,141,32.16,3.56,0.087
Metropolitan,2025,1,Hillingdon,Possession Of Weapons,35,9169420,28,33.61,3.57,0.0038
Metropolitan,2025,1,Hillingdon,Public Order,453,9169420,129,36.04,3.65,0.0494
Metropolitan,2025,1,Hillingdon,Robbery,164,9169420,79,40.76,3.89,0.0179
Metropolitan,2025,1,Hillingdon,Shoplifting,654,9169420,59,35.47,3.57,0.0713
Metropolitan,2025,1,Hillingdon,Theft From The Person,286,9169420,88,34.5,3.38,0.0312
Metropolitan,2025,1,Hillingdon,Vehicle Crime,866,9169420,155,38.63,3.83,0.0944
Metropolitan,2025,1,Hillingdon,Violence And Sexual Offences,2183,9169420,165,36.83,3.72,0.2381
Metropolitan,2025,1,Horsham,Violence And Sexual Offences,2,9169420,2,71.63,7.5,0.0002
Metropolitan,2025,1,Hounslow,Bicycle Theft,76,9169420,45,39.02,4.37,0.0083
Metropolitan,2025,1,Hounslow,Burglary,275,9169420,113,35.76,3.82,0.03
Metropolitan,2025,1,Hounslow,Criminal Damage And Arson,473,9169420,128,33.93,3.6,0.0516
Metropolitan,2025,1,Hounslow,Drugs,245,9169420,100,33.92,3.58,0.0267
Metropolitan,2025,1,Hounslow,Other Crime,90,9169420,65,32.76,3.42,0.0098
Metropolitan,2025,1,Hounslow,Other Theft,466,9169420,128,34.53,3.69,0.0508
Metropolitan,2025,1,Hounslow,Possession Of Weapons,29,9169420,22,31.6,3.34,0.0032
Metropolitan,2025,1,Hounslow,Public Order,438,9169420,124,33.63,3.53,0.0478
Metropolitan,2025,1,Hounslow,Robbery,133,9169420,61,32.73,3.52,0.0145
Metropolitan,2025,1,Hounslow,Shoplifting,529,9169420,64,38.17,3.98,0.0577
Metropolitan,2025,1,Hounslow,Theft From The Person,261,9169420,91,30.14,3.19,0.0285
Metropolitan,2025,1,Hounslow,Vehicle Crime,803,9169420,143,40.49,4.44,0.0876
Metropolitan,2025,1,Hounslow,Violence And Sexual Offences,2072,9169420,149,32.56,3.4,0.226
Metropolitan,2025,1,Islington,Bicycle Theft,189,9169420,75,38.7,4.32,0.0206
Metropolitan,2025,1,Islington,Burglary,392,9169420,108,34.38,3.8,0.0428
Metropolitan,2025,1,Islington,Criminal Damage And Arson,477,9169420,118,31.28,3.54,0.052
Metropolitan,2025,1,Islington,Drugs,422,9169420,109,28.99,3.21,0.046
Metropolitan,2025,1,Islington,Other Crime,103,9169420,61,29.08,3.24,0.0112
Metropolitan,2025,1,Islington,Other Theft,852,9169420,121,35.21,3.89,0.0929
Metropolitan,2025,1,Islington,Possession Of Weapons,37,9169420,26,31.74,3.54,0.004
Metropolitan,2025,1,Islington,Public Order,502,9169420,106,32.81,3.71,0.0547
Metropolitan,2025,1,Islington,Robbery,312,9169420,91,35.16,3.85,0.034
Metropolitan,2025,1,Islington,Shoplifting,827,9169420,55,34.14,4.03,0.0902
Metropolitan,2025,1,Islington,Theft From The Person,981,9169420,114,34.27,3.78,0.107
Metropolitan,2025,1,Islington,Vehicle Crime,690,9169420,118,34.83,3.96,0.0753
Metropolitan,2025,1,Islington,Violence And Sexual Offences,1967,9169420,125,31.4,3.59,0.2145
Metropolitan,2025,1,Kensington and Chelsea,Bicycle Theft,54,9169420,41,52.17,6.61,0.0059
Metropolitan,2025,1,Kensington and Chelsea,Burglary,317,9169420,85,50.83,6.67,0.0346
Metropolitan,2025,1,Kensington and Chelsea,Criminal Damage And Arson,265,9169420,85,49.36,6.49,0.0289
Metropolitan,2025,1,Kensington and Chelsea,Drugs,152,9169420,65,42.8,5.46,0.0166
Metropolitan,2025,1,Kensington and Chelsea,Other Crime,57,9169420,46,42.02,5.58,0.0062
Metropolitan,2025,1,Kensington and Chelsea,Other Theft,654,9169420,96,53.32,7.17,0.0713
Metropolitan,2025,1,Kensington and Chelsea,Possession Of Weapons,21,9169420,17,42.35,5.48,0.0023
Metropolitan,2025,1,Kensington and Chelsea,Public Order,249,9169420,80,46.08,5.88,0.0272
Metropolitan,2025,1,Kensington and Chelsea,Robbery,168,9169420,67,49.84,6.68,0.0183
Metropolitan,2025,1,Kensington and Chelsea,Shoplifting,622,9169420,59,47.77,6.44,0.0678
Metropolitan,2025,1,Kensington and Chelsea,Theft From The Person,571,9169420,91,55.78,7.44,0.0623
Metropolitan,2025,1,Kensington and Chelsea,Vehicle Crime,754,9169420,95,58.88,7.88,0.0822
Metropolitan,2025,1,Kensington and Chelsea,Violence And Sexual Offences,1162,9169420,99,43.58,5.64,0.1267
Metropolitan,2025,1,Kingston upon Thames,Bicycle Theft,43,9169420,26,65.9,5.95,0.0047
Metropolitan,2025,1,Kingston upon Thames,Burglary,152,9169420,70,68.07,6.16,0.0166
Metropolitan,2025,1,Kingston upon Thames,Criminal Damage And Arson,211,9169420,62,64.17,5.78,0.023
Metropolitan,2025,1,Kingston upon Thames,Drugs,188,9169420,56,59.83,5.4,0.0205
Metropolitan,2025,1,Kingston upon Thames,Other Crime,50,9169420,34,62.71,5.6,0.0055
Metropolitan,2025,1,Kingston upon Thames,Other Theft,255,9169420,78,66.76,6.12,0.0278
Metropolitan,2025,1,Kingston upon Thames,Possession Of Weapons,16,9169420,12,56.64,4.88,0.0017
Metropolitan,2025,1,Kingston upon Thames,Public Order,195,9169420,58,64.27,5.85,0.0213
Metropolitan,2025,1,Kingston upon Thames,Robbery,48,9169420,26,62.4,5.71,0.0052
Metropolitan,2025,1,Kingston upon Thames,Shoplifting,422,9169420,34,65.24,6.09,0.046
Metropolitan,2025,1,Kingston upon Thames,Theft From The Person,121,9169420,24,63.66,5.93,0.0132
Metropolitan,2025,1,Kingston upon Thames,Vehicle Crime,184,9169420,80,70.29,6.42,0.0201
Metropolitan,2025,1,Kingston upon Thames,Violence And Sexual Offences,947,9169420,95,63.62,5.76,0.1033
Metropolitan,2025,1,Lambeth,Bicycle Theft,167,9169420,77,41.44,4.9,0.0182
Metropolitan,2025,1,Lambeth,Burglary,414,9169420,143,41.36,4.72,0.0452
Metropolitan,2025,1,Lambeth,Criminal Damage And Arson,504,9169420,149,38.77,4.4,0.055
Metropolitan,2025,1,Lambeth,Drugs,456,9169420,137,36.39,4.22,0.0497
Metropolitan,2025,1,Lambeth,Other Crime,136,9169420,76,38.93,4.57,0.0148
Metropolitan,2025,1,Lambeth,Other Theft,947,9169420,166,41.41,4.97,0.1033
Metropolitan,2025,1,Lambeth,Possession Of Weapons,46,9169420,34,35.3,4.11,0.005
Metropolitan,2025,1,Lambeth,Public Order,469,9169420,147,37.89,4.51,0.0511
Metropolitan,2025,1,Lambeth,Robbery,386,9169420,125,40.39,4.84,0.0421
Metropolitan,2025,1,Lambeth,Shoplifting,651,9169420,65,36.22,4.4,0.071
Metropolitan,2025,1,Lambeth,Theft From The Person,1211,9169420,122,43.83,5.52,0.1321
Metropolitan,2025,1,Lambeth,Vehicle Crime,762,9169420,165,41.8,4.78,0.0831
Metropolitan,2025,1,Lambeth,Violence And Sexual Offences,2355,9169420,181,38.51,4.52,0.2568
Metropolitan,2025,1,Lewes,Other Theft,1,9169420,1,53.12,6.0,0.0001
Metropolitan,2025,1,Lewes,Violence And Sexual Offences,4,9169420,4,49.58,5.25,0.0004
Metropolitan,2025,1,Lewisham,Bicycle Theft,70,9169420,48,35.63,4.0,0.0076
Metropolitan,2025,1,Lewisham,Burglary,356,9169420,142,34.77,3.86,0.0388
Metropolitan,2025,1,Lewisham,Criminal Damage And Arson,462,9169420,143,33.12,3.66,0.0504
Metropolitan,2025,1,Lewisham,Drugs,547,9169420,149,31.37,3.5,0.0597
Metropolitan,2025,1,Lewisham,Other Crime,121,9169420,82,32.39,3.41,0.0132
Metropolitan,2025,1,Lewisham,Other Theft,629,9169420,152,31.48,3.53,0.0686
Metropolitan,2025,1,Lewisham,Possession Of Weapons,55,9169420,40,26.16,3.07,0.006
Metropolitan,2025,1,Lewisham,Public Order,500,9169420,142,32.31,3.56,0.0545
Metropolitan,2025,1,Lewisham,Robbery,248,9169420,92,31.11,3.59,0.027
Metropolitan,2025,1,Lewisham,Shoplifting,500,9169420,59,37.94,4.66,0.0545
Metropolitan,2025,1,Lewisham,Theft From The Person,278,9169420,101,34.76,4.11,0.0303
Metropolitan,2025,1,Lewisham,Vehicle Crime,673,9169420,162,33.21,3.62,0.0734
Metropolitan,2025,1,Lewisham,Violence And Sexual Offences,2272,9169420,174,31.07,3.44,0.2478
Metropolitan,2025,1,Merton,Bicycle Theft,34,9169420,27,61.5,5.53,0.0037
Metropolitan,2025,1,Merton,Burglary,191,9169420,86,61.25,5.51,0.0208
Metropolitan,2025,1,Merton,Criminal Damage And Arson,218,9169420,95,56.47,5.03,0.0238
Metropolitan,2025,1,Merton,Drugs,184,9169420,75,41.89,3.67,0.0201
Metropolitan,2025,1,Merton,Other Crime,54,9169420,37,61.99,5.67,0.0059
Metropolitan,2025,1,Merton,Other Theft,277,9169420,102,60.09,5.45,0.0302
Metropolitan,2025,1,Merton,Possession Of Weapons,20,9169420,17,49.01,4.1,0.0022
Metropolitan,2025,1,Merton,Public Order,206,9169420,86,60.29,5.62,0.0225
Metropolitan,2025,1,Merton,Robbery,95,9169420,49,55.16,5.04,0.0104
Metropolitan,2025,1,Merton,Shoplifting,500,9169420,47,66.63,6.55,0.0545
Metropolitan,2025,1,Merton,Theft From The Person,95,9169420,51,56.89,5.17,0.0104
Metropolitan,2025,1,Merton,Vehicle Crime,327,9169420,109,62.74,5.71,0.0357
Metropolitan,2025,1,Merton,Violence And Sexual Offences,1052,9169420,123,55.3,4.92,0.1147
Metropolitan,2025,1,Mid Sussex,Violence And Sexual Offences,1,9169420,1,40.13,4.0,0.0001
Metropolitan,2025,1,Newham,Bicycle Theft,79,9169420,44,27.96,3.33,0.0086
Metropolitan,2025,1,Newham,Burglary,373,9169420,138,26.92,2.65,0.0407
Metropolitan,2025,1,Newham,Criminal Damage And Arson,467,9169420,155,22.93,2.3,0.0509
Metropolitan,2025,1,Newham,Drugs,814,9169420,150,23.83,2.45,0.0888
Metropolitan,2025,1,Newham,Other Crime,146,9169420,86,24.42,2.38,0.0159
Metropolitan,2025,1,Newham,Other Theft,1075,9169420,172,27.79,3.05,0.1172
Metropolitan,2025,1,Newham,Possession Of Weapons,75,9169420,43,24.78,2.87,0.0082
Metropolitan,2025,1,Newham,Public Order,444,9169420,135,23.24,2.47,0.0484
Metropolitan,2025,1,Newham,Robbery,424,9169420,123,26.04,2.88,0.0462
Metropolitan,2025,1,Newham,Shoplifting,1155,9169420,70,28.57,3.58,0.126
Metropolitan,2025,1,Newham,Theft From The Person,1195,9169420,140,27.46,3.49,0.1303
Metropolitan,2025,1,Newham,Vehicle Crime,898,9169420,175,23.99,2.38,0.0979
Metropolitan,2025,1,Newham,Violence And Sexual Offences,2489,9169420,181,23.87,2.41,0.2714
Metropolitan,2025,1,Redbridge,Bicycle Theft,40,9169420,27,42.31,3.92,0.0044
Metropolitan,2025,1,Redbridge,Burglary,276,9169420,126,48.05,4.32,0.0301
Metropolitan,2025,1,Redbridge,Criminal Damage And Arson,343,9169420,132,42.88,3.88,0.0374
Metropolitan,2025,1,Redbridge,Drugs,298,9169420,108,38.53,3.45,0.0325
Metropolitan,2025,1,Redbridge,Other Crime,96,9169420,69,42.43,3.75,0.0105
Metropolitan,2025,1,Redbridge,Other Theft,539,9169420,128,41.53,3.84,0.0588
Metropolitan,2025,1,Redbridge,Possession Of Weapons,19,9169420,17,42.47,3.68,0.0021
Metropolitan,2025,1,Redbridge,Public Order,318,9169420,118,40.49,3.68,0.0347
Metropolitan,2025,1,Redbridge,Robbery,181,9169420,88,43.6,4.04,0.0197
Metropolitan,2025,1,Redbridge,Shoplifting,420,9169420,41,38.15,3.65,0.0458
Metropolitan,2025,1,Redbridge,Theft From The Person,398,9169420,82,25.87,2.6,0.0434
Metropolitan,2025,1,Redbridge,Vehicle Crime,687,9169420,155,49.72,4.44,0.0749
Metropolitan,2025,1,Redbridge,Violence And Sexual Offences,1908,9169420,161,40.44,3.6,0.2081
Metropolitan,2025,1,Richmond upon Thames,Bicycle Theft,74,9169420,40,79.47,8.46,0.0081
Metropolitan,2025,1,Richmond upon Thames,Burglary,249,9169420,89,76.62,7.91,0.0272
Metropolitan,2025,1,Richmond upon Thames,Criminal Damage And Arson,193,9169420,84,75.09,7.62,0.021
Metropolitan,2025,1,Richmond upon Thames,Drugs,126,9169420,55,72.01,7.01,0.0137
Metropolitan,2025,1,Richmond upon Thames,Other Crime,33,9169420,28,70.59,6.88,0.0036
Metropolitan,2025,1,Richmond upon Thames,Other Theft,250,9169420,87,72.55,7.5,0.0273
Metropolitan,2025,1,Richmond upon Thames,Possession Of Weapons,7,9169420,5,75.69,7.71,0.0008
Metropolitan,2025,1,Richmond upon Thames,Public Order,173,9169420,71,72.74,7.37,0.0189
Metropolitan,2025,1,Richmond upon Thames,Robbery,60,9169420,37,71.83,7.43,0.0065
Metropolitan,2025,1,Richmond upon Thames,Shoplifting,317,9169420,40,70.01,7.58,0.0346
Metropolitan,2025,1,Richmond upon Thames,Theft From The Person,68,9169420,42,77.01,8.32,0.0074
Metropolitan,2025,1,Richmond upon Thames,Vehicle Crime,431,9169420,104,73.18,7.39,0.047
Metropolitan,2025,1,Richmond upon Thames,Violence And Sexual Offences,720,9169420,110,71.68,7.2,0.0785
Metropolitan,2025,1,Rother,Violence And Sexual Offences,1,9169420,1,28.21,4.0,0.0001
Metropolitan,2025,1,Sandwell,Drugs,2,9169420,1,25.2,4.0,0.0002
Metropolitan,2025,1,Sandwell,Other Crime,1,9169420,1,1.74,1.0,0.0001
Metropolitan,2025,1,Sandwell,Violence And Sexual Offences,7,9169420,7,14.5,1.86,0.0008
Metropolitan,2025,1,Solihull,Other Theft,1,9169420,1,87.69,9.0,0.0001
Metropolitan,2025,1,Solihull,Violence And Sexual Offences,1,9169420,1,57.02,5.0,0.0001
Metropolitan,2025,1,Southwark,Bicycle Theft,189,9169420,93,38.16,4.24,0.0206
Metropolitan,2025,1,Southwark,Burglary,654,9169420,159,38.06,4.19,0.0713
Metropolitan,2025,1,Southwark,Criminal Damage And Arson,486,9169420,146,38.33,4.21,0.053
Metropolitan,2025,1,Southwark,Drugs,536,9169420,135,34.36,3.67,0.0585
Metropolitan,2025,1,Southwark,Other Crime,99,9169420,68,35.25,3.82,0.0108
Metropolitan,2025,1,Southwark,Other Theft,1064,9169420,162,40.85,4.52,0.116
Metropolitan,2025,1,Southwark,Possession Of Weapons,45,9169420,36,30.51,3.33,0.0049
Metropolitan,2025,1,Southwark,Public Order,438,9169420,140,37.76,4.27,0.0478
Metropolitan,2025,1,Southwark,Robbery,455,9169420,133,37.29,4.17,0.0496
Metropolitan,2025,1,Southwark,Shoplifting,757,9169420,66,38.14,4.47,0.0826
Metropolitan,2025,1,Southwark,Theft From The Person,1576,9169420,149,42.31,4.8,0.1719
Metropolitan,2025,1,Southwark,Vehicle Crime,625,9169420,151,40.87,4.67,0.0682
Metropolitan,2025,1,Southwark,Violence And Sexual Offences,2276,9169420,171,35.51,3.91,0.2482
Metropolitan,2025,1,Sutton,Bicycle Theft,24,9169420,20,65.92,6.04,0.0026
Metropolitan,2025,1,Sutton,Burglary,199,9169420,96,64.61,6.23,0.0217
Metropolitan,2025,1,Sutton,Criminal Damage And Arson,209,9169420,88,52.78,4.96,0.0228
Metropolitan,2025,1,Sutton,Drugs,168,9169420,68,55.29,5.16,0.0183
Metropolitan,2025,1,Sutton,Other Crime,54,9169420,40,51.3,4.93,0.0059
Metropolitan,2025,1,Sutton,Other Theft,205,9169420,83,55.98,5.22,0.0224
Metropolitan,2025,1,Sutton,Possession Of Weapons,17,9169420,16,52.87,4.94,0.0019
Metropolitan,2025,1,Sutton,Public Order,203,9169420,74,52.73,5.03,0.0221
Metropolitan,2025,1,Sutton,Robbery,71,9169420,42,48.22,4.46,0.0077
Metropolitan,2025,1,Sutton,Shoplifting,280,9169420,40,44.8,4.14,0.0305
Metropolitan,2025,1,Sutton,Theft From The Person,70,9169420,35,45.93,4.3,0.0076
Metropolitan,2025,1,Sutton,Vehicle Crime,288,9169420,111,65.37,6.16,0.0314
Metropolitan,2025,1,Sutton,Violence And Sexual Offences,1183,9169420,121,53.7,5.05,0.129
Metropolitan,2025,1,Tower Hamlets,Bicycle Theft,234,9169420,87,34.74,3.38,0.0255
Metropolitan,2025,1,Tower Hamlets,Burglary,523,9169420,146,30.29,2.88,0.057
Metropolitan,2025,1,Tower Hamlets,Criminal Damage And Arson,447,9169420,142,27.71,2.6,0.0487
Metropolitan,2025,1,Tower Hamlets,Drugs,472,9169420,132,29.93,2.74,0.0515
Metropolitan,2025,1,Tower Hamlets,Other Crime,123,9169420,83,29.48,2.72,0.0134
Metropolitan,2025,1,Tower Hamlets,Other Theft,918,9169420,154,32.59,3.16,0.1001
Metropolitan,2025,1,Tower Hamlets,Possession Of Weapons,47,9169420,33,22.7,2.15,0.0051
Metropolitan,2025,1,Tower Hamlets,Public Order,547,9169420,142,27.89,2.7,0.0597
Metropolitan,2025,1,Tower Hamlets,Robbery,302,9169420,114,26.99,2.62,0.0329
Metropolitan,2025,1,Tower Hamlets,Shoplifting,562,9169420,73,38.91,3.94,0.0613
Metropolitan,2025,1,Tower Hamlets,Theft From The Person,624,9169420,131,30.33,3.04,0.0681
Metropolitan,2025,1,Tower Hamlets,Vehicle Crime,519,9169420,146,26.45,2.41,0.0566
Metropolitan,2025,1,Tower Hamlets,Violence And Sexual Offences,2599,9169420,163,27.17,2.57,0.2834
Metropolitan,2025,1,Walsall,Other Theft,1,9169420,1,9.44,1.0,0.0001
Metropolitan,2025,1,Walsall,Violence And Sexual Offences,3,9169420,3,36.99,4.0,0.0003
Metropolitan,2025,1,Waltham Forest,Bicycle Theft,111,9169420,53,36.19,3.42,0.0121
Metropolitan,2025,1,Waltham Forest,Burglary,336,9169420,121,38.6,3.66,0.0366
Metropolitan,2025,1,Waltham Forest,Criminal Damage And Arson,411,9169420,124,36.58,3.45,0.0448
Metropolitan,2025,1,Waltham Forest,Drugs,392,9169420,103,34.9,3.31,0.0428
Metropolitan,2025,1,Waltham Forest,Other Crime,86,9169420,59,34.95,3.33,0.0094
Metropolitan,2025,1,Waltham Forest,Other Theft,588,9169420,130,35.27,3.46,0.0641
Metropolitan,2025,1,Waltham Forest,Possession Of Weapons,27,9169420,21,30.71,2.93,0.0029
Metropolitan,2025,1,Waltham Forest,Public Order,295,9169420,114,34.64,3.4,0.0322
Metropolitan,2025,1,Waltham Forest,Robbery,213,9169420,88,35.3,3.46,0.0232
Metropolitan,2025,1,Waltham Forest,Shoplifting,548,9169420,43,34.86,3.62,0.0598
Metropolitan,2025,1,Waltham Forest,Theft From The Person,369,9169420,93,32.81,3.22,0.0402
Metropolitan,2025,1,Waltham Forest,Vehicle Crime,694,9169420,142,40.65,3.84,0.0757
Metropolitan,2025,1,Waltham Forest,Violence And Sexual Offences,1531,9169420,144,35.32,3.39,0.167
Metropolitan,2025,1,Wandsworth,Bicycle Theft,94,9169420,56,60.67,6.26,0.0103
Metropolitan,2025,1,Wandsworth,Burglary,372,9169420,126,60.1,6.13,0.0406
Metropolitan,2025,1,Wandsworth,Criminal Damage And Arson,382,9169420,145,55.81,5.47,0.0417
Metropolitan,2025,1,Wandsworth,Drugs,259,9169420,101,53.01,5.14,0.0282
Metropolitan,2025,1,Wandsworth,Other Crime,115,9169420,72,55.29,5.8,0.0125
Metropolitan,2025,1,Wandsworth,Other Theft,617,9169420,154,56.1,5.63,0.0673
Metropolitan,2025,1,Wandsworth,Possession Of Weapons,27,9169420,23,54.68,5.11,0.0029
Metropolitan,2025,1,Wandsworth,Public Order,360,9169420,127,55.34,5.42,0.0393
Metropolitan,2025,1,Wandsworth,Robbery,163,9169420,75,55.13,5.66,0.0178
Metropolitan,2025,1,Wandsworth,Shoplifting,681,9169420,64,55.75,5.83,0.0743
Metropolitan,2025,1,Wandsworth,Theft From The Person,343,9169420,91,53.98,5.71,0.0374
Metropolitan,2025,1,Wandsworth,Vehicle Crime,703,9169420,172,63.79,6.42,0.0767
Metropolitan,2025,1,Wandsworth,Violence And Sexual Offences,1812,9169420,183,53.65,5.35,0.1976
Metropolitan,2025,1,Westminster,Bicycle Theft,203,9169420,76,47.7,6.16,0.0221
Metropolitan,2025,1,Westminster,Burglary,686,9169420,113,45.45,5.67,0.0748
Metropolitan,2025,1,Westminster,Criminal Damage And Arson,588,9169420,108,44.13,5.61,0.0641
Metropolitan,2025,1,Westminster,Drugs,490,9169420,85,40.98,5.39,0.0534
Metropolitan,2025,1,Westminster,Other Crime,129,9169420,61,42.58,5.38,0.0141
Metropolitan,2025,1,Westminster,Other Theft,3809,9169420,117,45.34,6.03,0.4154
Metropolitan,2025,1,Westminster,Possession Of Weapons,51,9169420,30,41.47,5.47,0.0056
Metropolitan,2025,1,Westminster,Public Order,711,9169420,108,42.72,5.49,0.0775
Metropolitan,2025,1,Westminster,Robbery,817,9169420,92,44.99,6.0,0.0891
Metropolitan,2025,1,Westminster,Shoplifting,1694,9169420,65,49.72,6.41,0.1847
Metropolitan,2025,1,Westminster,Theft From The Person,7974,9169420,106,44.2,6.02,0.8696
Metropolitan,2025,1,Westminster,Vehicle Crime,1086,9169420,116,49.18,6.27,0.1184
Metropolitan,2025,1,Westminster,Violence And Sexual Offences,2857,9169420,122,42.42,5.47,0.3116
Metropolitan,2025,1,Wolverhampton,Other Crime,1,9169420,1,10.15,2.0,0.0001
Metropolitan,2025,1,Wolverhampton,Violence And Sexual Offences,4,9169420,3,9.67,1.25,0.0004
Metropolitan,2025,1,Worthing,Violence And Sexual Offences,3,9169420,3,63.49,6.33,0.0003
Metropolitan,2025,2,Arun,Violence And Sexual Offences,4,9169420,3,52.91,6.25,0.0004
Metropolitan,2025,2,Barking and Dagenham,Bicycle Theft,32,9169420,20,26.54,2.53,0.0035
Metropolitan,2025,2,Barking and Dagenham,Burglary,200,9169420,85,25.36,2.3,0.0218
Metropolitan,2025,2,Barking and Dagenham,Criminal Damage And Arson,386,9169420,105,23.99,2.24,0.0421
Metropolitan,2025,2,Barking and Dagenham,Drugs,467,9169420,99,23.7,2.25,0.0509
Metropolitan,2025,2,Barking and Dagenham,Other Crime,100,9169420,65,25.48,2.34,0.0109
Metropolitan,2025,2,Barking and Dagenham,Other Theft,384,9169420,108,23.91,2.21,0.0419
Metropolitan,2025,2,Barking and Dagenham,Possession Of Weapons,39,9169420,28,20.88,1.9,0.0043
Metropolitan,2025,2,Barking and Dagenham,Public Order,352,9169420,95,22.9,2.12,0.0384
Metropolitan,2025,2,Barking and Dagenham,Robbery,215,9169420,75,23.52,2.2,0.0234
Metropolitan,2025,2,Barking and Dagenham,Shoplifting,251,9169420,34,23.9,2.28,0.0274
Metropolitan,2025,2,Barking and Dagenham,Theft From The Person,171,9169420,56,21.59,2.06,0.0186
Metropolitan,2025,2,Barking and Dagenham,Vehicle Crime,514,9169420,113,24.96,2.28,0.0561
Metropolitan,2025,2,Barking and Dagenham,Violence And Sexual Offences,2060,9169420,115,23.56,2.19,0.2247
Metropolitan,2025,2,Barnet,Bicycle Theft,54,9169420,41,38.77,3.65,0.0059
Metropolitan,2025,2,Barnet,Burglary,421,9169420,163,49.3,4.75,0.0459
Metropolitan,2025,2,Barnet,Criminal Damage And Arson,501,9169420,166,43.04,4.03,0.0546
Metropolitan,2025,2,Barnet,Drugs,644,9169420,151,42.7,3.9,0.0702
Metropolitan,2025,2,Barnet,Other Crime,91,9169420,72,42.21,4.01,0.0099
Metropolitan,2025,2,Barnet,Other Theft,621,9169420,185,43.12,4.11,0.0677
Metropolitan,2025,2,Barnet,Possession Of Weapons,59,9169420,48,38.52,3.66,0.0064
Metropolitan,2025,2,Barnet,Public Order,472,9169420,162,41.25,3.94,0.0515
Metropolitan,2025,2,Barnet,Robbery,175,9169420,83,41.55,4.05,0.0191
Metropolitan,2025,2,Barnet,Shoplifting,685,9169420,69,35.18,3.39,0.0747
Metropolitan,2025,2,Barnet,Theft From The Person,251,9169420,104,38.01,3.71,0.0274
Metropolitan,2025,2,Barnet,Vehicle Crime,868,9169420,212,48.3,4.65,0.0947
Metropolitan,2025,2,Barnet,Violence And Sexual Offences,2053,9169420,217,41.75,3.91,0.2239
Metropolitan,2025,2,Bexley,Bicycle Theft,17,9169420,16,46.19,4.76,0.0019
Metropolitan,2025,2,Bexley,Burglary,150,9169420,76,56.48,5.69,0.0164
Metropolitan,2025,2,Bexley,Criminal Damage And Arson,454,9169420,120,50.88,5.13,0.0495
Metropolitan,2025,2,Bexley,Drugs,267,9169420,84,46.32,4.7,0.0291
Metropolitan,2025,2,Bexley,Other Crime,84,9169420,55,46.99,4.76,0.0092
Metropolitan,2025,2,Bexley,Other Theft,282,9169420,109,51.67,5.31,0.0308
Metropolitan,2025,2,Bexley,Possession Of Weapons,26,9169420,22,49.29,5.08,0.0028
Metropolitan,2025,2,Bexley,Public Order,291,9169420,105,49.59,5.04,0.0317
Metropolitan,2025,2,Bexley,Robbery,86,9169420,45,48.52,5.01,0.0094
Metropolitan,2025,2,Bexley,Shoplifting,411,9169420,43,50.12,5.28,0.0448
Metropolitan,2025,2,Bexley,Theft From The Person,76,9169420,40,53.46,5.51,0.0083
Metropolitan,2025,2,Bexley,Vehicle Crime,420,9169420,124,54.61,5.5,0.0458
Metropolitan,2025,2,Bexley,Violence And Sexual Offences,1454,9169420,144,50.6,5.14,0.1586
Metropolitan,2025,2,Birmingham,Burglary,1,9169420,1,26.65,6.0,0.0001
Metropolitan,2025,2,Birmingham,Other Crime,1,9169420,1,2.33,1.0,0.0001
Metropolitan,2025,2,Birmingham,Other Theft,5,9169420,5,8.27,1.6,0.0005
Metropolitan,2025,2,Birmingham,Public Order,1,9169420,1,41.96,8.0,0.0001
Metropolitan,2025,2,Birmingham,Robbery,2,9169420,2,15.37,2.5,0.0002
Metropolitan,2025,2,Birmingham,Vehicle Crime,2,9169420,2,9.76,1.5,0.0002
Metropolitan,2025,2,Birmingham,Violence And Sexual Offences,28,9169420,25,28.55,3.36,0.0031
Metropolitan,2025,2,Brent,Bicycle Theft,77,9169420,52,26.62,2.79,0.0084
Metropolitan,2025,2,Brent,Burglary,337,9169420,130,25.38,2.55,0.0368
Metropolitan,2025,2,Brent,Criminal Damage And Arson,528,9169420,155,25.33,2.58,0.0576
Metropolitan,2025,2,Brent,Drugs,639,9169420,145,26.13,2.59,0.0697
Metropolitan,2025,2,Brent,Other Crime,100,9169420,67,24.83,2.59,0.0109
Metropolitan,2025,2,Brent,Other Theft,759,9169420,161,28.4,2.87,0.0828
Metropolitan,2025,2,Brent,Possession Of Weapons,60,9169420,50,25.52,2.65,0.0065
Metropolitan,2025,2,Brent,Public Order,541,9169420,143,27.88,2.86,0.059
Metropolitan,2025,2,Brent,Robbery,314,9169420,108,25.27,2.61,0.0342
Metropolitan,2025,2,Brent,Shoplifting,800,9169420,68,27.74,2.78,0.0872
Metropolitan,2025,2,Brent,Theft From The Person,514,9169420,132,26.81,2.74,0.0561
Metropolitan,2025,2,Brent,Vehicle Crime,735,9169420,171,27.4,2.77,0.0802
Metropolitan,2025,2,Brent,Violence And Sexual Offences,2812,9169420,180,26.78,2.76,0.3067
Metropolitan,2025,2,Brighton and Hove,Other Theft,4,9169420,4,38.66,5.0,0.0004
Metropolitan,2025,2,Brighton and Hove,Robbery,1,9169420,1,25.74,6.0,0.0001
Metropolitan,2025,2,Brighton and Hove,Violence And Sexual Offences,13,9169420,11,33.61,4.62,0.0014
Metropolitan,2025,2,Bromley,Bicycle Theft,36,9169420,24,59.75,6.08,0.0039
Metropolitan,2025,2,Bromley,Burglary,305,9169420,125,58.43,5.79,0.0333
Metropolitan,2025,2,Bromley,Criminal Damage And Arson,518,9169420,148,55.76,5.58,0.0565
Metropolitan,2025,2,Bromley,Drugs,279,9169420,115,49.24,4.88,0.0304
Metropolitan,2025,2,Bromley,Other Crime,77,9169420,53,56.85,5.69,0.0084
Metropolitan,2025,2,Bromley,Other Theft,419,9169420,158,59.34,5.98,0.0457
Metropolitan,2025,2,Bromley,Possession Of Weapons,36,9169420,31,53.54,5.42,0.0039
Metropolitan,2025,2,Bromley,Public Order,436,9169420,130,53.66,5.39,0.0475
Metropolitan,2025,2,Bromley,Robbery,162,9169420,73,52.85,5.44,0.0177
Metropolitan,2025,2,Bromley,Shoplifting,837,9169420,65,56.57,5.68,0.0913
Metropolitan,2025,2,Bromley,Theft From The Person,140,9169420,61,53.9,5.53,0.0153
Metropolitan,2025,2,Bromley,Vehicle Crime,779,9169420,188,63.58,6.3,0.085
Metropolitan,2025,2,Bromley,Violence And Sexual Offences,1980,9169420,195,55.78,5.66,0.2159
Metropolitan,2025,2,Camden,Bicycle Theft,271,9169420,83,36.18,4.67,0.0296
Metropolitan,2025,2,Camden,Burglary,481,9169420,110,41.78,4.98,0.0525
Metropolitan,2025,2,Camden,Criminal Damage And Arson,450,9169420,111,36.73,4.29,0.0491
Metropolitan,2025,2,Camden,Drugs,394,9169420,92,30.4,3.78,0.043
Metropolitan,2025,2,Camden,Other Crime,67,9169420,50,35.71,4.34,0.0073
Metropolitan,2025,2,Camden,Other Theft,1705,9169420,121,36.78,4.97,0.1859
Metropolitan,2025,2,Camden,Possession Of Weapons,32,9169420,24,32.41,4.22,0.0035
Metropolitan,2025,2,Camden,Public Order,638,9169420,107,37.87,4.73,0.0696
Metropolitan,2025,2,Camden,Robbery,341,9169420,86,35.1,4.51,0.0372
Metropolitan,2025,2,Camden,Shoplifting,1033,9169420,59,39.12,4.89,0.1127
Metropolitan,2025,2,Camden,Theft From The Person,1803,9169420,116,36.31,5.03,0.1966
Metropolitan,2025,2,Camden,Vehicle Crime,592,9169420,123,45.24,5.15,0.0646
Metropolitan,2025,2,Camden,Violence And Sexual Offences,1909,9169420,128,35.26,4.24,0.2082
Metropolitan,2025,2,Chichester,Violence And Sexual Offences,4,9169420,3,46.14,5.25,0.0004
Metropolitan,2025,2,City of London,Bicycle Theft,9,9169420,5,77.96,9.22,0.001
Metropolitan,2025,2,City of London,Burglary,23,9169420,5,75.48,9.57,0.0025
Metropolitan,2025,2,City of London,Criminal Damage And Arson,14,9169420,4,73.33,9.5,0.0015
Metropolitan,2025,2,City of London,Drugs,19,9169420,4,77.43,9.68,0.0021
Metropolitan,2025,2,City of London,Other Crime,2,9169420,2,77.75,10.0,0.0002
Metropolitan,2025,2,City of London,Other Theft,148,9169420,6,72.51,9.4,0.0161
Metropolitan,2025,2,City of London,Possession Of Weapons,1,9169420,1,75.03,10.0,0.0001
Metropolitan,2025,2,City of London,Public Order,14,9169420,5,70.26,8.79,0.0015
Metropolitan,2025,2,City of London,Robbery,16,9169420,4,67.7,8.62,0.0017
Metropolitan,2025,2,City of London,Shoplifting,88,9169420,4,66.57,8.47,0.0096
Metropolitan,2025,2,City of London,Theft From The Person,125,9169420,5,73.54,9.58,0.0136
Metropolitan,2025,2,City of London,Vehicle Crime,10,9169420,4,74.22,9.5,0.0011
Metropolitan,2025,2,City of London,Violence And Sexual Offences,69,9169420,6,69.43,8.74,0.0075
Metropolitan,2025,2,Coventry,Other Crime,1,9169420,1,24.23,6.0,0.0001
Metropolitan,2025,2,Coventry,Other Theft,5,9169420,5,35.11,3.8,0.0005
Metropolitan,2025,2,Coventry,Vehicle Crime,1,9169420,1,38.64,4.0,0.0001
Metropolitan,2025,2,Coventry,Violence And Sexual Offences,4,9169420,4,14.98,2.75,0.0004
Metropolitan,2025,2,Crawley,Drugs,3,9169420,2,26.41,3.67,0.0003
Metropolitan,2025,2,Crawley,Other Theft,8,9169420,5,32.16,3.62,0.0009
Metropolitan,2025,2,Crawley,Public Order,3,9169420,2,25.97,3.67,0.0003
Metropolitan,2025,2,Crawley,Theft From The Person,4,9169420,2,26.61,3.5,0.0004
Metropolitan,2025,2,Crawley,Violence And Sexual Offences,6,9169420,6,48.34,5.0,0.0007
Metropolitan,2025,2,Croydon,Bicycle Theft,43,9169420,37,32.31,3.33,0.0047
Metropolitan,2025,2,Croydon,Burglary,418,9169420,158,38.57,3.86,0.0456
Metropolitan,2025,2,Croydon,Criminal Damage And Arson,622,9169420,190,36.51,3.73,0.0678
Metropolitan,2025,2,Croydon,Drugs,676,9169420,166,32.79,3.3,0.0737
Metropolitan,2025,2,Croydon,Other Crime,157,9169420,103,33.54,3.39,0.0171
Metropolitan,2025,2,Croydon,Other Theft,667,9169420,184,32.98,3.32,0.0727
Metropolitan,2025,2,Croydon,Possession Of Weapons,68,9169420,46,25.65,2.71,0.0074
Metropolitan,2025,2,Croydon,Public Order,623,9169420,177,32.11,3.25,0.0679
Metropolitan,2025,2,Croydon,Robbery,295,9169420,114,28.97,2.96,0.0322
Metropolitan,2025,2,Croydon,Shoplifting,833,9169420,84,31.5,3.31,0.0908
Metropolitan,2025,2,Croydon,Theft From The Person,196,9169420,73,25.31,2.7,0.0214
Metropolitan,2025,2,Croydon,Vehicle Crime,837,9169420,210,37.75,3.74,0.0913
Metropolitan,2025,2,Croydon,Violence And Sexual Offences,3202,9169420,225,32.69,3.29,0.3492
Metropolitan,2025,2,Dudley,Violence And Sexual Offences,1,9169420,1,32.33,3.0,0.0001
Metropolitan,2025,2,Ealing,Bicycle Theft,109,9169420,63,33.71,3.53,0.0119
Metropolitan,2025,2,Ealing,Burglary,330,9169420,145,34.72,3.43,0.036
Metropolitan,2025,2,Ealing,Criminal Damage And Arson,555,9169420,168,30.64,3.01,0.0605
Metropolitan,2025,2,Ealing,Drugs,571,9169420,157,33.47,3.27,0.0623
Metropolitan,2025,2,Ealing,Other Crime,105,9169420,74,27.46,2.74,0.0115
Metropolitan,2025,2,Ealing,Other Theft,675,9169420,174,31.43,3.22,0.0736
Metropolitan,2025,2,Ealing,Possession Of Weapons,52,9169420,39,30.05,2.94,0.0057
Metropolitan,2025,2,Ealing,Public Order,590,9169420,162,29.85,3.04,0.0643
Metropolitan,2025,2,Ealing,Robbery,228,9169420,106,27.14,2.77,0.0249
Metropolitan,2025,2,Ealing,Shoplifting,686,9169420,62,27.34,2.97,0.0748
Metropolitan,2025,2,Ealing,Theft From The Person,354,9169420,103,25.81,2.85,0.0386
Metropolitan,2025,2,Ealing,Vehicle Crime,1053,9169420,192,33.95,3.44,0.1148
Metropolitan,2025,2,Ealing,Violence And Sexual Offences,2842,9169420,198,28.3,2.82,0.3099
Metropolitan,2025,2,Eastbourne,Other Theft,1,9169420,1,31.07,3.0,0.0001
Metropolitan,2025,2,Eastbourne,Violence And Sexual Offences,3,9169420,2,39.5,3.67,0.0003
Metropolitan,2025,2,Enfield,Bicycle Theft,48,9169420,41,23.86,2.19,0.0052
Metropolitan,2025,2,Enfield,Burglary,375,9169420,153,30.24,2.87,0.0409
Metropolitan,2025,2,Enfield,Criminal Damage And Arson,511,9169420,152,26.59,2.54,0.0557
Metropolitan,2025,2,Enfield,Drugs,566,9169420,128,16.65,1.73,0.0617
Metropolitan,2025,2,Enfield,Other Crime,129,9169420,86,24.2,2.22,0.0141
Metropolitan,2025,2,Enfield,Other Theft,601,9169420,164,26.69,2.51,0.0655
Metropolitan,2025,2,Enfield,Possession Of Weapons,61,9169420,45,18.04,1.74,0.0067
Metropolitan,2025,2,Enfield,Public Order,411,9169420,134,24.14,2.28,0.0448
Metropolitan,2025,2,Enfield,Robbery,292,9169420,110,23.82,2.29,0.0318
Metropolitan,2025,2,Enfield,Shoplifting,687,9169420,56,22.68,2.07,0.0749
Metropolitan,2025,2,Enfield,Theft From The Person,361,9169420,106,23.52,2.24,0.0394
Metropolitan,2025,2,Enfield,Vehicle Crime,842,9169420,175,30.99,2.87,0.0918
Metropolitan,2025,2,Enfield,Violence And Sexual Offences,2324,9169420,182,24.66,2.3,0.2535
Metropolitan,2025,2,Greenwich,Bicycle Theft,87,9169420,41,46.44,4.9,0.0095
Metropolitan,2025,2,Greenwich,Burglary,379,9169420,127,41.87,4.35,0.0413
Metropolitan,2025,2,Greenwich,Criminal Damage And Arson,519,9169420,142,35.47,3.77,0.0566
Metropolitan,2025,2,Greenwich,Drugs,462,9169420,125,33.34,3.54,0.0504
Metropolitan,2025,2,Greenwich,Other Crime,121,9169420,72,35.92,3.79,0.0132
Metropolitan,2025,2,Greenwich,Other Theft,638,9169420,146,39.54,4.22,0.0696
Metropolitan,2025,2,Greenwich,Possession Of Weapons,52,9169420,37,32.39,3.42,0.0057
Metropolitan,2025,2,Greenwich,Public Order,533,9169420,142,36.99,3.97,0.0581
Metropolitan,2025,2,Greenwich,Robbery,201,9169420,84,34.38,3.78,0.0219
Metropolitan,2025,2,Greenwich,Shoplifting,714,9169420,59,42.46,4.56,0.0779
Metropolitan,2025,2,Greenwich,Theft From The Person,258,9169420,82,42.19,4.71,0.0281
Metropolitan,2025,2,Greenwich,Vehicle Crime,592,9169420,151,37.73,4.0,0.0646
Metropolitan,2025,2,Greenwich,Violence And Sexual Offences,2613,9169420,162,36.2,3.84,0.285
Metropolitan,2025,2,Hackney,Bicycle Theft,313,9169420,104,31.33,3.52,0.0341
Metropolitan,2025,2,Hackney,Burglary,512,9169420,133,27.94,3.16,0.0558
Metropolitan,2025,2,Hackney,Criminal Damage And Arson,451,9169420,129,24.77,2.89,0.0492
Metropolitan,2025,2,Hackney,Drugs,513,9169420,120,28.87,3.34,0.0559
Metropolitan,2025,2,Hackney,Other Crime,87,9169420,54,23.73,2.77,0.0095
Metropolitan,2025,2,Hackney,Other Theft,841,9169420,138,30.85,3.63,0.0917
Metropolitan,2025,2,Hackney,Possession Of Weapons,53,9169420,39,24.08,2.96,0.0058
Metropolitan,2025,2,Hackney,Public Order,522,9169420,130,24.43,2.89,0.0569
Metropolitan,2025,2,Hackney,Robbery,362,9169420,115,27.81,3.2,0.0395
Metropolitan,2025,2,Hackney,Shoplifting,489,9169420,56,26.81,3.36,0.0533
Metropolitan,2025,2,Hackney,Theft From The Person,1192,9169420,143,32.25,3.84,0.13
Metropolitan,2025,2,Hackney,Vehicle Crime,504,9169420,134,28.51,3.2,0.055
Metropolitan,2025,2,Hackney,Violence And Sexual Offences,2225,9169420,148,26.3,2.98,0.2427
Metropolitan,2025,2,Hammersmith and Fulham,Bicycle Theft,152,9169420,69,44.17,5.09,0.0166
Metropolitan,2025,2,Hammersmith and Fulham,Burglary,324,9169420,94,45.81,5.17,0.0353
Metropolitan,2025,2,Hammersmith and Fulham,Criminal Damage And Arson,323,9169420,93,39.8,4.61,0.0352
Metropolitan,2025,2,Hammersmith and Fulham,Drugs,369,9169420,85,38.26,4.29,0.0402
Metropolitan,2025,2,Hammersmith and Fulham,Other Crime,68,9169420,44,39.9,4.38,0.0074
Metropolitan,2025,2,Hammersmith and Fulham,Other Theft,615,9169420,105,39.73,4.57,0.0671
Metropolitan,2025,2,Hammersmith and Fulham,Possession Of Weapons,34,9169420,23,33.26,3.71,0.0037
Metropolitan,2025,2,Hammersmith and Fulham,Public Order,418,9169420,92,41.01,4.75,0.0456
Metropolitan,2025,2,Hammersmith and Fulham,Robbery,170,9169420,56,34.84,4.22,0.0185
Metropolitan,2025,2,Hammersmith and Fulham,Shoplifting,556,9169420,50,30.65,3.84,0.0606
Metropolitan,2025,2,Hammersmith and Fulham,Theft From The Person,263,9169420,67,34.36,4.11,0.0287
Metropolitan,2025,2,Hammersmith and Fulham,Vehicle Crime,432,9169420,104,45.5,5.08,0.0471
Metropolitan,2025,2,Hammersmith and Fulham,Violence And Sexual Offences,1702,9169420,115,40.44,4.58,0.1856
Metropolitan,2025,2,Haringey,Bicycle Theft,71,9169420,50,26.38,2.96,0.0077
Metropolitan,2025,2,Haringey,Burglary,356,9169420,109,30.13,3.46,0.0388
Metropolitan,2025,2,Haringey,Criminal Damage And Arson,463,9169420,123,23.5,2.76,0.0505
Metropolitan,2025,2,Haringey,Drugs,526,9169420,127,20.83,2.39,0.0574
Metropolitan,2025,2,Haringey,Other Crime,86,9169420,60,23.6,2.74,0.0094
Metropolitan,2025,2,Haringey,Other Theft,652,9169420,135,24.36,2.81,0.0711
Metropolitan,2025,2,Haringey,Possession Of Weapons,57,9169420,36,17.67,2.23,0.0062
Metropolitan,2025,2,Haringey,Public Order,422,9169420,113,21.93,2.56,0.046
Metropolitan,2025,2,Haringey,Robbery,400,9169420,106,23.77,2.79,0.0436
Metropolitan,2025,2,Haringey,Shoplifting,624,9169420,49,20.43,2.4,0.0681
Metropolitan,2025,2,Haringey,Theft From The Person,699,9169420,119,22.3,2.64,0.0762
Metropolitan,2025,2,Haringey,Vehicle Crime,796,9169420,142,32.83,3.7,0.0868
Metropolitan,2025,2,Haringey,Violence And Sexual Offences,2162,9169420,146,22.41,2.59,0.2358
Metropolitan,2025,2,Harrow,Bicycle Theft,28,9169420,20,42.6,3.71,0.0031
Metropolitan,2025,2,Harrow,Burglary,221,9169420,99,47.72,4.14,0.0241
Metropolitan,2025,2,Harrow,Criminal Damage And Arson,282,9169420,105,47.33,3.96,0.0308
Metropolitan,2025,2,Harrow,Drugs,222,9169420,78,41.36,3.53,0.0242
Metropolitan,2025,2,Harrow,Other Crime,68,9169420,51,43.44,3.54,0.0074
Metropolitan,2025,2,Harrow,Other Theft,345,9169420,101,43.72,3.75,0.0376
Metropolitan,2025,2,Harrow,Possession Of Weapons,35,9169420,26,41.99,3.57,0.0038
Metropolitan,2025,2,Harrow,Public Order,232,9169420,88,43.22,3.78,0.0253
Metropolitan,2025,2,Harrow,Robbery,134,9169420,56,42.87,3.85,0.0146
Metropolitan,2025,2,Harrow,Shoplifting,355,9169420,40,43.14,3.97,0.0387
Metropolitan,2025,2,Harrow,Theft From The Person,328,9169420,91,47.97,4.32,0.0358
Metropolitan,2025,2,Harrow,Vehicle Crime,463,9169420,134,54.1,4.52,0.0505
Metropolitan,2025,2,Harrow,Violence And Sexual Offences,1398,9169420,141,45.09,3.78,0.1525
Metropolitan,2025,2,Hastings,Robbery,1,9169420,1,2.13,1.0,0.0001
Metropolitan,2025,2,Hastings,Violence And Sexual Offences,8,9169420,6,17.73,3.0,0.0009
Metropolitan,2025,2,Havering,Bicycle Theft,34,9169420,21,45.74,4.74,0.0037
Metropolitan,2025,2,Havering,Burglary,231,9169420,88,48.89,5.0,0.0252
Metropolitan,2025,2,Havering,Criminal Damage And Arson,346,9169420,114,43.65,4.36,0.0377
Metropolitan,2025,2,Havering,Drugs,360,9169420,98,42.36,4.28,0.0393
Metropolitan,2025,2,Havering,Other Crime,87,9169420,65,46.49,4.63,0.0095
Metropolitan,2025,2,Havering,Other Theft,412,9169420,118,46.31,4.67,0.0449
Metropolitan,2025,2,Havering,Possession Of Weapons,27,9169420,24,37.38,3.96,0.0029
Metropolitan,2025,2,Havering,Public Order,320,9169420,106,42.72,4.33,0.0349
Metropolitan,2025,2,Havering,Robbery,141,9169420,59,45.17,4.58,0.0154
Metropolitan,2025,2,Havering,Shoplifting,618,9169420,46,48.54,4.92,0.0674
Metropolitan,2025,2,Havering,Theft From The Person,86,9169420,36,41.08,4.19,0.0094
Metropolitan,2025,2,Havering,Vehicle Crime,579,9169420,145,55.45,5.45,0.0631
Metropolitan,2025,2,Havering,Violence And Sexual Offences,1719,9169420,149,45.02,4.43,0.1875
Metropolitan,2025,2,Hillingdon,Bicycle Theft,60,9169420,34,36.15,3.53,0.0065
Metropolitan,2025,2,Hillingdon,Burglary,260,9169420,110,41.39,4.01,0.0284
Metropolitan,2025,2,Hillingdon,Criminal Damage And Arson,529,9169420,145,39.06,3.91,0.0577
Metropolitan,2025,2,Hillingdon,Drugs,353,9169420,104,35.08,3.53,0.0385
Metropolitan,2025,2,Hillingdon,Other Crime,445,9169420,75,24.68,3.2,0.0485
Metropolitan,2025,2,Hillingdon,Other Theft,770,9169420,133,31.95,3.52,0.084
Metropolitan,2025,2,Hillingdon,Possession Of Weapons,44,9169420,25,33.46,3.57,0.0048
Metropolitan,2025,2,Hillingdon,Public Order,530,9169420,133,36.14,3.67,0.0578
Metropolitan,2025,2,Hillingdon,Robbery,184,9169420,81,37.92,3.7,0.0201
Metropolitan,2025,2,Hillingdon,Shoplifting,674,9169420,64,37.85,3.71,0.0735
Metropolitan,2025,2,Hillingdon,Theft From The Person,299,9169420,89,34.6,3.4,0.0326
Metropolitan,2025,2,Hillingdon,Vehicle Crime,858,9169420,160,39.86,4.01,0.0936
Metropolitan,2025,2,Hillingdon,Violence And Sexual Offences,2572,9169420,168,38.03,3.8,0.2805
Metropolitan,2025,2,Horsham,Vehicle Crime,1,9169420,1,70.35,6.0,0.0001
Metropolitan,2025,2,Horsham,Violence And Sexual Offences,4,9169420,3,62.62,7.0,0.0004
Metropolitan,2025,2,Hounslow,Bicycle Theft,139,9169420,59,40.38,4.49,0.0152
Metropolitan,2025,2,Hounslow,Burglary,272,9169420,108,36.8,3.97,0.0297
Metropolitan,2025,2,Hounslow,Criminal Damage And Arson,510,9169420,138,33.78,3.51,0.0556
Metropolitan,2025,2,Hounslow,Drugs,415,9169420,114,30.83,3.22,0.0453
Metropolitan,2025,2,Hounslow,Other Crime,105,9169420,67,30.85,3.14,0.0115
Metropolitan,2025,2,Hounslow,Other Theft,556,9169420,137,33.66,3.56,0.0606
Metropolitan,2025,2,Hounslow,Possession Of Weapons,46,9169420,36,29.34,3.11,0.005
Metropolitan,2025,2,Hounslow,Public Order,496,9169420,132,33.44,3.54,0.0541
Metropolitan,2025,2,Hounslow,Robbery,167,9169420,78,32.89,3.59,0.0182
Metropolitan,2025,2,Hounslow,Shoplifting,786,9169420,58,31.61,3.51,0.0857
Metropolitan,2025,2,Hounslow,Theft From The Person,192,9169420,77,31.33,3.33,0.0209
Metropolitan,2025,2,Hounslow,Vehicle Crime,711,9169420,140,37.25,3.99,0.0775
Metropolitan,2025,2,Hounslow,Violence And Sexual Offences,2429,9169420,149,31.56,3.32,0.2649
Metropolitan,2025,2,Islington,Bicycle Theft,222,9169420,83,35.39,3.93,0.0242
Metropolitan,2025,2,Islington,Burglary,455,9169420,115,36.72,4.02,0.0496
Metropolitan,2025,2,Islington,Criminal Damage And Arson,426,9169420,115,32.01,3.72,0.0465
Metropolitan,2025,2,Islington,Drugs,632,9169420,114,29.92,3.23,0.0689
Metropolitan,2025,2,Islington,Other Crime,92,9169420,57,29.92,3.42,0.01
Metropolitan,2025,2,Islington,Other Theft,1030,9169420,119,36.55,3.98,0.1123
Metropolitan,2025,2,Islington,Possession Of Weapons,46,9169420,32,25.34,2.85,0.005
Metropolitan,2025,2,Islington,Public Order,566,9169420,111,32.0,3.66,0.0617
Metropolitan,2025,2,Islington,Robbery,346,9169420,92,35.13,3.88,0.0377
Metropolitan,2025,2,Islington,Shoplifting,779,9169420,64,36.41,4.04,0.085
Metropolitan,2025,2,Islington,Theft From The Person,1129,9169420,112,36.18,3.94,0.1231
Metropolitan,2025,2,Islington,Vehicle Crime,534,9169420,119,33.28,3.64,0.0582
Metropolitan,2025,2,Islington,Violence And Sexual Offences,1996,9169420,125,30.6,3.49,0.2177
Metropolitan,2025,2,Kensington and Chelsea,Bicycle Theft,104,9169420,59,51.71,6.71,0.0113
Metropolitan,2025,2,Kensington and Chelsea,Burglary,302,9169420,87,48.97,6.43,0.0329
Metropolitan,2025,2,Kensington and Chelsea,Criminal Damage And Arson,276,9169420,89,48.97,6.36,0.0301
Metropolitan,2025,2,Kensington and Chelsea,Drugs,198,9169420,73,38.92,5.08,0.0216
Metropolitan,2025,2,Kensington and Chelsea,Other Crime,41,9169420,36,39.4,5.15,0.0045
Metropolitan,2025,2,Kensington and Chelsea,Other Theft,755,9169420,98,54.3,7.3,0.0823
Metropolitan,2025,2,Kensington and Chelsea,Possession Of Weapons,34,9169420,28,41.97,5.03,0.0037
Metropolitan,2025,2,Kensington and Chelsea,Public Order,334,9169420,90,46.56,6.07,0.0364
Metropolitan,2025,2,Kensington and Chelsea,Robbery,195,9169420,69,54.0,7.16,0.0213
Metropolitan,2025,2,Kensington and Chelsea,Shoplifting,809,9169420,57,46.83,6.16,0.0882
Metropolitan,2025,2,Kensington and Chelsea,Theft From The Person,528,9169420,87,56.57,7.55,0.0576
Metropolitan,2025,2,Kensington and Chelsea,Vehicle Crime,566,9169420,94,55.97,7.41,0.0617
Metropolitan,2025,2,Kensington and Chelsea,Violence And Sexual Offences,1323,9169420,100,44.64,5.78,0.1443
Metropolitan,2025,2,Kingston upon Thames,Bicycle Theft,59,9169420,28,69.71,6.51,0.0064
Metropolitan,2025,2,Kingston upon Thames,Burglary,149,9169420,70,70.63,6.42,0.0162
Metropolitan,2025,2,Kingston upon Thames,Criminal Damage And Arson,212,9169420,75,65.76,5.87,0.0231
Metropolitan,2025,2,Kingston upon Thames,Drugs,154,9169420,48,62.49,5.69,0.0168
Metropolitan,2025,2,Kingston upon Thames,Other Crime,44,9169420,31,71.97,6.48,0.0048
Metropolitan,2025,2,Kingston upon Thames,Other Theft,250,9169420,69,67.25,6.21,0.0273
Metropolitan,2025,2,Kingston upon Thames,Possession Of Weapons,21,9169420,16,68.5,6.24,0.0023
Metropolitan,2025,2,Kingston upon Thames,Public Order,220,9169420,67,65.92,5.98,0.024
Metropolitan,2025,2,Kingston upon Thames,Robbery,54,9169420,21,64.72,6.0,0.0059
Metropolitan,2025,2,Kingston upon Thames,Shoplifting,400,9169420,34,64.02,5.98,0.0436
Metropolitan,2025,2,Kingston upon Thames,Theft From The Person,100,9169420,32,61.24,5.66,0.0109
Metropolitan,2025,2,Kingston upon Thames,Vehicle Crime,283,9169420,84,70.24,6.43,0.0309
Metropolitan,2025,2,Kingston upon Thames,Violence And Sexual Offences,901,9169420,97,64.36,5.77,0.0983
Metropolitan,2025,2,Lambeth,Bicycle Theft,200,9169420,79,40.74,4.88,0.0218
Metropolitan,2025,2,Lambeth,Burglary,456,9169420,143,40.71,4.67,0.0497
Metropolitan,2025,2,Lambeth,Criminal Damage And Arson,591,9169420,161,38.17,4.39,0.0645
Metropolitan,2025,2,Lambeth,Drugs,527,9169420,141,36.93,4.36,0.0575
Metropolitan,2025,2,Lambeth,Other Crime,120,9169420,76,35.37,4.16,0.0131
Metropolitan,2025,2,Lambeth,Other Theft,1152,9169420,170,41.95,5.12,0.1256
Metropolitan,2025,2,Lambeth,Possession Of Weapons,65,9169420,47,39.3,4.66,0.0071
Metropolitan,2025,2,Lambeth,Public Order,546,9169420,142,37.59,4.58,0.0595
Metropolitan,2025,2,Lambeth,Robbery,424,9169420,115,40.72,4.94,0.0462
Metropolitan,2025,2,Lambeth,Shoplifting,895,9169420,72,35.21,4.37,0.0976
Metropolitan,2025,2,Lambeth,Theft From The Person,1494,9169420,140,44.9,5.58,0.1629
Metropolitan,2025,2,Lambeth,Vehicle Crime,586,9169420,173,41.39,4.65,0.0639
Metropolitan,2025,2,Lambeth,Violence And Sexual Offences,2805,9169420,181,38.38,4.56,0.3059
Metropolitan,2025,2,Lewisham,Bicycle Theft,100,9169420,61,33.39,3.64,0.0109
Metropolitan,2025,2,Lewisham,Burglary,375,9169420,134,35.67,3.92,0.0409
Metropolitan,2025,2,Lewisham,Criminal Damage And Arson,553,9169420,156,30.52,3.31,0.0603
Metropolitan,2025,2,Lewisham,Drugs,475,9169420,141,30.9,3.37,0.0518
Metropolitan,2025,2,Lewisham,Other Crime,115,9169420,74,33.62,3.79,0.0125
Metropolitan,2025,2,Lewisham,Other Theft,640,9169420,162,33.86,3.76,0.0698
Metropolitan,2025,2,Lewisham,Possession Of Weapons,75,9169420,54,29.72,3.33,0.0082
Metropolitan,2025,2,Lewisham,Public Order,560,9169420,150,31.9,3.53,0.0611
Metropolitan,2025,2,Lewisham,Robbery,214,9169420,99,33.39,3.73,0.0233
Metropolitan,2025,2,Lewisham,Shoplifting,460,9169420,63,41.11,5.09,0.0502
Metropolitan,2025,2,Lewisham,Theft From The Person,373,9169420,117,31.52,3.63,0.0407
Metropolitan,2025,2,Lewisham,Vehicle Crime,733,9169420,169,33.84,3.63,0.0799
Metropolitan,2025,2,Lewisham,Violence And Sexual Offences,2656,9169420,175,30.75,3.39,0.2897
Metropolitan,2025,2,Merton,Bicycle Theft,57,9169420,32,69.75,6.54,0.0062
Metropolitan,2025,2,Merton,Burglary,198,9169420,89,64.98,5.99,0.0216
Metropolitan,2025,2,Merton,Criminal Damage And Arson,296,9169420,105,56.99,5.13,0.0323
Metropolitan,2025,2,Merton,Drugs,181,9169420,72,47.5,4.19,0.0197
Metropolitan,2025,2,Merton,Other Crime,57,9169420,46,49.78,4.39,0.0062
Metropolitan,2025,2,Merton,Other Theft,284,9169420,102,60.54,5.53,0.031
Metropolitan,2025,2,Merton,Possession Of Weapons,28,9169420,24,52.49,4.64,0.0031
Metropolitan,2025,2,Merton,Public Order,229,9169420,87,55.76,5.14,0.025
Metropolitan,2025,2,Merton,Robbery,97,9169420,50,56.81,5.06,0.0106
Metropolitan,2025,2,Merton,Shoplifting,430,9169420,48,64.3,6.43,0.0469
Metropolitan,2025,2,Merton,Theft From The Person,96,9169420,49,60.19,5.47,0.0105
Metropolitan,2025,2,Merton,Vehicle Crime,335,9169420,101,60.54,5.43,0.0365
Metropolitan,2025,2,Merton,Violence And Sexual Offences,1199,9169420,123,54.79,4.89,0.1308
Metropolitan,2025,2,Mid Sussex,Violence And Sexual Offences,5,9169420,5,77.87,7.6,0.0005
Metropolitan,2025,2,Newham,Bicycle Theft,149,9169420,85,28.09,2.94,0.0162
Metropolitan,2025,2,Newham,Burglary,343,9169420,137,24.67,2.49,0.0374
Metropolitan,2025,2,Newham,Criminal Damage And Arson,538,9169420,158,23.79,2.33,0.0587
Metropolitan,2025,2,Newham,Drugs,587,9169420,139,25.09,2.62,0.064
Metropolitan,2025,2,Newham,Other Crime,150,9169420,85,23.99,2.34,0.0164
Metropolitan,2025,2,Newham,Other Theft,1054,9169420,163,28.29,3.1,0.1149
Metropolitan,2025,2,Newham,Possession Of Weapons,42,9169420,30,29.28,3.19,0.0046
Metropolitan,2025,2,Newham,Public Order,537,9169420,151,24.7,2.66,0.0586
Metropolitan,2025,2,Newham,Robbery,423,9169420,131,26.33,2.93,0.0461
Metropolitan,2025,2,Newham,Shoplifting,1264,9169420,67,28.75,3.57,0.1378
Metropolitan,2025,2,Newham,Theft From The Person,910,9169420,139,27.68,3.46,0.0992
Metropolitan,2025,2,Newham,Vehicle Crime,931,9169420,174,24.77,2.45,0.1015
Metropolitan,2025,2,Newham,Violence And Sexual Offences,2918,9169420,181,23.61,2.39,0.3182
Metropolitan,2025,2,Redbridge,Bicycle Theft,47,9169420,28,37.35,3.55,0.0051
Metropolitan,2025,2,Redbridge,Burglary,196,9169420,91,44.36,4.07,0.0214
Metropolitan,2025,2,Redbridge,Criminal Damage And Arson,368,9169420,122,42.78,3.75,0.0401
Metropolitan,2025,2,Redbridge,Drugs,329,9169420,110,38.28,3.42,0.0359
Metropolitan,2025,2,Redbridge,Other Crime,82,9169420,58,43.71,3.85,0.0089
Metropolitan,2025,2,Redbridge,Other Theft,523,9169420,142,41.4,3.76,0.057
Metropolitan,2025,2,Redbridge,Possession Of Weapons,30,9169420,25,34.62,3.17,0.0033
Metropolitan,2025,2,Redbridge,Public Order,338,9169420,115,40.82,3.72,0.0369
Metropolitan,2025,2,Redbridge,Robbery,258,9169420,95,43.25,4.02,0.0281
Metropolitan,2025,2,Redbridge,Shoplifting,609,9169420,50,42.01,3.93,0.0664
Metropolitan,2025,2,Redbridge,Theft From The Person,302,9169420,76,27.95,2.76,0.0329
Metropolitan,2025,2,Redbridge,Vehicle Crime,725,9169420,156,48.96,4.4,0.0791
Metropolitan,2025,2,Redbridge,Violence And Sexual Offences,2276,9169420,163,40.55,3.6,0.2482
Metropolitan,2025,2,Richmond upon Thames,Bicycle Theft,129,9169420,60,74.13,7.81,0.0141
Metropolitan,2025,2,Richmond upon Thames,Burglary,252,9169420,89,75.47,7.7,0.0275
Metropolitan,2025,2,Richmond upon Thames,Criminal Damage And Arson,261,9169420,90,74.26,7.56,0.0285
Metropolitan,2025,2,Richmond upon Thames,Drugs,204,9169420,68,74.48,7.37,0.0222
Metropolitan,2025,2,Richmond upon Thames,Other Crime,36,9169420,28,69.47,6.83,0.0039
Metropolitan,2025,2,Richmond upon Thames,Other Theft,284,9169420,97,72.57,7.46,0.031
Metropolitan,2025,2,Richmond upon Thames,Possession Of Weapons,17,9169420,13,65.57,6.41,0.0019
Metropolitan,2025,2,Richmond upon Thames,Public Order,243,9169420,86,71.93,7.28,0.0265
Metropolitan,2025,2,Richmond upon Thames,Robbery,71,9169420,36,73.28,7.73,0.0077
Metropolitan,2025,2,Richmond upon Thames,Shoplifting,319,9169420,35,70.32,7.55,0.0348
Metropolitan,2025,2,Richmond upon Thames,Theft From The Person,63,9169420,34,71.93,7.71,0.0069
Metropolitan,2025,2,Richmond upon Thames,Vehicle Crime,423,9169420,107,74.36,7.59,0.0461
Metropolitan,2025,2,Richmond upon Thames,Violence And Sexual Offences,885,9169420,113,71.8,7.22,0.0965
Metropolitan,2025,2,Rother,Other Crime,1,9169420,1,21.32,3.0,0.0001
Metropolitan,2025,2,Rother,Other Theft,1,9169420,1,35.89,6.0,0.0001
Metropolitan,2025,2,Rother,Violence And Sexual Offences,2,9169420,2,22.53,4.0,0.0002
Metropolitan,2025,2,Sandwell,Criminal Damage And Arson,1,9169420,1,0.51,1.0,0.0001
Metropolitan,2025,2,Sandwell,Drugs,1,9169420,1,10.3,1.0,0.0001
Metropolitan,2025,2,Sandwell,Other Theft,1,9169420,1,3.2,1.0,0.0001
Metropolitan,2025,2,Sandwell,Violence And Sexual Offences,3,9169420,3,32.04,3.0,0.0003
Metropolitan,2025,2,Solihull,Other Theft,2,9169420,2,50.33,5.5,0.0002
Metropolitan,2025,2,Solihull,Violence And Sexual Offences,1,9169420,1,82.22,8.0,0.0001
Metropolitan,2025,2,Southwark,Bicycle Theft,293,9169420,113,39.69,4.41,0.032
Metropolitan,2025,2,Southwark,Burglary,642,9169420,150,38.88,4.38,0.07
Metropolitan,2025,2,Southwark,Criminal Damage And Arson,455,9169420,147,34.65,3.82,0.0496
Metropolitan,2025,2,Southwark,Drugs,461,9169420,130,33.74,3.71,0.0503
Metropolitan,2025,2,Southwark,Other Crime,101,9169420,73,33.86,3.76,0.011
Metropolitan,2025,2,Southwark,Other Theft,1219,9169420,163,41.34,4.53,0.1329
Metropolitan,2025,2,Southwark,Possession Of Weapons,74,9169420,56,32.49,3.47,0.0081
Metropolitan,2025,2,Southwark,Public Order,508,9169420,144,37.02,4.18,0.0554
Metropolitan,2025,2,Southwark,Robbery,501,9169420,142,38.15,4.28,0.0546
Metropolitan,2025,2,Southwark,Shoplifting,634,9169420,81,37.92,4.32,0.0691
Metropolitan,2025,2,Southwark,Theft From The Person,1911,9169420,157,42.09,4.76,0.2084
Metropolitan,2025,2,Southwark,Vehicle Crime,641,9169420,160,37.8,4.28,0.0699
Metropolitan,2025,2,Southwark,Violence And Sexual Offences,2512,9169420,173,35.86,3.91,0.274
Metropolitan,2025,2,Sutton,Bicycle Theft,32,9169420,21,54.32,5.03,0.0035
Metropolitan,2025,2,Sutton,Burglary,232,9169420,101,63.61,6.08,0.0253
Metropolitan,2025,2,Sutton,Criminal Damage And Arson,270,9169420,99,57.87,5.39,0.0294
Metropolitan,2025,2,Sutton,Drugs,148,9169420,71,51.85,4.95,0.0161
Metropolitan,2025,2,Sutton,Other Crime,53,9169420,41,54.07,5.21,0.0058
Metropolitan,2025,2,Sutton,Other Theft,221,9169420,84,54.52,5.12,0.0241
Metropolitan,2025,2,Sutton,Possession Of Weapons,18,9169420,16,59.5,5.67,0.002
Metropolitan,2025,2,Sutton,Public Order,238,9169420,84,51.49,4.85,0.026
Metropolitan,2025,2,Sutton,Robbery,68,9169420,38,45.74,4.28,0.0074
Metropolitan,2025,2,Sutton,Shoplifting,413,9169420,44,46.76,4.44,0.045
Metropolitan,2025,2,Sutton,Theft From The Person,42,9169420,24,46.28,4.31,0.0046
Metropolitan,2025,2,Sutton,Vehicle Crime,321,9169420,102,63.0,5.99,0.035
Metropolitan,2025,2,Sutton,Violence And Sexual Offences,1306,9169420,121,53.83,5.08,0.1424
Metropolitan,2025,2,Tower Hamlets,Bicycle Theft,263,9169420,100,32.28,3.22,0.0287
Metropolitan,2025,2,Tower Hamlets,Burglary,420,9169420,134,32.62,3.12,0.0458
Metropolitan,2025,2,Tower Hamlets,Criminal Damage And Arson,522,9169420,144,26.53,2.54,0.0569
Metropolitan,2025,2,Tower Hamlets,Drugs,750,9169420,146,29.4,2.86,0.0818
Metropolitan,2025,2,Tower Hamlets,Other Crime,117,9169420,68,27.95,2.61,0.0128
Metropolitan,2025,2,Tower Hamlets,Other Theft,959,9169420,154,33.94,3.26,0.1046
Metropolitan,2025,2,Tower Hamlets,Possession Of Weapons,56,9169420,37,20.84,2.07,0.0061
Metropolitan,2025,2,Tower Hamlets,Public Order,621,9169420,136,28.79,2.77,0.0677
Metropolitan,2025,2,Tower Hamlets,Robbery,300,9169420,104,31.02,3.08,0.0327
Metropolitan,2025,2,Tower Hamlets,Shoplifting,811,9169420,81,36.18,3.66,0.0884
Metropolitan,2025,2,Tower Hamlets,Theft From The Person,716,9169420,137,31.71,3.11,0.0781
Metropolitan,2025,2,Tower Hamlets,Vehicle Crime,589,9169420,146,29.99,2.75,0.0642
Metropolitan,2025,2,Tower Hamlets,Violence And Sexual Offences,2948,9169420,163,26.92,2.51,0.3215
Metropolitan,2025,2,Walsall,Violence And Sexual Offences,3,9169420,2,31.23,4.0,0.0003
Metropolitan,2025,2,Waltham Forest,Bicycle Theft,117,9169420,56,35.35,3.21,0.0128
Metropolitan,2025,2,Waltham Forest,Burglary,296,9169420,105,38.21,3.57,0.0323
Metropolitan,2025,2,Waltham Forest,Criminal Damage And Arson,398,9169420,123,36.67,3.42,0.0434
Metropolitan,2025,2,Waltham Forest,Drugs,460,9169420,118,37.6,3.49,0.0502
Metropolitan,2025,2,Waltham Forest,Other Crime,71,9169420,53,35.59,3.42,0.0077
Metropolitan,2025,2,Waltham Forest,Other Theft,538,9169420,134,34.55,3.33,0.0587
Metropolitan,2025,2,Waltham Forest,Possession Of Weapons,41,9169420,33,36.14,3.46,0.0045
Metropolitan,2025,2,Waltham Forest,Public Order,394,9169420,116,36.77,3.59,0.043
Metropolitan,2025,2,Waltham Forest,Robbery,228,9169420,87,36.51,3.62,0.0249
Metropolitan,2025,2,Waltham Forest,Shoplifting,599,9169420,46,37.91,4.04,0.0653
Metropolitan,2025,2,Waltham Forest,Theft From The Person,439,9169420,98,32.49,3.21,0.0479
Metropolitan,2025,2,Waltham Forest,Vehicle Crime,706,9169420,138,38.7,3.66,0.077
Metropolitan,2025,2,Waltham Forest,Violence And Sexual Offences,1753,9169420,146,36.27,3.46,0.1912
Metropolitan,2025,2,Wandsworth,Bicycle Theft,185,9169420,88,59.95,6.15,0.0202
Metropolitan,2025,2,Wandsworth,Burglary,363,9169420,145,61.09,6.06,0.0396
Metropolitan,2025,2,Wandsworth,Criminal Damage And Arson,418,9169420,140,53.22,5.21,0.0456
Metropolitan,2025,2,Wandsworth,Drugs,324,9169420,121,53.32,5.21,0.0353
Metropolitan,2025,2,Wandsworth,Other Crime,110,9169420,68,50.93,5.02,0.012
Metropolitan,2025,2,Wandsworth,Other Theft,700,9169420,167,57.0,5.77,0.0763
Metropolitan,2025,2,Wandsworth,Possession Of Weapons,41,9169420,28,48.1,4.83,0.0045
Metropolitan,2025,2,Wandsworth,Public Order,478,9169420,137,54.59,5.49,0.0521
Metropolitan,2025,2,Wandsworth,Robbery,211,9169420,88,57.79,6.01,0.023
Metropolitan,2025,2,Wandsworth,Shoplifting,696,9169420,69,56.98,6.2,0.0759
Metropolitan,2025,2,Wandsworth,Theft From The Person,399,9169420,102,57.55,6.14,0.0435
Metropolitan,2025,2,Wandsworth,Vehicle Crime,764,9169420,176,65.75,6.62,0.0833
Metropolitan,2025,2,Wandsworth,Violence And Sexual Offences,2078,9169420,183,53.27,5.23,0.2266
Metropolitan,2025,2,Wealden,Other Theft,1,9169420,1,83.68,10.0,0.0001
Metropolitan,2025,2,Wealden,Violence And Sexual Offences,2,9169420,2,68.41,6.0,0.0002
Metropolitan,2025,2,Westminster,Bicycle Theft,247,9169420,75,48.33,6.21,0.0269
Metropolitan,2025,2,Westminster,Burglary,771,9169420,115,45.41,5.79,0.0841
Metropolitan,2025,2,Westminster,Criminal Damage And Arson,636,9169420,108,44.81,5.68,0.0694
Metropolitan,2025,2,Westminster,Drugs,623,9169420,99,42.91,5.68,0.0679
Metropolitan,2025,2,Westminster,Other Crime,139,9169420,64,43.14,5.3,0.0152
Metropolitan,2025,2,Westminster,Other Theft,4189,9169420,119,47.2,6.24,0.4568
Metropolitan,2025,2,Westminster,Possession Of Weapons,71,9169420,38,43.45,5.42,0.0077
Metropolitan,2025,2,Westminster,Public Order,830,9169420,110,45.46,5.84,0.0905
Metropolitan,2025,2,Westminster,Robbery,802,9169420,94,47.6,6.34,0.0875
Metropolitan,2025,2,Westminster,Shoplifting,2087,9169420,66,50.06,6.36,0.2276
Metropolitan,2025,2,Westminster,Theft From The Person,5679,9169420,113,47.78,6.35,0.6193
Metropolitan,2025,2,Westminster,Vehicle Crime,940,9169420,113,48.45,6.06,0.1025
Metropolitan,2025,2,Westminster,Violence And Sexual Offences,3239,9169420,122,42.62,5.5,0.3532
Metropolitan,2025,2,Wolverhampton,Criminal Damage And Arson,1,9169420,1,29.32,3.0,0.0001
Metropolitan,2025,2,Wolverhampton,Violence And Sexual Offences,2,9169420,2,27.66,2.5,0.0002
Metropolitan,2025,2,Worthing,Other Theft,1,9169420,1,81.0,7.0,0.0001
Metropolitan,2025,2,Worthing,Violence And Sexual Offences,6,9169420,4,69.04,6.67,0.0007
Metropolitan,2025,3,Adur,Violence And Sexual Offences,1,9169420,1,25.04,3.0,0.0001
Metropolitan,2025,3,Arun,Violence And Sexual Offences,3,9169420,2,52.59,6.0,0.0003
Metropolitan,2025,3,Barking and Dagenham,Bicycle Theft,38,9169420,32,27.39,2.53,0.0041
Metropolitan,2025,3,Barking and Dagenham,Burglary,185,9169420,77,23.43,2.08,0.0202
Metropolitan,2025,3,Barking and Dagenham,Criminal Damage And Arson,374,9169420,105,23.55,2.18,0.0408
Metropolitan,2025,3,Barking and Dagenham,Drugs,382,9169420,89,23.57,2.23,0.0417
Metropolitan,2025,3,Barking and Dagenham,Other Crime,72,9169420,53,25.55,2.31,0.0079
Metropolitan,2025,3,Barking and Dagenham,Other Theft,361,9169420,100,25.1,2.29,0.0394
Metropolitan,2025,3,Barking and Dagenham,Possession Of Weapons,31,9169420,23,20.15,1.94,0.0034
Metropolitan,2025,3,Barking and Dagenham,Public Order,317,9169420,93,23.09,2.1,0.0346
Metropolitan,2025,3,Barking and Dagenham,Robbery,190,9169420,65,24.18,2.24,0.0207
Metropolitan,2025,3,Barking and Dagenham,Shoplifting,241,9169420,35,23.82,2.32,0.0263
Metropolitan,2025,3,Barking and Dagenham,Theft From The Person,170,9169420,63,21.79,2.07,0.0185
Metropolitan,2025,3,Barking and Dagenham,Vehicle Crime,493,9169420,110,24.98,2.29,0.0538
Metropolitan,2025,3,Barking and Dagenham,Violence And Sexual Offences,2109,9169420,115,24.09,2.23,0.23
Metropolitan,2025,3,Barnet,Bicycle Theft,50,9169420,39,41.79,3.88,0.0055
Metropolitan,2025,3,Barnet,Burglary,434,9169420,169,50.29,4.88,0.0473
Metropolitan,2025,3,Barnet,Criminal Damage And Arson,528,9169420,168,42.0,3.93,0.0576
Metropolitan,2025,3,Barnet,Drugs,482,9169420,140,43.08,3.91,0.0526
Metropolitan,2025,3,Barnet,Other Crime,113,9169420,77,44.63,4.28,0.0123
Metropolitan,2025,3,Barnet,Other Theft,629,9169420,190,41.2,3.86,0.0686
Metropolitan,2025,3,Barnet,Possession Of Weapons,44,9169420,36,42.9,4.02,0.0048
Metropolitan,2025,3,Barnet,Public Order,447,9169420,161,40.87,3.88,0.0487
Metropolitan,2025,3,Barnet,Robbery,152,9169420,81,38.15,3.8,0.0166
Metropolitan,2025,3,Barnet,Shoplifting,752,9169420,67,36.88,3.61,0.082
Metropolitan,2025,3,Barnet,Theft From The Person,246,9169420,105,39.58,3.81,0.0268
Metropolitan,2025,3,Barnet,Vehicle Crime,967,9169420,210,47.83,4.59,0.1055
Metropolitan,2025,3,Barnet,Violence And Sexual Offences,2206,9169420,219,42.03,3.96,0.2406
Metropolitan,2025,3,Bexley,Bicycle Theft,26,9169420,22,53.91,5.5,0.0028
Metropolitan,2025,3,Bexley,Burglary,169,9169420,90,53.52,5.44,0.0184
Metropolitan,2025,3,Bexley,Criminal Damage And Arson,435,9169420,119,47.36,4.89,0.0474
Metropolitan,2025,3,Bexley,Drugs,215,9169420,81,49.45,4.99,0.0234
Metropolitan,2025,3,Bexley,Other Crime,63,9169420,44,48.26,4.87,0.0069
Metropolitan,2025,3,Bexley,Other Theft,300,9169420,110,52.92,5.39,0.0327
Metropolitan,2025,3,Bexley,Possession Of Weapons,31,9169420,23,39.19,4.19,0.0034
Metropolitan,2025,3,Bexley,Public Order,282,9169420,101,49.75,5.08,0.0308
Metropolitan,2025,3,Bexley,Robbery,90,9169420,41,50.3,5.24,0.0098
Metropolitan,2025,3,Bexley,Shoplifting,443,9169420,43,50.32,5.31,0.0483
Metropolitan,2025,3,Bexley,Theft From The Person,46,9169420,30,51.31,5.28,0.005
Metropolitan,2025,3,Bexley,Vehicle Crime,367,9169420,122,56.01,5.64,0.04
Metropolitan,2025,3,Bexley,Violence And Sexual Offences,1535,9169420,142,49.72,5.07,0.1674
Metropolitan,2025,3,Birmingham,Criminal Damage And Arson,1,9169420,1,32.55,5.0,0.0001
Metropolitan,2025,3,Birmingham,Other Theft,1,9169420,1,59.5,10.0,0.0001
Metropolitan,2025,3,Birmingham,Public Order,2,9169420,2,17.95,2.0,0.0002
Metropolitan,2025,3,Birmingham,Theft From The Person,2,9169420,2,34.68,5.0,0.0002
Metropolitan,2025,3,Birmingham,Vehicle Crime,2,9169420,2,2.78,1.0,0.0002
Metropolitan,2025,3,Birmingham,Violence And Sexual Offences,32,9169420,27,22.16,3.31,0.0035
Metropolitan,2025,3,Brent,Bicycle Theft,68,9169420,50,29.49,3.06,0.0074
Metropolitan,2025,3,Brent,Burglary,397,9169420,147,27.94,2.79,0.0433
Metropolitan,2025,3,Brent,Criminal Damage And Arson,520,9169420,156,26.09,2.71,0.0567
Metropolitan,2025,3,Brent,Drugs,836,9169420,142,29.61,2.93,0.0912
Metropolitan,2025,3,Brent,Other Crime,118,9169420,82,25.72,2.61,0.0129
Metropolitan,2025,3,Brent,Other Theft,820,9169420,165,28.13,2.82,0.0894
Metropolitan,2025,3,Brent,Possession Of Weapons,61,9169420,48,27.27,2.9,0.0067
Metropolitan,2025,3,Brent,Public Order,631,9169420,156,27.13,2.76,0.0688
Metropolitan,2025,3,Brent,Robbery,355,9169420,119,25.32,2.64,0.0387
Metropolitan,2025,3,Brent,Shoplifting,936,9169420,73,27.63,2.74,0.1021
Metropolitan,2025,3,Brent,Theft From The Person,505,9169420,124,28.93,2.96,0.0551
Metropolitan,2025,3,Brent,Vehicle Crime,782,9169420,165,25.56,2.62,0.0853
Metropolitan,2025,3,Brent,Violence And Sexual Offences,2785,9169420,181,27.32,2.79,0.3037
Metropolitan,2025,3,Brighton and Hove,Other Theft,3,9169420,3,42.08,6.0,0.0003
Metropolitan,2025,3,Brighton and Hove,Robbery,1,9169420,1,44.52,6.0,0.0001
Metropolitan,2025,3,Brighton and Hove,Theft From The Person,6,9169420,2,47.87,7.67,0.0007
Metropolitan,2025,3,Brighton and Hove,Violence And Sexual Offences,16,9169420,13,27.31,4.06,0.0017
Metropolitan,2025,3,Bromley,Bicycle Theft,50,9169420,37,56.81,5.54,0.0055
Metropolitan,2025,3,Bromley,Burglary,253,9169420,124,60.48,5.98,0.0276
Metropolitan,2025,3,Bromley,Criminal Damage And Arson,684,9169420,169,60.83,6.06,0.0746
Metropolitan,2025,3,Bromley,Drugs,323,9169420,114,52.22,5.28,0.0352
Metropolitan,2025,3,Bromley,Other Crime,91,9169420,70,56.22,5.52,0.0099
Metropolitan,2025,3,Bromley,Other Theft,523,9169420,161,57.74,5.75,0.057
Metropolitan,2025,3,Bromley,Possession Of Weapons,46,9169420,34,46.23,4.65,0.005
Metropolitan,2025,3,Bromley,Public Order,490,9169420,150,55.14,5.53,0.0534
Metropolitan,2025,3,Bromley,Robbery,166,9169420,74,58.33,5.93,0.0181
Metropolitan,2025,3,Bromley,Shoplifting,633,9169420,70,56.59,5.72,0.069
Metropolitan,2025,3,Bromley,Theft From The Person,177,9169420,72,51.4,5.37,0.0193
Metropolitan,2025,3,Bromley,Vehicle Crime,883,9169420,186,63.43,6.31,0.0963
Metropolitan,2025,3,Bromley,Violence And Sexual Offences,1870,9169420,193,55.63,5.61,0.2039
Metropolitan,2025,3,Camden,Bicycle Theft,252,9169420,89,39.46,4.85,0.0275
Metropolitan,2025,3,Camden,Burglary,550,9169420,122,41.83,4.94,0.06
Metropolitan,2025,3,Camden,Criminal Damage And Arson,452,9169420,113,38.12,4.57,0.0493
Metropolitan,2025,3,Camden,Drugs,324,9169420,83,29.68,3.83,0.0353
Metropolitan,2025,3,Camden,Other Crime,60,9169420,45,35.76,4.22,0.0065
Metropolitan,2025,3,Camden,Other Theft,1824,9169420,127,36.43,4.77,0.1989
Metropolitan,2025,3,Camden,Possession Of Weapons,41,9169420,33,33.67,4.39,0.0045
Metropolitan,2025,3,Camden,Public Order,590,9169420,109,36.53,4.48,0.0643
Metropolitan,2025,3,Camden,Robbery,373,9169420,85,34.91,4.55,0.0407
Metropolitan,2025,3,Camden,Shoplifting,1115,9169420,63,38.4,4.75,0.1216
Metropolitan,2025,3,Camden,Theft From The Person,1592,9169420,113,34.85,4.87,0.1736
Metropolitan,2025,3,Camden,Vehicle Crime,708,9169420,122,44.26,4.98,0.0772
Metropolitan,2025,3,Camden,Violence And Sexual Offences,2058,9169420,128,34.78,4.23,0.2244
Metropolitan,2025,3,Chichester,Violence And Sexual Offences,4,9169420,4,53.71,4.75,0.0004
Metropolitan,2025,3,City of London,Bicycle Theft,12,9169420,5,74.5,9.42,0.0013
Metropolitan,2025,3,City of London,Burglary,20,9169420,4,69.54,8.9,0.0022
Metropolitan,2025,3,City of London,Criminal Damage And Arson,14,9169420,4,66.92,8.57,0.0015
Metropolitan,2025,3,City of London,Drugs,33,9169420,4,73.04,8.64,0.0036
Metropolitan,2025,3,City of London,Other Theft,131,9169420,4,74.0,9.66,0.0143
Metropolitan,2025,3,City of London,Possession Of Weapons,3,9169420,2,64.64,8.33,0.0003
Metropolitan,2025,3,City of London,Public Order,20,9169420,4,63.81,8.0,0.0022
Metropolitan,2025,3,City of London,Robbery,29,9169420,6,70.08,8.9,0.0032
Metropolitan,2025,3,City of London,Shoplifting,117,9169420,4,69.32,8.85,0.0128
Metropolitan,2025,3,City of London,Theft From The Person,118,9169420,6,75.19,9.63,0.0129
Metropolitan,2025,3,City of London,Vehicle Crime,9,9169420,4,72.15,9.22,0.001
Metropolitan,2025,3,City of London,Violence And Sexual Offences,59,9169420,5,72.24,9.34,0.0064
Metropolitan,2025,3,Coventry,Violence And Sexual Offences,10,9169420,10,16.21,2.6,0.0011
Metropolitan,2025,3,Crawley,Other Crime,1,9169420,1,26.01,4.0,0.0001
Metropolitan,2025,3,Crawley,Other Theft,10,9169420,5,32.6,3.7,0.0011
Metropolitan,2025,3,Crawley,Public Order,3,9169420,2,43.35,4.33,0.0003
Metropolitan,2025,3,Crawley,Theft From The Person,2,9169420,2,26.61,3.5,0.0002
Metropolitan,2025,3,Crawley,Violence And Sexual Offences,9,9169420,6,39.06,4.44,0.001
Metropolitan,2025,3,Croydon,Bicycle Theft,47,9169420,38,31.74,3.28,0.0051
Metropolitan,2025,3,Croydon,Burglary,463,9169420,166,38.61,3.73,0.0505
Metropolitan,2025,3,Croydon,Criminal Damage And Arson,690,9169420,191,35.52,3.55,0.0753
Metropolitan,2025,3,Croydon,Drugs,476,9169420,153,28.99,2.96,0.0519
Metropolitan,2025,3,Croydon,Other Crime,144,9169420,99,36.78,3.69,0.0157
Metropolitan,2025,3,Croydon,Other Theft,680,9169420,190,36.14,3.63,0.0742
Metropolitan,2025,3,Croydon,Possession Of Weapons,70,9169420,53,30.44,3.07,0.0076
Metropolitan,2025,3,Croydon,Public Order,612,9169420,172,31.33,3.2,0.0667
Metropolitan,2025,3,Croydon,Robbery,275,9169420,106,26.95,2.79,0.03
Metropolitan,2025,3,Croydon,Shoplifting,824,9169420,71,33.5,3.58,0.0899
Metropolitan,2025,3,Croydon,Theft From The Person,238,9169420,104,29.39,2.97,0.026
Metropolitan,2025,3,Croydon,Vehicle Crime,941,9169420,212,38.69,3.79,0.1026
Metropolitan,2025,3,Croydon,Violence And Sexual Offences,3237,9169420,225,32.22,3.26,0.353
Metropolitan,2025,3,Dudley,Other Theft,1,9169420,1,70.75,6.0,0.0001
Metropolitan,2025,3,Dudley,Violence And Sexual Offences,5,9169420,4,9.58,1.4,0.0005
Metropolitan,2025,3,Ealing,Bicycle Theft,111,9169420,67,30.77,3.17,0.0121
Metropolitan,2025,3,Ealing,Burglary,386,9169420,153,35.12,3.46,0.0421
Metropolitan,2025,3,Ealing,Criminal Damage And Arson,559,9169420,172,30.24,3.01,0.061
Metropolitan,2025,3,Ealing,Drugs,533,9169420,131,29.29,2.83,0.0581
Metropolitan,2025,3,Ealing,Other Crime,103,9169420,76,30.88,3.06,0.0112
Metropolitan,2025,3,Ealing,Other Theft,732,9169420,177,32.33,3.27,0.0798
Metropolitan,2025,3,Ealing,Possession Of Weapons,68,9169420,49,25.3,2.57,0.0074
Metropolitan,2025,3,Ealing,Public Order,537,9169420,161,30.15,3.04,0.0586
Metropolitan,2025,3,Ealing,Robbery,227,9169420,102,26.49,2.71,0.0248
Metropolitan,2025,3,Ealing,Shoplifting,686,9169420,59,26.61,2.8,0.0748
Metropolitan,2025,3,Ealing,Theft From The Person,243,9169420,92,28.36,3.0,0.0265
Metropolitan,2025,3,Ealing,Vehicle Crime,1018,9169420,190,34.53,3.44,0.111
Metropolitan,2025,3,Ealing,Violence And Sexual Offences,2920,9169420,199,28.66,2.89,0.3184
Metropolitan,2025,3,Eastbourne,Drugs,1,9169420,1,8.14,1.0,0.0001
Metropolitan,2025,3,Eastbourne,Violence And Sexual Offences,2,9169420,2,10.35,1.5,0.0002
Metropolitan,2025,3,Enfield,Bicycle Theft,54,9169420,31,18.25,1.94,0.0059
Metropolitan,2025,3,Enfield,Burglary,438,9169420,158,29.57,2.79,0.0478
Metropolitan,2025,3,Enfield,Criminal Damage And Arson,485,9169420,151,25.01,2.36,0.0529
Metropolitan,2025,3,Enfield,Drugs,499,9169420,133,20.49,1.98,0.0544
Metropolitan,2025,3,Enfield,Other Crime,116,9169420,77,23.32,2.17,0.0127
Metropolitan,2025,3,Enfield,Other Theft,649,9169420,166,27.03,2.53,0.0708
Metropolitan,2025,3,Enfield,Possession Of Weapons,62,9169420,38,20.34,2.02,0.0068
Metropolitan,2025,3,Enfield,Public Order,413,9169420,138,23.93,2.28,0.045
Metropolitan,2025,3,Enfield,Robbery,241,9169420,92,27.08,2.58,0.0263
Metropolitan,2025,3,Enfield,Shoplifting,756,9169420,54,25.02,2.25,0.0824
Metropolitan,2025,3,Enfield,Theft From The Person,281,9169420,105,24.94,2.39,0.0306
Metropolitan,2025,3,Enfield,Vehicle Crime,913,9169420,174,29.26,2.75,0.0996
Metropolitan,2025,3,Enfield,Violence And Sexual Offences,2311,9169420,180,24.34,2.29,0.252
Metropolitan,2025,3,Greenwich,Bicycle Theft,78,9169420,46,43.95,4.69,0.0085
Metropolitan,2025,3,Greenwich,Burglary,352,9169420,123,43.35,4.49,0.0384
Metropolitan,2025,3,Greenwich,Criminal Damage And Arson,507,9169420,145,36.48,3.81,0.0553
Metropolitan,2025,3,Greenwich,Drugs,476,9169420,131,34.31,3.65,0.0519
Metropolitan,2025,3,Greenwich,Other Crime,93,9169420,61,32.96,3.59,0.0101
Metropolitan,2025,3,Greenwich,Other Theft,650,9169420,144,40.74,4.36,0.0709
Metropolitan,2025,3,Greenwich,Possession Of Weapons,59,9169420,42,32.86,3.58,0.0064
Metropolitan,2025,3,Greenwich,Public Order,564,9169420,138,37.42,4.0,0.0615
Metropolitan,2025,3,Greenwich,Robbery,204,9169420,89,36.43,3.88,0.0222
Metropolitan,2025,3,Greenwich,Shoplifting,715,9169420,59,41.26,4.46,0.078
Metropolitan,2025,3,Greenwich,Theft From The Person,173,9169420,74,40.22,4.53,0.0189
Metropolitan,2025,3,Greenwich,Vehicle Crime,644,9169420,147,38.79,4.08,0.0702
Metropolitan,2025,3,Greenwich,Violence And Sexual Offences,2608,9169420,163,35.81,3.77,0.2844
Metropolitan,2025,3,Hackney,Bicycle Theft,334,9169420,106,29.29,3.28,0.0364
Metropolitan,2025,3,Hackney,Burglary,541,9169420,131,28.33,3.26,0.059
Metropolitan,2025,3,Hackney,Criminal Damage And Arson,430,9169420,123,25.91,2.92,0.0469
Metropolitan,2025,3,Hackney,Drugs,571,9169420,122,30.62,3.59,0.0623
Metropolitan,2025,3,Hackney,Other Crime,95,9169420,65,25.39,2.82,0.0104
Metropolitan,2025,3,Hackney,Other Theft,762,9169420,131,30.05,3.5,0.0831
Metropolitan,2025,3,Hackney,Possession Of Weapons,80,9169420,57,24.17,2.75,0.0087
Metropolitan,2025,3,Hackney,Public Order,607,9169420,133,25.19,2.97,0.0662
Metropolitan,2025,3,Hackney,Robbery,433,9169420,120,28.39,3.29,0.0472
Metropolitan,2025,3,Hackney,Shoplifting,629,9169420,48,26.68,3.27,0.0686
Metropolitan,2025,3,Hackney,Theft From The Person,1072,9169420,133,32.33,3.88,0.1169
Metropolitan,2025,3,Hackney,Vehicle Crime,548,9169420,135,30.23,3.4,0.0598
Metropolitan,2025,3,Hackney,Violence And Sexual Offences,2392,9169420,148,26.11,2.99,0.2609
Metropolitan,2025,3,Hammersmith and Fulham,Bicycle Theft,170,9169420,70,44.29,5.21,0.0185
Metropolitan,2025,3,Hammersmith and Fulham,Burglary,320,9169420,99,46.82,5.12,0.0349
Metropolitan,2025,3,Hammersmith and Fulham,Criminal Damage And Arson,327,9169420,99,42.23,4.88,0.0357
Metropolitan,2025,3,Hammersmith and Fulham,Drugs,325,9169420,84,38.51,4.3,0.0354
Metropolitan,2025,3,Hammersmith and Fulham,Other Crime,65,9169420,37,38.98,4.57,0.0071
Metropolitan,2025,3,Hammersmith and Fulham,Other Theft,550,9169420,105,40.49,4.65,0.06
Metropolitan,2025,3,Hammersmith and Fulham,Possession Of Weapons,47,9169420,29,32.45,3.62,0.0051
Metropolitan,2025,3,Hammersmith and Fulham,Public Order,388,9169420,88,38.54,4.44,0.0423
Metropolitan,2025,3,Hammersmith and Fulham,Robbery,165,9169420,54,34.74,4.04,0.018
Metropolitan,2025,3,Hammersmith and Fulham,Shoplifting,623,9169420,43,32.01,3.9,0.0679
Metropolitan,2025,3,Hammersmith and Fulham,Theft From The Person,217,9169420,68,36.67,4.33,0.0237
Metropolitan,2025,3,Hammersmith and Fulham,Vehicle Crime,431,9169420,103,44.48,4.92,0.047
Metropolitan,2025,3,Hammersmith and Fulham,Violence And Sexual Offences,1676,9169420,113,39.3,4.49,0.1828
Metropolitan,2025,3,Haringey,Bicycle Theft,80,9169420,50,23.46,2.68,0.0087
Metropolitan,2025,3,Haringey,Burglary,401,9169420,129,31.06,3.49,0.0437
Metropolitan,2025,3,Haringey,Criminal Damage And Arson,438,9169420,123,26.7,3.03,0.0478
Metropolitan,2025,3,Haringey,Drugs,548,9169420,109,18.33,2.26,0.0598
Metropolitan,2025,3,Haringey,Other Crime,95,9169420,57,21.22,2.47,0.0104
Metropolitan,2025,3,Haringey,Other Theft,554,9169420,135,24.85,2.91,0.0604
Metropolitan,2025,3,Haringey,Possession Of Weapons,70,9169420,48,18.56,2.27,0.0076
Metropolitan,2025,3,Haringey,Public Order,440,9169420,118,21.7,2.58,0.048
Metropolitan,2025,3,Haringey,Robbery,305,9169420,101,23.34,2.8,0.0333
Metropolitan,2025,3,Haringey,Shoplifting,684,9169420,49,26.16,3.02,0.0746
Metropolitan,2025,3,Haringey,Theft From The Person,616,9169420,119,26.37,3.08,0.0672
Metropolitan,2025,3,Haringey,Vehicle Crime,941,9169420,143,32.89,3.64,0.1026
Metropolitan,2025,3,Haringey,Violence And Sexual Offences,2195,9169420,147,23.09,2.7,0.2394
Metropolitan,2025,3,Harrow,Bicycle Theft,33,9169420,21,41.98,3.45,0.0036
Metropolitan,2025,3,Harrow,Burglary,242,9169420,105,53.48,4.57,0.0264
Metropolitan,2025,3,Harrow,Criminal Damage And Arson,264,9169420,103,45.8,3.86,0.0288
Metropolitan,2025,3,Harrow,Drugs,206,9169420,73,41.73,3.74,0.0225
Metropolitan,2025,3,Harrow,Other Crime,51,9169420,41,47.94,4.04,0.0056
Metropolitan,2025,3,Harrow,Other Theft,376,9169420,115,46.7,3.98,0.041
Metropolitan,2025,3,Harrow,Possession Of Weapons,21,9169420,16,40.95,3.52,0.0023
Metropolitan,2025,3,Harrow,Public Order,244,9169420,90,43.9,3.75,0.0266
Metropolitan,2025,3,Harrow,Robbery,167,9169420,64,42.64,3.76,0.0182
Metropolitan,2025,3,Harrow,Shoplifting,432,9169420,42,46.24,4.22,0.0471
Metropolitan,2025,3,Harrow,Theft From The Person,293,9169420,91,43.89,4.04,0.032
Metropolitan,2025,3,Harrow,Vehicle Crime,477,9169420,135,50.0,4.19,0.052
Metropolitan,2025,3,Harrow,Violence And Sexual Offences,1408,9169420,143,46.03,3.87,0.1536
Metropolitan,2025,3,Hastings,Other Theft,1,9169420,1,5.79,2.0,0.0001
Metropolitan,2025,3,Hastings,Violence And Sexual Offences,2,9169420,1,6.41,2.0,0.0002
Metropolitan,2025,3,Havering,Bicycle Theft,27,9169420,22,51.01,5.11,0.0029
Metropolitan,2025,3,Havering,Burglary,216,9169420,105,52.22,5.14,0.0236
Metropolitan,2025,3,Havering,Criminal Damage And Arson,362,9169420,121,46.53,4.6,0.0395
Metropolitan,2025,3,Havering,Drugs,383,9169420,100,41.68,4.12,0.0418
Metropolitan,2025,3,Havering,Other Crime,83,9169420,54,46.2,4.73,0.0091
Metropolitan,2025,3,Havering,Other Theft,377,9169420,116,44.24,4.43,0.0411
Metropolitan,2025,3,Havering,Possession Of Weapons,37,9169420,24,36.8,3.65,0.004
Metropolitan,2025,3,Havering,Public Order,370,9169420,113,43.74,4.34,0.0404
Metropolitan,2025,3,Havering,Robbery,178,9169420,71,46.57,4.7,0.0194
Metropolitan,2025,3,Havering,Shoplifting,598,9169420,46,47.31,4.78,0.0652
Metropolitan,2025,3,Havering,Theft From The Person,102,9169420,42,41.7,4.26,0.0111
Metropolitan,2025,3,Havering,Vehicle Crime,507,9169420,141,52.22,5.14,0.0553
Metropolitan,2025,3,Havering,Violence And Sexual Offences,1776,9169420,151,44.52,4.43,0.1937
Metropolitan,2025,3,Hillingdon,Bicycle Theft,72,9169420,44,30.95,3.04,0.0079
Metropolitan,2025,3,Hillingdon,Burglary,318,9169420,124,40.49,3.89,0.0347
Metropolitan,2025,3,Hillingdon,Criminal Damage And Arson,531,9169420,148,37.88,3.84,0.0579
Metropolitan,2025,3,Hillingdon,Drugs,410,9169420,117,34.26,3.44,0.0447
Metropolitan,2025,3,Hillingdon,Other Crime,559,9169420,77,24.62,3.24,0.061
Metropolitan,2025,3,Hillingdon,Other Theft,800,9169420,142,32.04,3.56,0.0872
Metropolitan,2025,3,Hillingdon,Possession Of Weapons,40,9169420,29,37.56,3.72,0.0044
Metropolitan,2025,3,Hillingdon,Public Order,592,9169420,138,37.41,3.79,0.0646
Metropolitan,2025,3,Hillingdon,Robbery,200,9169420,74,34.43,3.34,0.0218
Metropolitan,2025,3,Hillingdon,Shoplifting,892,9169420,57,34.82,3.44,0.0973
Metropolitan,2025,3,Hillingdon,Theft From The Person,278,9169420,76,30.27,3.09,0.0303
Metropolitan,2025,3,Hillingdon,Vehicle Crime,876,9169420,159,38.04,3.76,0.0955
Metropolitan,2025,3,Hillingdon,Violence And Sexual Offences,2531,9169420,168,35.83,3.61,0.276
Metropolitan,2025,3,Horsham,Other Theft,1,9169420,1,94.23,9.0,0.0001
Metropolitan,2025,3,Horsham,Shoplifting,1,9169420,1,36.83,4.0,0.0001
Metropolitan,2025,3,Hounslow,Bicycle Theft,134,9169420,71,37.07,4.06,0.0146
Metropolitan,2025,3,Hounslow,Burglary,355,9169420,127,38.26,4.0,0.0387
Metropolitan,2025,3,Hounslow,Criminal Damage And Arson,542,9169420,137,33.45,3.44,0.0591
Metropolitan,2025,3,Hounslow,Drugs,338,9169420,107,33.13,3.44,0.0369
Metropolitan,2025,3,Hounslow,Other Crime,105,9169420,70,33.22,3.55,0.0115
Metropolitan,2025,3,Hounslow,Other Theft,531,9169420,132,34.41,3.63,0.0579
Metropolitan,2025,3,Hounslow,Possession Of Weapons,44,9169420,35,28.42,3.05,0.0048
Metropolitan,2025,3,Hounslow,Public Order,525,9169420,127,32.93,3.49,0.0573
Metropolitan,2025,3,Hounslow,Robbery,169,9169420,74,34.15,3.66,0.0184
Metropolitan,2025,3,Hounslow,Shoplifting,778,9169420,58,32.0,3.48,0.0848
Metropolitan,2025,3,Hounslow,Theft From The Person,275,9169420,75,31.36,3.24,0.03
Metropolitan,2025,3,Hounslow,Vehicle Crime,723,9169420,144,40.01,4.35,0.0788
Metropolitan,2025,3,Hounslow,Violence And Sexual Offences,2406,9169420,150,31.88,3.34,0.2624
Metropolitan,2025,3,Islington,Bicycle Theft,205,9169420,78,36.46,3.83,0.0224
Metropolitan,2025,3,Islington,Burglary,422,9169420,108,34.47,3.77,0.046
Metropolitan,2025,3,Islington,Criminal Damage And Arson,398,9169420,107,31.78,3.66,0.0434
Metropolitan,2025,3,Islington,Drugs,514,9169420,110,29.34,3.14,0.0561
Metropolitan,2025,3,Islington,Other Crime,76,9169420,49,27.71,3.2,0.0083
Metropolitan,2025,3,Islington,Other Theft,968,9169420,119,35.26,3.86,0.1056
Metropolitan,2025,3,Islington,Possession Of Weapons,61,9169420,40,29.3,3.51,0.0067
Metropolitan,2025,3,Islington,Public Order,576,9169420,111,31.85,3.63,0.0628
Metropolitan,2025,3,Islington,Robbery,339,9169420,85,35.44,3.9,0.037
Metropolitan,2025,3,Islington,Shoplifting,809,9169420,57,36.37,4.05,0.0882
Metropolitan,2025,3,Islington,Theft From The Person,949,9169420,107,35.32,3.74,0.1035
Metropolitan,2025,3,Islington,Vehicle Crime,482,9169420,113,32.97,3.76,0.0526
Metropolitan,2025,3,Islington,Violence And Sexual Offences,2087,9169420,126,31.45,3.51,0.2276
Metropolitan,2025,3,Kensington and Chelsea,Bicycle Theft,96,9169420,57,52.74,6.76,0.0105
Metropolitan,2025,3,Kensington and Chelsea,Burglary,289,9169420,85,51.32,6.69,0.0315
Metropolitan,2025,3,Kensington and Chelsea,Criminal Damage And Arson,299,9169420,89,47.63,6.19,0.0326
Metropolitan,2025,3,Kensington and Chelsea,Drugs,577,9169420,72,32.75,4.15,0.0629
Metropolitan,2025,3,Kensington and Chelsea,Other Crime,39,9169420,32,41.02,5.26,0.0043
Metropolitan,2025,3,Kensington and Chelsea,Other Theft,742,9169420,95,51.17,6.81,0.0809
Metropolitan,2025,3,Kensington and Chelsea,Possession Of Weapons,55,9169420,28,32.13,4.11,0.006
Metropolitan,2025,3,Kensington and Chelsea,Public Order,378,9169420,86,44.61,5.82,0.0412
Metropolitan,2025,3,Kensington and Chelsea,Robbery,149,9169420,63,45.3,5.99,0.0162
Metropolitan,2025,3,Kensington and Chelsea,Shoplifting,976,9169420,53,42.41,5.62,0.1064
Metropolitan,2025,3,Kensington and Chelsea,Theft From The Person,580,9169420,82,47.13,6.22,0.0633
Metropolitan,2025,3,Kensington and Chelsea,Vehicle Crime,574,9169420,97,55.33,7.33,0.0626
Metropolitan,2025,3,Kensington and Chelsea,Violence And Sexual Offences,1484,9169420,101,42.82,5.51,0.1618
Metropolitan,2025,3,Kingston upon Thames,Bicycle Theft,77,9169420,28,68.48,6.36,0.0084
Metropolitan,2025,3,Kingston upon Thames,Burglary,157,9169420,65,71.12,6.5,0.0171
Metropolitan,2025,3,Kingston upon Thames,Criminal Damage And Arson,221,9169420,65,64.73,5.93,0.0241
Metropolitan,2025,3,Kingston upon Thames,Drugs,153,9169420,52,59.8,5.28,0.0167
Metropolitan,2025,3,Kingston upon Thames,Other Crime,51,9169420,35,66.31,6.12,0.0056
Metropolitan,2025,3,Kingston upon Thames,Other Theft,226,9169420,74,65.94,6.01,0.0246
Metropolitan,2025,3,Kingston upon Thames,Possession Of Weapons,27,9169420,16,60.3,5.37,0.0029
Metropolitan,2025,3,Kingston upon Thames,Public Order,256,9169420,68,63.28,5.82,0.0279
Metropolitan,2025,3,Kingston upon Thames,Robbery,56,9169420,24,63.01,5.79,0.0061
Metropolitan,2025,3,Kingston upon Thames,Shoplifting,407,9169420,31,62.88,5.86,0.0444
Metropolitan,2025,3,Kingston upon Thames,Theft From The Person,95,9169420,30,62.94,5.79,0.0104
Metropolitan,2025,3,Kingston upon Thames,Vehicle Crime,245,9169420,82,69.13,6.16,0.0267
Metropolitan,2025,3,Kingston upon Thames,Violence And Sexual Offences,960,9169420,95,64.2,5.76,0.1047
Metropolitan,2025,3,Lambeth,Bicycle Theft,250,9169420,86,42.08,5.11,0.0273
Metropolitan,2025,3,Lambeth,Burglary,452,9169420,149,41.23,4.68,0.0493
Metropolitan,2025,3,Lambeth,Criminal Damage And Arson,598,9169420,155,38.02,4.39,0.0652
Metropolitan,2025,3,Lambeth,Drugs,449,9169420,132,35.27,4.2,0.049
Metropolitan,2025,3,Lambeth,Other Crime,100,9169420,74,36.32,4.1,0.0109
Metropolitan,2025,3,Lambeth,Other Theft,1159,9169420,168,42.73,5.13,0.1264
Metropolitan,2025,3,Lambeth,Possession Of Weapons,58,9169420,44,33.43,3.81,0.0063
Metropolitan,2025,3,Lambeth,Public Order,617,9169420,145,37.78,4.59,0.0673
Metropolitan,2025,3,Lambeth,Robbery,429,9169420,121,38.84,4.67,0.0468
Metropolitan,2025,3,Lambeth,Shoplifting,878,9169420,73,36.26,4.48,0.0958
Metropolitan,2025,3,Lambeth,Theft From The Person,1287,9169420,131,44.53,5.52,0.1404
Metropolitan,2025,3,Lambeth,Vehicle Crime,627,9169420,164,43.16,4.81,0.0684
Metropolitan,2025,3,Lambeth,Violence And Sexual Offences,2803,9169420,181,38.45,4.54,0.3057
Metropolitan,2025,3,Lewes,Criminal Damage And Arson,1,9169420,1,64.9,6.0,0.0001
Metropolitan,2025,3,Lewes,Other Theft,1,9169420,1,83.75,8.0,0.0001
Metropolitan,2025,3,Lewes,Public Order,1,9169420,1,35.19,4.0,0.0001
Metropolitan,2025,3,Lewes,Violence And Sexual Offences,2,9169420,2,61.28,6.0,0.0002
Metropolitan,2025,3,Lewisham,Bicycle Theft,76,9169420,53,32.13,3.54,0.0083
Metropolitan,2025,3,Lewisham,Burglary,366,9169420,139,34.77,3.81,0.0399
Metropolitan,2025,3,Lewisham,Criminal Damage And Arson,500,9169420,144,31.11,3.41,0.0545
Metropolitan,2025,3,Lewisham,Drugs,428,9169420,136,30.06,3.41,0.0467
Metropolitan,2025,3,Lewisham,Other Crime,106,9169420,75,33.96,3.7,0.0116
Metropolitan,2025,3,Lewisham,Other Theft,624,9169420,157,32.8,3.68,0.0681
Metropolitan,2025,3,Lewisham,Possession Of Weapons,79,9169420,51,29.75,3.46,0.0086
Metropolitan,2025,3,Lewisham,Public Order,567,9169420,146,33.16,3.68,0.0618
Metropolitan,2025,3,Lewisham,Robbery,242,9169420,103,31.36,3.57,0.0264
Metropolitan,2025,3,Lewisham,Shoplifting,569,9169420,60,41.62,4.96,0.0621
Metropolitan,2025,3,Lewisham,Theft From The Person,288,9169420,97,33.22,3.79,0.0314
Metropolitan,2025,3,Lewisham,Vehicle Crime,647,9169420,165,34.54,3.72,0.0706
Metropolitan,2025,3,Lewisham,Violence And Sexual Offences,2710,9169420,175,31.34,3.46,0.2955
Metropolitan,2025,3,Merton,Bicycle Theft,63,9169420,41,69.24,6.57,0.0069
Metropolitan,2025,3,Merton,Burglary,183,9169420,89,58.72,5.28,0.02
Metropolitan,2025,3,Merton,Criminal Damage And Arson,262,9169420,100,57.77,5.2,0.0286
Metropolitan,2025,3,Merton,Drugs,129,9169420,67,52.64,4.59,0.0141
Metropolitan,2025,3,Merton,Other Crime,53,9169420,40,57.27,5.13,0.0058
Metropolitan,2025,3,Merton,Other Theft,288,9169420,101,60.38,5.4,0.0314
Metropolitan,2025,3,Merton,Possession Of Weapons,28,9169420,22,58.17,5.32,0.0031
Metropolitan,2025,3,Merton,Public Order,244,9169420,92,59.69,5.4,0.0266
Metropolitan,2025,3,Merton,Robbery,77,9169420,41,58.0,5.34,0.0084
Metropolitan,2025,3,Merton,Shoplifting,328,9169420,48,62.72,6.03,0.0358
Metropolitan,2025,3,Merton,Theft From The Person,70,9169420,51,62.45,5.81,0.0076
Metropolitan,2025,3,Merton,Vehicle Crime,300,9169420,109,64.48,5.84,0.0327
Metropolitan,2025,3,Merton,Violence And Sexual Offences,1285,9169420,125,55.92,5.01,0.1401
Metropolitan,2025,3,Mid Sussex,Criminal Damage And Arson,1,9169420,1,62.25,7.0,0.0001
Metropolitan,2025,3,Mid Sussex,Other Crime,1,9169420,1,41.36,4.0,0.0001
Metropolitan,2025,3,Mid Sussex,Violence And Sexual Offences,6,9169420,5,72.0,7.0,0.0007
Metropolitan,2025,3,Newham,Bicycle Theft,152,9169420,62,32.41,3.59,0.0166
Metropolitan,2025,3,Newham,Burglary,376,9169420,135,28.46,2.91,0.041
Metropolitan,2025,3,Newham,Criminal Damage And Arson,539,9169420,156,24.63,2.52,0.0588
Metropolitan,2025,3,Newham,Drugs,607,9169420,145,26.24,2.8,0.0662
Metropolitan,2025,3,Newham,Other Crime,131,9169420,78,23.27,2.24,0.0143
Metropolitan,2025,3,Newham,Other Theft,1011,9169420,172,27.39,3.01,0.1103
Metropolitan,2025,3,Newham,Possession Of Weapons,85,9169420,50,24.73,2.78,0.0093
Metropolitan,2025,3,Newham,Public Order,578,9169420,153,23.41,2.49,0.063
Metropolitan,2025,3,Newham,Robbery,367,9169420,123,23.58,2.49,0.04
Metropolitan,2025,3,Newham,Shoplifting,1191,9169420,67,26.27,3.24,0.1299
Metropolitan,2025,3,Newham,Theft From The Person,876,9169420,148,28.2,3.3,0.0955
Metropolitan,2025,3,Newham,Vehicle Crime,1032,9169420,178,24.29,2.4,0.1125
Metropolitan,2025,3,Newham,Violence And Sexual Offences,3094,9169420,182,24.04,2.44,0.3374
Metropolitan,2025,3,Redbridge,Bicycle Theft,57,9169420,37,35.41,3.25,0.0062
Metropolitan,2025,3,Redbridge,Burglary,257,9169420,107,48.04,4.48,0.028
Metropolitan,2025,3,Redbridge,Criminal Damage And Arson,374,9169420,129,41.37,3.74,0.0408
Metropolitan,2025,3,Redbridge,Drugs,305,9169420,106,36.51,3.26,0.0333
Metropolitan,2025,3,Redbridge,Other Crime,83,9169420,63,40.91,3.55,0.0091
Metropolitan,2025,3,Redbridge,Other Theft,523,9169420,135,40.36,3.65,0.057
Metropolitan,2025,3,Redbridge,Possession Of Weapons,35,9169420,32,49.75,4.31,0.0038
Metropolitan,2025,3,Redbridge,Public Order,429,9169420,125,39.21,3.59,0.0468
Metropolitan,2025,3,Redbridge,Robbery,214,9169420,84,41.69,3.86,0.0233
Metropolitan,2025,3,Redbridge,Shoplifting,607,9169420,44,39.5,3.69,0.0662
Metropolitan,2025,3,Redbridge,Theft From The Person,241,9169420,90,32.48,3.07,0.0263
Metropolitan,2025,3,Redbridge,Vehicle Crime,664,9169420,158,46.77,4.19,0.0724
Metropolitan,2025,3,Redbridge,Violence And Sexual Offences,2348,9169420,162,39.94,3.57,0.2561
Metropolitan,2025,3,Richmond upon Thames,Bicycle Theft,116,9169420,59,74.86,7.65,0.0127
Metropolitan,2025,3,Richmond upon Thames,Burglary,219,9169420,88,75.72,7.63,0.0239
Metropolitan,2025,3,Richmond upon Thames,Criminal Damage And Arson,323,9169420,93,74.84,7.56,0.0352
Metropolitan,2025,3,Richmond upon Thames,Drugs,132,9169420,55,71.36,6.94,0.0144
Metropolitan,2025,3,Richmond upon Thames,Other Crime,43,9169420,37,73.33,7.28,0.0047
Metropolitan,2025,3,Richmond upon Thames,Other Theft,269,9169420,97,74.59,7.7,0.0293
Metropolitan,2025,3,Richmond upon Thames,Possession Of Weapons,7,9169420,7,75.1,7.57,0.0008
Metropolitan,2025,3,Richmond upon Thames,Public Order,207,9169420,84,71.96,7.38,0.0226
Metropolitan,2025,3,Richmond upon Thames,Robbery,59,9169420,30,72.21,7.69,0.0064
Metropolitan,2025,3,Richmond upon Thames,Shoplifting,271,9169420,43,69.01,7.2,0.0296
Metropolitan,2025,3,Richmond upon Thames,Theft From The Person,64,9169420,36,73.93,7.98,0.007
Metropolitan,2025,3,Richmond upon Thames,Vehicle Crime,330,9169420,97,75.14,7.79,0.036
Metropolitan,2025,3,Richmond upon Thames,Violence And Sexual Offences,844,9169420,115,71.11,7.14,0.092
Metropolitan,2025,3,Rother,Violence And Sexual Offences,3,9169420,3,24.12,4.33,0.0003
Metropolitan,2025,3,Sandwell,Violence And Sexual Offences,6,9169420,6,18.05,2.33,0.0007
Metropolitan,2025,3,Solihull,Violence And Sexual Offences,1,9169420,1,54.82,5.0,0.0001
Metropolitan,2025,3,Southwark,Bicycle Theft,299,9169420,107,40.14,4.53,0.0326
Metropolitan,2025,3,Southwark,Burglary,613,9169420,158,39.96,4.42,0.0669
Metropolitan,2025,3,Southwark,Criminal Damage And Arson,493,9169420,149,34.92,3.89,0.0538
Metropolitan,2025,3,Southwark,Drugs,476,9169420,138,33.19,3.61,0.0519
Metropolitan,2025,3,Southwark,Other Crime,98,9169420,67,35.41,3.89,0.0107
Metropolitan,2025,3,Southwark,Other Theft,1282,9169420,161,41.17,4.55,0.1398
Metropolitan,2025,3,Southwark,Possession Of Weapons,78,9169420,56,33.82,3.79,0.0085
Metropolitan,2025,3,Southwark,Public Order,567,9169420,150,37.28,4.2,0.0618
Metropolitan,2025,3,Southwark,Robbery,414,9169420,127,38.84,4.32,0.0452
Metropolitan,2025,3,Southwark,Shoplifting,686,9169420,78,35.92,4.11,0.0748
Metropolitan,2025,3,Southwark,Theft From The Person,1582,9169420,154,42.43,4.76,0.1725
Metropolitan,2025,3,Southwark,Vehicle Crime,603,9169420,153,38.19,4.33,0.0658
Metropolitan,2025,3,Southwark,Violence And Sexual Offences,2624,9169420,173,36.08,3.96,0.2862
Metropolitan,2025,3,Sutton,Bicycle Theft,22,9169420,19,55.65,5.18,0.0024
Metropolitan,2025,3,Sutton,Burglary,239,9169420,93,63.34,6.0,0.0261
Metropolitan,2025,3,Sutton,Criminal Damage And Arson,246,9169420,96,55.65,5.24,0.0268
Metropolitan,2025,3,Sutton,Drugs,175,9169420,66,52.89,5.07,0.0191
Metropolitan,2025,3,Sutton,Other Crime,52,9169420,39,55.94,5.08,0.0057
Metropolitan,2025,3,Sutton,Other Theft,242,9169420,88,53.93,4.99,0.0264
Metropolitan,2025,3,Sutton,Possession Of Weapons,23,9169420,20,54.39,5.09,0.0025
Metropolitan,2025,3,Sutton,Public Order,298,9169420,90,52.22,4.89,0.0325
Metropolitan,2025,3,Sutton,Robbery,77,9169420,41,50.87,4.75,0.0084
Metropolitan,2025,3,Sutton,Shoplifting,295,9169420,35,54.18,5.23,0.0322
Metropolitan,2025,3,Sutton,Theft From The Person,64,9169420,34,53.52,5.05,0.007
Metropolitan,2025,3,Sutton,Vehicle Crime,293,9169420,104,62.86,5.98,0.032
Metropolitan,2025,3,Sutton,Violence And Sexual Offences,1313,9169420,122,53.68,5.03,0.1432
Metropolitan,2025,3,Tower Hamlets,Bicycle Theft,272,9169420,108,31.2,3.0,0.0297
Metropolitan,2025,3,Tower Hamlets,Burglary,607,9169420,144,31.24,2.97,0.0662
Metropolitan,2025,3,Tower Hamlets,Criminal Damage And Arson,538,9169420,140,27.98,2.65,0.0587
Metropolitan,2025,3,Tower Hamlets,Drugs,662,9169420,148,25.87,2.47,0.0722
Metropolitan,2025,3,Tower Hamlets,Other Crime,138,9169420,84,25.35,2.31,0.0151
Metropolitan,2025,3,Tower Hamlets,Other Theft,985,9169420,156,33.67,3.3,0.1074
Metropolitan,2025,3,Tower Hamlets,Possession Of Weapons,66,9169420,45,28.77,2.74,0.0072
Metropolitan,2025,3,Tower Hamlets,Public Order,703,9169420,150,28.35,2.7,0.0767
Metropolitan,2025,3,Tower Hamlets,Robbery,337,9169420,117,28.19,2.85,0.0368
Metropolitan,2025,3,Tower Hamlets,Shoplifting,909,9169420,79,36.74,3.66,0.0991
Metropolitan,2025,3,Tower Hamlets,Theft From The Person,638,9169420,134,28.87,2.86,0.0696
Metropolitan,2025,3,Tower Hamlets,Vehicle Crime,642,9169420,154,26.82,2.45,0.07
Metropolitan,2025,3,Tower Hamlets,Violence And Sexual Offences,2994,9169420,163,26.82,2.51,0.3265
Metropolitan,2025,3,Walsall,Possession Of Weapons,1,9169420,1,2.08,1.0,0.0001
Metropolitan,2025,3,Walsall,Violence And Sexual Offences,3,9169420,3,27.99,3.33,0.0003
Metropolitan,2025,3,Waltham Forest,Bicycle Theft,106,9169420,55,39.26,3.61,0.0116
Metropolitan,2025,3,Waltham Forest,Burglary,294,9169420,117,37.4,3.6,0.0321
Metropolitan,2025,3,Waltham Forest,Criminal Damage And Arson,370,9169420,121,34.59,3.31,0.0404
Metropolitan,2025,3,Waltham Forest,Drugs,416,9169420,116,34.3,3.31,0.0454
Metropolitan,2025,3,Waltham Forest,Other Crime,76,9169420,52,37.81,3.5,0.0083
Metropolitan,2025,3,Waltham Forest,Other Theft,560,9169420,128,35.99,3.44,0.0611
Metropolitan,2025,3,Waltham Forest,Possession Of Weapons,32,9169420,26,39.64,3.88,0.0035
Metropolitan,2025,3,Waltham Forest,Public Order,376,9169420,113,34.78,3.35,0.041
Metropolitan,2025,3,Waltham Forest,Robbery,182,9169420,74,32.83,3.19,0.0198
Metropolitan,2025,3,Waltham Forest,Shoplifting,569,9169420,49,37.1,4.09,0.0621
Metropolitan,2025,3,Waltham Forest,Theft From The Person,334,9169420,109,33.93,3.32,0.0364
Metropolitan,2025,3,Waltham Forest,Vehicle Crime,648,9169420,142,38.43,3.61,0.0707
Metropolitan,2025,3,Waltham Forest,Violence And Sexual Offences,1713,9169420,145,35.55,3.39,0.1868
Metropolitan,2025,3,Wandsworth,Bicycle Theft,170,9169420,80,64.15,6.82,0.0185
Metropolitan,2025,3,Wandsworth,Burglary,465,9169420,147,60.15,6.01,0.0507
Metropolitan,2025,3,Wandsworth,Criminal Damage And Arson,401,9169420,148,57.19,5.7,0.0437
Metropolitan,2025,3,Wandsworth,Drugs,429,9169420,129,56.22,5.48,0.0468
Metropolitan,2025,3,Wandsworth,Other Crime,78,9169420,56,49.42,4.94,0.0085
Metropolitan,2025,3,Wandsworth,Other Theft,652,9169420,170,59.1,5.93,0.0711
Metropolitan,2025,3,Wandsworth,Possession Of Weapons,63,9169420,44,52.15,5.17,0.0069
Metropolitan,2025,3,Wandsworth,Public Order,461,9169420,137,54.83,5.57,0.0503
Metropolitan,2025,3,Wandsworth,Robbery,193,9169420,91,54.37,5.45,0.021
Metropolitan,2025,3,Wandsworth,Shoplifting,878,9169420,62,59.99,6.45,0.0958
Metropolitan,2025,3,Wandsworth,Theft From The Person,333,9169420,92,58.24,6.34,0.0363
Metropolitan,2025,3,Wandsworth,Vehicle Crime,738,9169420,171,64.35,6.48,0.0805
Metropolitan,2025,3,Wandsworth,Violence And Sexual Offences,2217,9169420,184,54.78,5.36,0.2418
Metropolitan,2025,3,Wealden,Theft From The Person,1,9169420,1,93.66,10.0,0.0001
Metropolitan,2025,3,Wealden,Vehicle Crime,1,9169420,1,54.21,5.0,0.0001
Metropolitan,2025,3,Wealden,Violence And Sexual Offences,1,9169420,1,65.11,6.0,0.0001
Metropolitan,2025,3,Westminster,Bicycle Theft,308,9169420,87,49.89,6.23,0.0336
Metropolitan,2025,3,Westminster,Burglary,670,9169420,110,45.23,5.65,0.0731
Metropolitan,2025,3,Westminster,Criminal Damage And Arson,615,9169420,108,44.74,5.62,0.0671
Metropolitan,2025,3,Westminster,Drugs,821,9169420,103,39.18,5.08,0.0895
Metropolitan,2025,3,Westminster,Other Crime,133,9169420,57,43.1,5.62,0.0145
Metropolitan,2025,3,Westminster,Other Theft,4208,9169420,121,46.95,6.21,0.4589
Metropolitan,2025,3,Westminster,Possession Of Weapons,101,9169420,39,44.68,5.79,0.011
Metropolitan,2025,3,Westminster,Public Order,976,9169420,109,45.14,5.78,0.1064
Metropolitan,2025,3,Westminster,Robbery,864,9169420,95,46.03,6.04,0.0942
Metropolitan,2025,3,Westminster,Shoplifting,1998,9169420,68,50.25,6.4,0.2179
Metropolitan,2025,3,Westminster,Theft From The Person,4776,9169420,103,49.0,6.46,0.5209
Metropolitan,2025,3,Westminster,Vehicle Crime,858,9169420,113,48.58,6.09,0.0936
Metropolitan,2025,3,Westminster,Violence And Sexual Offences,3450,9169420,123,43.98,5.66,0.3763
Metropolitan,2025,3,Wolverhampton,Other Theft,1,9169420,1,4.55,1.0,0.0001
Metropolitan,2025,3,Wolverhampton,Violence And Sexual Offences,3,9169420,3,9.98,2.0,0.0003
Metropolitan,2025,3,Worthing,Burglary,1,9169420,1,58.58,5.0,0.0001
Metropolitan,2025,3,Worthing,Violence And Sexual Offences,2,9169420,2,61.4,7.0,0.0002
Metropolitan,2025,4,Adur,Violence And Sexual Offences,1,9169420,1,70.82,6.0,0.0001
Metropolitan,2025,4,Arun,Vehicle Crime,1,9169420,1,50.95,7.0,0.0001
Metropolitan,2025,4,Arun,Violence And Sexual Offences,1,9169420,1,50.95,7.0,0.0001
Metropolitan,2025,4,Barking and Dagenham,Bicycle Theft,38,9169420,27,22.77,2.03,0.0041
Metropolitan,2025,4,Barking and Dagenham,Burglary,270,9169420,91,27.34,2.51,0.0294
Metropolitan,2025,4,Barking and Dagenham,Criminal Damage And Arson,348,9169420,100,23.83,2.18,0.038
Metropolitan,2025,4,Barking and Dagenham,Drugs,337,9169420,90,24.38,2.32,0.0368
Metropolitan,2025,4,Barking and Dagenham,Other Crime,66,9169420,49,23.15,2.15,0.0072
Metropolitan,2025,4,Barking and Dagenham,Other Theft,417,9169420,98,22.59,2.06,0.0455
Metropolitan,2025,4,Barking and Dagenham,Possession Of Weapons,34,9169420,29,22.86,2.21,0.0037
Metropolitan,2025,4,Barking and Dagenham,Public Order,275,9169420,92,21.9,2.03,0.03
Metropolitan,2025,4,Barking and Dagenham,Robbery,259,9169420,81,23.34,2.18,0.0282
Metropolitan,2025,4,Barking and Dagenham,Shoplifting,245,9169420,36,19.85,1.84,0.0267
Metropolitan,2025,4,Barking and Dagenham,Theft From The Person,204,9169420,73,23.17,2.17,0.0222
Metropolitan,2025,4,Barking and Dagenham,Vehicle Crime,542,9169420,111,24.82,2.29,0.0591
Metropolitan,2025,4,Barking and Dagenham,Violence And Sexual Offences,1983,9169420,115,23.79,2.2,0.2163
Metropolitan,2025,4,Barnet,Bicycle Theft,43,9169420,33,39.0,3.79,0.0047
Metropolitan,2025,4,Barnet,Burglary,552,9169420,187,51.0,4.91,0.0602
Metropolitan,2025,4,Barnet,Criminal Damage And Arson,454,9169420,161,41.42,3.98,0.0495
Metropolitan,2025,4,Barnet,Drugs,444,9169420,146,44.38,4.15,0.0484
Metropolitan,2025,4,Barnet,Other Crime,86,9169420,64,40.25,3.73,0.0094
Metropolitan,2025,4,Barnet,Other Theft,637,9169420,186,39.91,3.77,0.0695
Metropolitan,2025,4,Barnet,Possession Of Weapons,28,9169420,23,34.68,3.18,0.0031
Metropolitan,2025,4,Barnet,Public Order,432,9169420,156,40.75,3.82,0.0471
Metropolitan,2025,4,Barnet,Robbery,206,9169420,99,37.42,3.58,0.0225
Metropolitan,2025,4,Barnet,Shoplifting,805,9169420,73,36.15,3.46,0.0878
Metropolitan,2025,4,Barnet,Theft From The Person,254,9169420,107,37.9,3.72,0.0277
Metropolitan,2025,4,Barnet,Vehicle Crime,1051,9169420,210,48.86,4.77,0.1146
Metropolitan,2025,4,Barnet,Violence And Sexual Offences,2222,9169420,218,41.58,3.91,0.2423
Metropolitan,2025,4,Bexley,Bicycle Theft,12,9169420,12,55.2,5.75,0.0013
Metropolitan,2025,4,Bexley,Burglary,229,9169420,109,60.98,6.22,0.025
Metropolitan,2025,4,Bexley,Criminal Damage And Arson,416,9169420,117,45.44,4.69,0.0454
Metropolitan,2025,4,Bexley,Drugs,267,9169420,91,46.88,4.78,0.0291
Metropolitan,2025,4,Bexley,Other Crime,63,9169420,47,54.28,5.46,0.0069
Metropolitan,2025,4,Bexley,Other Theft,285,9169420,110,52.33,5.28,0.0311
Metropolitan,2025,4,Bexley,Possession Of Weapons,31,9169420,23,47.88,4.97,0.0034
Metropolitan,2025,4,Bexley,Public Order,279,9169420,94,50.23,5.14,0.0304
Metropolitan,2025,4,Bexley,Robbery,76,9169420,43,49.24,5.2,0.0083
Metropolitan,2025,4,Bexley,Shoplifting,350,9169420,38,48.16,5.09,0.0382
Metropolitan,2025,4,Bexley,Theft From The Person,57,9169420,37,45.1,4.72,0.0062
Metropolitan,2025,4,Bexley,Vehicle Crime,450,9169420,126,53.96,5.44,0.0491
Metropolitan,2025,4,Bexley,Violence And Sexual Offences,1461,9169420,143,49.6,5.03,0.1593
Metropolitan,2025,4,Birmingham,Other Theft,6,9169420,6,34.73,4.83,0.0007
Metropolitan,2025,4,Birmingham,Public Order,3,9169420,3,37.42,6.0,0.0003
Metropolitan,2025,4,Birmingham,Vehicle Crime,5,9169420,5,17.03,2.8,0.0005
Metropolitan,2025,4,Birmingham,Violence And Sexual Offences,31,9169420,28,12.89,1.97,0.0034
Metropolitan,2025,4,Brent,Bicycle Theft,64,9169420,37,25.83,2.66,0.007
Metropolitan,2025,4,Brent,Burglary,463,9169420,151,28.91,2.83,0.0505
Metropolitan,2025,4,Brent,Criminal Damage And Arson,496,9169420,155,25.11,2.59,0.0541
Metropolitan,2025,4,Brent,Drugs,791,9169420,156,25.04,2.47,0.0863
Metropolitan,2025,4,Brent,Other Crime,100,9169420,73,25.88,2.56,0.0109
Metropolitan,2025,4,Brent,Other Theft,844,9169420,165,27.99,2.84,0.092
Metropolitan,2025,4,Brent,Possession Of Weapons,52,9169420,44,21.16,2.19,0.0057
Metropolitan,2025,4,Brent,Public Order,515,9169420,146,25.98,2.71,0.0562
Metropolitan,2025,4,Brent,Robbery,310,9169420,127,25.53,2.64,0.0338
Metropolitan,2025,4,Brent,Shoplifting,647,9169420,72,27.61,2.85,0.0706
Metropolitan,2025,4,Brent,Theft From The Person,606,9169420,124,28.48,2.83,0.0661
Metropolitan,2025,4,Brent,Vehicle Crime,735,9169420,170,27.85,2.82,0.0802
Metropolitan,2025,4,Brent,Violence And Sexual Offences,2585,9169420,180,26.55,2.75,0.2819
Metropolitan,2025,4,Brighton and Hove,Other Crime,1,9169420,1,65.83,7.0,0.0001
Metropolitan,2025,4,Brighton and Hove,Other Theft,1,9169420,1,25.74,6.0,0.0001
Metropolitan,2025,4,Brighton and Hove,Violence And Sexual Offences,8,9169420,8,48.64,6.12,0.0009
Metropolitan,2025,4,Bromley,Bicycle Theft,33,9169420,28,61.07,6.0,0.0036
Metropolitan,2025,4,Bromley,Burglary,370,9169420,139,67.48,6.62,0.0404
Metropolitan,2025,4,Bromley,Criminal Damage And Arson,458,9169420,152,59.01,5.84,0.0499
Metropolitan,2025,4,Bromley,Drugs,289,9169420,111,53.27,5.32,0.0315
Metropolitan,2025,4,Bromley,Other Crime,104,9169420,77,59.11,6.01,0.0113
Metropolitan,2025,4,Bromley,Other Theft,484,9169420,163,56.57,5.65,0.0528
Metropolitan,2025,4,Bromley,Possession Of Weapons,42,9169420,34,54.73,5.31,0.0046
Metropolitan,2025,4,Bromley,Public Order,371,9169420,122,56.56,5.63,0.0405
Metropolitan,2025,4,Bromley,Robbery,170,9169420,74,57.88,5.91,0.0185
Metropolitan,2025,4,Bromley,Shoplifting,633,9169420,62,59.11,5.86,0.069
Metropolitan,2025,4,Bromley,Theft From The Person,138,9169420,55,51.07,5.25,0.0151
Metropolitan,2025,4,Bromley,Vehicle Crime,861,9169420,187,63.32,6.3,0.0939
Metropolitan,2025,4,Bromley,Violence And Sexual Offences,1907,9169420,190,54.9,5.51,0.208
Metropolitan,2025,4,Camden,Bicycle Theft,197,9169420,77,38.91,5.08,0.0215
Metropolitan,2025,4,Camden,Burglary,633,9169420,121,43.17,5.07,0.069
Metropolitan,2025,4,Camden,Criminal Damage And Arson,397,9169420,104,38.78,4.7,0.0433
Metropolitan,2025,4,Camden,Drugs,412,9169420,89,29.26,3.69,0.0449
Metropolitan,2025,4,Camden,Other Crime,54,9169420,39,39.17,4.48,0.0059
Metropolitan,2025,4,Camden,Other Theft,1890,9169420,124,36.74,4.99,0.2061
Metropolitan,2025,4,Camden,Possession Of Weapons,28,9169420,22,27.7,3.57,0.0031
Metropolitan,2025,4,Camden,Public Order,605,9169420,116,37.29,4.67,0.066
Metropolitan,2025,4,Camden,Robbery,312,9169420,79,36.28,4.65,0.034
Metropolitan,2025,4,Camden,Shoplifting,895,9169420,64,39.45,5.03,0.0976
Metropolitan,2025,4,Camden,Theft From The Person,1721,9169420,116,36.06,5.01,0.1877
Metropolitan,2025,4,Camden,Vehicle Crime,560,9169420,125,45.07,5.04,0.0611
Metropolitan,2025,4,Camden,Violence And Sexual Offences,2061,9169420,128,35.52,4.4,0.2248
Metropolitan,2025,4,Chichester,Other Theft,1,9169420,1,61.04,7.0,0.0001
Metropolitan,2025,4,Chichester,Violence And Sexual Offences,6,9169420,4,58.55,8.0,0.0007
Metropolitan,2025,4,City of London,Bicycle Theft,18,9169420,6,76.04,9.61,0.002
Metropolitan,2025,4,City of London,Burglary,19,9169420,4,72.34,9.37,0.0021
Metropolitan,2025,4,City of London,Criminal Damage And Arson,12,9169420,6,71.88,9.0,0.0013
Metropolitan,2025,4,City of London,Drugs,25,9169420,4,73.1,9.04,0.0027
Metropolitan,2025,4,City of London,Other Theft,204,9169420,6,72.93,9.5,0.0222
Metropolitan,2025,4,City of London,Possession Of Weapons,1,9169420,1,75.03,10.0,0.0001
Metropolitan,2025,4,City of London,Public Order,15,9169420,4,77.06,9.87,0.0016
Metropolitan,2025,4,City of London,Robbery,15,9169420,3,69.17,9.0,0.0016
Metropolitan,2025,4,City of London,Shoplifting,74,9169420,5,71.91,9.26,0.0081
Metropolitan,2025,4,City of London,Theft From The Person,103,9169420,5,72.96,9.47,0.0112
Metropolitan,2025,4,City of London,Vehicle Crime,16,9169420,3,76.4,10.0,0.0017
Metropolitan,2025,4,City of London,Violence And Sexual Offences,71,9169420,5,72.32,9.37,0.0077
Metropolitan,2025,4,Coventry,Public Order,1,9169420,1,17.57,5.0,0.0001
Metropolitan,2025,4,Coventry,Violence And Sexual Offences,5,9169420,5,13.72,3.2,0.0005
Metropolitan,2025,4,Crawley,Other Theft,8,9169420,3,27.19,3.38,0.0009
Metropolitan,2025,4,Crawley,Theft From The Person,3,9169420,2,31.51,4.0,0.0003
Metropolitan,2025,4,Crawley,Vehicle Crime,1,9169420,1,26.01,4.0,0.0001
Metropolitan,2025,4,Crawley,Violence And Sexual Offences,5,9169420,4,30.01,3.6,0.0005
Metropolitan,2025,4,Croydon,Bicycle Theft,55,9169420,36,27.78,2.93,0.006
Metropolitan,2025,4,Croydon,Burglary,447,9169420,179,42.53,4.17,0.0487
Metropolitan,2025,4,Croydon,Criminal Damage And Arson,621,9169420,185,33.8,3.4,0.0677
Metropolitan,2025,4,Croydon,Drugs,494,9169420,151,28.57,2.9,0.0539
Metropolitan,2025,4,Croydon,Other Crime,99,9169420,71,34.3,3.41,0.0108
Metropolitan,2025,4,Croydon,Other Theft,663,9169420,187,34.78,3.42,0.0723
Metropolitan,2025,4,Croydon,Possession Of Weapons,62,9169420,52,31.65,3.29,0.0068
Metropolitan,2025,4,Croydon,Public Order,558,9169420,162,32.98,3.36,0.0609
Metropolitan,2025,4,Croydon,Robbery,255,9169420,105,31.45,3.18,0.0278
Metropolitan,2025,4,Croydon,Shoplifting,675,9169420,69,26.01,2.75,0.0736
Metropolitan,2025,4,Croydon,Theft From The Person,179,9169420,78,26.91,2.8,0.0195
Metropolitan,2025,4,Croydon,Vehicle Crime,836,9169420,214,42.18,4.13,0.0912
Metropolitan,2025,4,Croydon,Violence And Sexual Offences,2998,9169420,228,33.15,3.33,0.327
Metropolitan,2025,4,Dudley,Burglary,1,9169420,1,33.97,4.0,0.0001
Metropolitan,2025,4,Dudley,Violence And Sexual Offences,1,9169420,1,5.15,1.0,0.0001
Metropolitan,2025,4,Ealing,Bicycle Theft,86,9169420,58,31.43,3.21,0.0094
Metropolitan,2025,4,Ealing,Burglary,574,9169420,169,36.22,3.54,0.0626
Metropolitan,2025,4,Ealing,Criminal Damage And Arson,567,9169420,156,29.78,2.98,0.0618
Metropolitan,2025,4,Ealing,Drugs,582,9169420,150,28.22,2.69,0.0635
Metropolitan,2025,4,Ealing,Other Crime,89,9169420,68,26.86,2.78,0.0097
Metropolitan,2025,4,Ealing,Other Theft,710,9169420,178,31.41,3.19,0.0774
Metropolitan,2025,4,Ealing,Possession Of Weapons,60,9169420,47,24.94,2.42,0.0065
Metropolitan,2025,4,Ealing,Public Order,520,9169420,152,29.35,2.98,0.0567
Metropolitan,2025,4,Ealing,Robbery,188,9169420,84,25.69,2.69,0.0205
Metropolitan,2025,4,Ealing,Shoplifting,564,9169420,64,27.27,2.76,0.0615
Metropolitan,2025,4,Ealing,Theft From The Person,323,9169420,96,24.79,2.82,0.0352
Metropolitan,2025,4,Ealing,Vehicle Crime,1059,9169420,194,33.7,3.36,0.1155
Metropolitan,2025,4,Ealing,Violence And Sexual Offences,2779,9169420,195,28.92,2.93,0.3031
Metropolitan,2025,4,Eastbourne,Violence And Sexual Offences,1,9169420,1,38.56,5.0,0.0001
Metropolitan,2025,4,Enfield,Bicycle Theft,41,9169420,27,27.36,2.59,0.0045
Metropolitan,2025,4,Enfield,Burglary,531,9169420,163,29.98,2.81,0.0579
Metropolitan,2025,4,Enfield,Criminal Damage And Arson,520,9169420,147,24.45,2.29,0.0567
Metropolitan,2025,4,Enfield,Drugs,433,9169420,125,18.68,1.84,0.0472
Metropolitan,2025,4,Enfield,Other Crime,115,9169420,83,26.1,2.37,0.0125
Metropolitan,2025,4,Enfield,Other Theft,687,9169420,157,24.73,2.31,0.0749
Metropolitan,2025,4,Enfield,Possession Of Weapons,43,9169420,37,24.78,2.42,0.0047
Metropolitan,2025,4,Enfield,Public Order,385,9169420,137,23.18,2.22,0.042
Metropolitan,2025,4,Enfield,Robbery,227,9169420,97,23.65,2.3,0.0248
Metropolitan,2025,4,Enfield,Shoplifting,548,9169420,49,20.84,1.85,0.0598
Metropolitan,2025,4,Enfield,Theft From The Person,342,9169420,108,23.41,2.26,0.0373
Metropolitan,2025,4,Enfield,Vehicle Crime,962,9169420,180,30.42,2.85,0.1049
Metropolitan,2025,4,Enfield,Violence And Sexual Offences,2359,9169420,182,23.89,2.25,0.2573
Metropolitan,2025,4,Greenwich,Bicycle Theft,61,9169420,39,46.16,4.98,0.0067
Metropolitan,2025,4,Greenwich,Burglary,354,9169420,130,41.24,4.25,0.0386
Metropolitan,2025,4,Greenwich,Criminal Damage And Arson,494,9169420,144,36.17,3.74,0.0539
Metropolitan,2025,4,Greenwich,Drugs,423,9169420,123,35.72,3.75,0.0461
Metropolitan,2025,4,Greenwich,Other Crime,116,9169420,72,34.75,3.7,0.0127
Metropolitan,2025,4,Greenwich,Other Theft,687,9169420,151,39.06,4.16,0.0749
Metropolitan,2025,4,Greenwich,Possession Of Weapons,48,9169420,38,34.67,3.67,0.0052
Metropolitan,2025,4,Greenwich,Public Order,448,9169420,126,36.84,3.96,0.0489
Metropolitan,2025,4,Greenwich,Robbery,203,9169420,90,35.62,3.86,0.0221
Metropolitan,2025,4,Greenwich,Shoplifting,559,9169420,61,40.93,4.55,0.061
Metropolitan,2025,4,Greenwich,Theft From The Person,209,9169420,84,38.42,4.29,0.0228
Metropolitan,2025,4,Greenwich,Vehicle Crime,612,9169420,147,37.02,3.9,0.0667
Metropolitan,2025,4,Greenwich,Violence And Sexual Offences,2459,9169420,163,36.19,3.8,0.2682
Metropolitan,2025,4,Hackney,Bicycle Theft,327,9169420,102,32.26,3.52,0.0357
Metropolitan,2025,4,Hackney,Burglary,443,9169420,123,30.44,3.53,0.0483
Metropolitan,2025,4,Hackney,Criminal Damage And Arson,389,9169420,129,25.7,2.9,0.0424
Metropolitan,2025,4,Hackney,Drugs,493,9169420,116,29.67,3.45,0.0538
Metropolitan,2025,4,Hackney,Other Crime,79,9169420,50,26.28,3.1,0.0086
Metropolitan,2025,4,Hackney,Other Theft,823,9169420,137,30.3,3.57,0.0898
Metropolitan,2025,4,Hackney,Possession Of Weapons,68,9169420,47,25.56,2.94,0.0074
Metropolitan,2025,4,Hackney,Public Order,479,9169420,116,25.62,3.05,0.0522
Metropolitan,2025,4,Hackney,Robbery,399,9169420,110,28.49,3.27,0.0435
Metropolitan,2025,4,Hackney,Shoplifting,581,9169420,58,27.25,3.28,0.0634
Metropolitan,2025,4,Hackney,Theft From The Person,1011,9169420,126,30.71,3.75,0.1103
Metropolitan,2025,4,Hackney,Vehicle Crime,458,9169420,138,26.49,2.98,0.0499
Metropolitan,2025,4,Hackney,Violence And Sexual Offences,2193,9169420,148,25.98,2.92,0.2392
Metropolitan,2025,4,Hammersmith and Fulham,Bicycle Theft,146,9169420,57,43.29,5.1,0.0159
Metropolitan,2025,4,Hammersmith and Fulham,Burglary,261,9169420,91,47.62,5.34,0.0285
Metropolitan,2025,4,Hammersmith and Fulham,Criminal Damage And Arson,278,9169420,95,43.3,4.91,0.0303
Metropolitan,2025,4,Hammersmith and Fulham,Drugs,337,9169420,84,38.77,4.29,0.0368
Metropolitan,2025,4,Hammersmith and Fulham,Other Crime,70,9169420,38,40.16,4.7,0.0076
Metropolitan,2025,4,Hammersmith and Fulham,Other Theft,640,9169420,107,41.29,4.71,0.0698
Metropolitan,2025,4,Hammersmith and Fulham,Possession Of Weapons,28,9169420,21,36.35,4.21,0.0031
Metropolitan,2025,4,Hammersmith and Fulham,Public Order,378,9169420,91,39.65,4.5,0.0412
Metropolitan,2025,4,Hammersmith and Fulham,Robbery,136,9169420,54,37.21,4.15,0.0148
Metropolitan,2025,4,Hammersmith and Fulham,Shoplifting,599,9169420,45,32.75,3.94,0.0653
Metropolitan,2025,4,Hammersmith and Fulham,Theft From The Person,247,9169420,71,36.71,4.33,0.0269
Metropolitan,2025,4,Hammersmith and Fulham,Vehicle Crime,390,9169420,102,45.13,4.98,0.0425
Metropolitan,2025,4,Hammersmith and Fulham,Violence And Sexual Offences,1583,9169420,114,39.18,4.49,0.1726
Metropolitan,2025,4,Haringey,Bicycle Theft,89,9169420,56,26.94,3.1,0.0097
Metropolitan,2025,4,Haringey,Burglary,349,9169420,116,32.64,3.67,0.0381
Metropolitan,2025,4,Haringey,Criminal Damage And Arson,402,9169420,131,27.66,3.16,0.0438
Metropolitan,2025,4,Haringey,Drugs,407,9169420,106,18.74,2.27,0.0444
Metropolitan,2025,4,Haringey,Other Crime,67,9169420,51,19.67,2.3,0.0073
Metropolitan,2025,4,Haringey,Other Theft,646,9169420,137,25.7,2.97,0.0705
Metropolitan,2025,4,Haringey,Possession Of Weapons,45,9169420,33,20.02,2.33,0.0049
Metropolitan,2025,4,Haringey,Public Order,394,9169420,111,22.23,2.6,0.043
Metropolitan,2025,4,Haringey,Robbery,341,9169420,96,20.28,2.44,0.0372
Metropolitan,2025,4,Haringey,Shoplifting,642,9169420,43,24.91,2.91,0.07
Metropolitan,2025,4,Haringey,Theft From The Person,510,9169420,105,20.5,2.49,0.0556
Metropolitan,2025,4,Haringey,Vehicle Crime,851,9169420,144,34.54,3.87,0.0928
Metropolitan,2025,4,Haringey,Violence And Sexual Offences,2148,9169420,145,22.49,2.61,0.2343
Metropolitan,2025,4,Harrow,Bicycle Theft,29,9169420,23,42.32,3.86,0.0032
Metropolitan,2025,4,Harrow,Burglary,344,9169420,111,53.54,4.54,0.0375
Metropolitan,2025,4,Harrow,Criminal Damage And Arson,250,9169420,101,45.64,3.85,0.0273
Metropolitan,2025,4,Harrow,Drugs,324,9169420,94,46.43,4.03,0.0353
Metropolitan,2025,4,Harrow,Other Crime,63,9169420,47,49.93,4.22,0.0069
Metropolitan,2025,4,Harrow,Other Theft,354,9169420,106,45.37,3.88,0.0386
Metropolitan,2025,4,Harrow,Possession Of Weapons,24,9169420,20,46.23,3.96,0.0026
Metropolitan,2025,4,Harrow,Public Order,262,9169420,93,44.24,3.89,0.0286
Metropolitan,2025,4,Harrow,Robbery,127,9169420,65,43.36,3.63,0.0139
Metropolitan,2025,4,Harrow,Shoplifting,395,9169420,44,45.65,4.14,0.0431
Metropolitan,2025,4,Harrow,Theft From The Person,205,9169420,73,45.65,4.21,0.0224
Metropolitan,2025,4,Harrow,Vehicle Crime,450,9169420,131,49.44,4.1,0.0491
Metropolitan,2025,4,Harrow,Violence And Sexual Offences,1361,9169420,144,46.42,3.9,0.1484
Metropolitan,2025,4,Hastings,Other Theft,1,9169420,1,14.32,4.0,0.0001
Metropolitan,2025,4,Hastings,Violence And Sexual Offences,4,9169420,4,26.81,3.75,0.0004
Metropolitan,2025,4,Havering,Bicycle Theft,28,9169420,18,39.14,4.11,0.0031
Metropolitan,2025,4,Havering,Burglary,264,9169420,111,56.79,5.6,0.0288
Metropolitan,2025,4,Havering,Criminal Damage And Arson,365,9169420,123,49.66,4.97,0.0398
Metropolitan,2025,4,Havering,Drugs,284,9169420,93,41.56,4.19,0.031
Metropolitan,2025,4,Havering,Other Crime,70,9169420,53,54.41,5.27,0.0076
Metropolitan,2025,4,Havering,Other Theft,377,9169420,117,46.37,4.61,0.0411
Metropolitan,2025,4,Havering,Possession Of Weapons,48,9169420,34,41.99,4.4,0.0052
Metropolitan,2025,4,Havering,Public Order,287,9169420,98,44.85,4.45,0.0313
Metropolitan,2025,4,Havering,Robbery,161,9169420,59,44.33,4.46,0.0176
Metropolitan,2025,4,Havering,Shoplifting,488,9169420,40,45.09,4.58,0.0532
Metropolitan,2025,4,Havering,Theft From The Person,123,9169420,46,41.42,4.31,0.0134
Metropolitan,2025,4,Havering,Vehicle Crime,517,9169420,143,54.21,5.36,0.0564
Metropolitan,2025,4,Havering,Violence And Sexual Offences,1689,9169420,150,45.44,4.52,0.1842
Metropolitan,2025,4,Hillingdon,Bicycle Theft,77,9169420,41,29.92,3.03,0.0084
Metropolitan,2025,4,Hillingdon,Burglary,389,9169420,132,41.47,4.05,0.0424
Metropolitan,2025,4,Hillingdon,Criminal Damage And Arson,505,9169420,134,36.69,3.75,0.0551
Metropolitan,2025,4,Hillingdon,Drugs,481,9169420,119,36.77,3.68,0.0525
Metropolitan,2025,4,Hillingdon,Other Crime,464,9169420,69,23.8,3.2,0.0506
Metropolitan,2025,4,Hillingdon,Other Theft,868,9169420,145,32.64,3.57,0.0947
Metropolitan,2025,4,Hillingdon,Possession Of Weapons,45,9169420,26,28.27,3.13,0.0049
Metropolitan,2025,4,Hillingdon,Public Order,465,9169420,126,34.65,3.6,0.0507
Metropolitan,2025,4,Hillingdon,Robbery,164,9169420,78,34.11,3.35,0.0179
Metropolitan,2025,4,Hillingdon,Shoplifting,818,9169420,53,32.01,3.26,0.0892
Metropolitan,2025,4,Hillingdon,Theft From The Person,277,9169420,92,32.12,3.22,0.0302
Metropolitan,2025,4,Hillingdon,Vehicle Crime,885,9169420,157,37.55,3.75,0.0965
Metropolitan,2025,4,Hillingdon,Violence And Sexual Offences,2353,9169420,169,36.14,3.65,0.2566
Metropolitan,2025,4,Horsham,Other Theft,1,9169420,1,74.14,7.0,0.0001
Metropolitan,2025,4,Horsham,Violence And Sexual Offences,4,9169420,4,68.52,6.75,0.0004
Metropolitan,2025,4,Hounslow,Bicycle Theft,105,9169420,56,34.81,3.81,0.0115
Metropolitan,2025,4,Hounslow,Burglary,357,9169420,129,37.94,3.95,0.0389
Metropolitan,2025,4,Hounslow,Criminal Damage And Arson,471,9169420,128,33.49,3.48,0.0514
Metropolitan,2025,4,Hounslow,Drugs,351,9169420,109,32.24,3.47,0.0383
Metropolitan,2025,4,Hounslow,Other Crime,105,9169420,69,33.89,3.47,0.0115
Metropolitan,2025,4,Hounslow,Other Theft,605,9169420,136,34.82,3.67,0.066
Metropolitan,2025,4,Hounslow,Possession Of Weapons,47,9169420,41,31.49,3.6,0.0051
Metropolitan,2025,4,Hounslow,Public Order,486,9169420,124,33.06,3.51,0.053
Metropolitan,2025,4,Hounslow,Robbery,131,9169420,67,31.28,3.24,0.0143
Metropolitan,2025,4,Hounslow,Shoplifting,574,9169420,68,33.81,3.68,0.0626
Metropolitan,2025,4,Hounslow,Theft From The Person,206,9169420,74,31.18,3.31,0.0225
Metropolitan,2025,4,Hounslow,Vehicle Crime,660,9169420,146,38.56,4.11,0.072
Metropolitan,2025,4,Hounslow,Violence And Sexual Offences,2428,9169420,149,32.25,3.4,0.2648
Metropolitan,2025,4,Islington,Bicycle Theft,198,9169420,80,38.6,4.28,0.0216
Metropolitan,2025,4,Islington,Burglary,405,9169420,104,33.57,3.64,0.0442
Metropolitan,2025,4,Islington,Criminal Damage And Arson,394,9169420,110,31.3,3.59,0.043
Metropolitan,2025,4,Islington,Drugs,509,9169420,108,29.97,3.3,0.0555
Metropolitan,2025,4,Islington,Other Crime,83,9169420,50,31.0,3.66,0.0091
Metropolitan,2025,4,Islington,Other Theft,1080,9169420,120,36.88,4.02,0.1178
Metropolitan,2025,4,Islington,Possession Of Weapons,57,9169420,40,30.79,3.39,0.0062
Metropolitan,2025,4,Islington,Public Order,505,9169420,110,34.24,3.87,0.0551
Metropolitan,2025,4,Islington,Robbery,277,9169420,81,33.04,3.66,0.0302
Metropolitan,2025,4,Islington,Shoplifting,829,9169420,62,37.04,4.13,0.0904
Metropolitan,2025,4,Islington,Theft From The Person,702,9169420,106,34.93,3.82,0.0766
Metropolitan,2025,4,Islington,Vehicle Crime,433,9169420,117,32.65,3.64,0.0472
Metropolitan,2025,4,Islington,Violence And Sexual Offences,2115,9169420,125,31.93,3.61,0.2307
Metropolitan,2025,4,Kensington and Chelsea,Bicycle Theft,76,9169420,47,52.57,6.96,0.0083
Metropolitan,2025,4,Kensington and Chelsea,Burglary,355,9169420,92,50.14,6.59,0.0387
Metropolitan,2025,4,Kensington and Chelsea,Criminal Damage And Arson,271,9169420,88,45.71,6.09,0.0296
Metropolitan,2025,4,Kensington and Chelsea,Drugs,252,9169420,72,32.52,4.21,0.0275
Metropolitan,2025,4,Kensington and Chelsea,Other Crime,35,9169420,30,49.68,6.37,0.0038
Metropolitan,2025,4,Kensington and Chelsea,Other Theft,732,9169420,97,52.94,7.16,0.0798
Metropolitan,2025,4,Kensington and Chelsea,Possession Of Weapons,19,9169420,13,40.34,4.84,0.0021
Metropolitan,2025,4,Kensington and Chelsea,Public Order,291,9169420,81,47.28,6.23,0.0317
Metropolitan,2025,4,Kensington and Chelsea,Robbery,151,9169420,59,51.35,6.84,0.0165
Metropolitan,2025,4,Kensington and Chelsea,Shoplifting,741,9169420,59,45.69,6.04,0.0808
Metropolitan,2025,4,Kensington and Chelsea,Theft From The Person,459,9169420,79,55.0,7.39,0.0501
Metropolitan,2025,4,Kensington and Chelsea,Vehicle Crime,611,9169420,98,55.85,7.39,0.0666
Metropolitan,2025,4,Kensington and Chelsea,Violence And Sexual Offences,1222,9169420,101,42.38,5.48,0.1333
Metropolitan,2025,4,Kingston upon Thames,Bicycle Theft,68,9169420,30,66.42,6.18,0.0074
Metropolitan,2025,4,Kingston upon Thames,Burglary,166,9169420,72,71.84,6.46,0.0181
Metropolitan,2025,4,Kingston upon Thames,Criminal Damage And Arson,225,9169420,75,66.47,5.95,0.0245
Metropolitan,2025,4,Kingston upon Thames,Drugs,200,9169420,60,61.13,5.48,0.0218
Metropolitan,2025,4,Kingston upon Thames,Other Crime,28,9169420,17,64.14,5.57,0.0031
Metropolitan,2025,4,Kingston upon Thames,Other Theft,247,9169420,74,65.23,6.01,0.0269
Metropolitan,2025,4,Kingston upon Thames,Possession Of Weapons,22,9169420,17,63.49,5.45,0.0024
Metropolitan,2025,4,Kingston upon Thames,Public Order,197,9169420,61,62.54,5.73,0.0215
Metropolitan,2025,4,Kingston upon Thames,Robbery,64,9169420,28,67.41,6.3,0.007
Metropolitan,2025,4,Kingston upon Thames,Shoplifting,399,9169420,28,61.05,5.75,0.0435
Metropolitan,2025,4,Kingston upon Thames,Theft From The Person,120,9169420,34,62.09,5.71,0.0131
Metropolitan,2025,4,Kingston upon Thames,Vehicle Crime,292,9169420,83,72.19,6.6,0.0318
Metropolitan,2025,4,Kingston upon Thames,Violence And Sexual Offences,1094,9169420,97,63.54,5.68,0.1193
Metropolitan,2025,4,Lambeth,Bicycle Theft,235,9169420,95,42.68,4.97,0.0256
Metropolitan,2025,4,Lambeth,Burglary,467,9169420,152,41.57,4.74,0.0509
Metropolitan,2025,4,Lambeth,Criminal Damage And Arson,512,9169420,159,39.84,4.64,0.0558
Metropolitan,2025,4,Lambeth,Drugs,426,9169420,130,33.21,3.96,0.0465
Metropolitan,2025,4,Lambeth,Other Crime,125,9169420,81,35.43,4.16,0.0136
Metropolitan,2025,4,Lambeth,Other Theft,1134,9169420,172,43.12,5.21,0.1237
Metropolitan,2025,4,Lambeth,Possession Of Weapons,84,9169420,57,36.11,4.18,0.0092
Metropolitan,2025,4,Lambeth,Public Order,512,9169420,134,38.83,4.69,0.0558
Metropolitan,2025,4,Lambeth,Robbery,461,9169420,130,40.02,4.8,0.0503
Metropolitan,2025,4,Lambeth,Shoplifting,746,9169420,73,42.48,5.11,0.0814
Metropolitan,2025,4,Lambeth,Theft From The Person,1282,9169420,129,42.89,5.3,0.1398
Metropolitan,2025,4,Lambeth,Vehicle Crime,576,9169420,162,43.45,4.85,0.0628
Metropolitan,2025,4,Lambeth,Violence And Sexual Offences,2651,9169420,181,38.65,4.57,0.2891
Metropolitan,2025,4,Lewes,Violence And Sexual Offences,1,9169420,1,63.09,6.0,0.0001
Metropolitan,2025,4,Lewisham,Bicycle Theft,87,9169420,54,35.02,3.99,0.0095
Metropolitan,2025,4,Lewisham,Burglary,405,9169420,143,34.79,3.77,0.0442
Metropolitan,2025,4,Lewisham,Criminal Damage And Arson,509,9169420,148,33.36,3.67,0.0555
Metropolitan,2025,4,Lewisham,Drugs,470,9169420,136,31.5,3.52,0.0513
Metropolitan,2025,4,Lewisham,Other Crime,109,9169420,76,34.44,3.76,0.0119
Metropolitan,2025,4,Lewisham,Other Theft,618,9169420,157,32.41,3.61,0.0674
Metropolitan,2025,4,Lewisham,Possession Of Weapons,86,9169420,57,29.11,3.37,0.0094
Metropolitan,2025,4,Lewisham,Public Order,461,9169420,137,34.64,3.8,0.0503
Metropolitan,2025,4,Lewisham,Robbery,284,9169420,103,30.68,3.42,0.031
Metropolitan,2025,4,Lewisham,Shoplifting,618,9169420,58,37.06,4.32,0.0674
Metropolitan,2025,4,Lewisham,Theft From The Person,300,9169420,109,33.32,3.89,0.0327
Metropolitan,2025,4,Lewisham,Vehicle Crime,657,9169420,165,34.65,3.73,0.0717
Metropolitan,2025,4,Lewisham,Violence And Sexual Offences,2710,9169420,175,30.84,3.41,0.2955
Metropolitan,2025,4,Merton,Bicycle Theft,57,9169420,34,59.61,5.4,0.0062
Metropolitan,2025,4,Merton,Burglary,189,9169420,87,60.27,5.33,0.0206
Metropolitan,2025,4,Merton,Criminal Damage And Arson,268,9169420,91,53.28,4.72,0.0292
Metropolitan,2025,4,Merton,Drugs,220,9169420,86,54.45,4.79,0.024
Metropolitan,2025,4,Merton,Other Crime,43,9169420,34,54.34,4.77,0.0047
Metropolitan,2025,4,Merton,Other Theft,318,9169420,105,60.49,5.47,0.0347
Metropolitan,2025,4,Merton,Possession Of Weapons,18,9169420,18,58.27,4.94,0.002
Metropolitan,2025,4,Merton,Public Order,209,9169420,82,53.57,4.88,0.0228
Metropolitan,2025,4,Merton,Robbery,86,9169420,54,54.42,4.97,0.0094
Metropolitan,2025,4,Merton,Shoplifting,278,9169420,36,62.21,5.86,0.0303
Metropolitan,2025,4,Merton,Theft From The Person,76,9169420,44,56.45,5.41,0.0083
Metropolitan,2025,4,Merton,Vehicle Crime,336,9169420,109,59.53,5.32,0.0366
Metropolitan,2025,4,Merton,Violence And Sexual Offences,1241,9169420,122,53.65,4.8,0.1353
Metropolitan,2025,4,Mid Sussex,Public Order,1,9169420,1,86.3,7.0,0.0001
Metropolitan,2025,4,Mid Sussex,Violence And Sexual Offences,2,9169420,2,37.98,3.0,0.0002
Metropolitan,2025,4,Newham,Bicycle Theft,126,9169420,63,29.07,3.44,0.0137
Metropolitan,2025,4,Newham,Burglary,445,9169420,135,28.97,2.84,0.0485
Metropolitan,2025,4,Newham,Criminal Damage And Arson,488,9169420,155,24.15,2.43,0.0532
Metropolitan,2025,4,Newham,Drugs,616,9169420,145,24.24,2.66,0.0672
Metropolitan,2025,4,Newham,Other Crime,149,9169420,84,22.16,2.24,0.0162
Metropolitan,2025,4,Newham,Other Theft,1155,9169420,171,28.84,3.11,0.126
Metropolitan,2025,4,Newham,Possession Of Weapons,64,9169420,42,27.36,2.94,0.007
Metropolitan,2025,4,Newham,Public Order,518,9169420,150,22.26,2.38,0.0565
Metropolitan,2025,4,Newham,Robbery,476,9169420,134,25.69,2.66,0.0519
Metropolitan,2025,4,Newham,Shoplifting,1053,9169420,71,27.58,3.59,0.1148
Metropolitan,2025,4,Newham,Theft From The Person,1183,9169420,151,28.08,3.38,0.129
Metropolitan,2025,4,Newham,Vehicle Crime,1258,9169420,172,23.36,2.36,0.1372
Metropolitan,2025,4,Newham,Violence And Sexual Offences,2979,9169420,181,23.97,2.45,0.3249
Metropolitan,2025,4,Redbridge,Bicycle Theft,40,9169420,26,28.18,2.52,0.0044
Metropolitan,2025,4,Redbridge,Burglary,348,9169420,130,47.54,4.3,0.038
Metropolitan,2025,4,Redbridge,Criminal Damage And Arson,377,9169420,128,42.67,3.87,0.0411
Metropolitan,2025,4,Redbridge,Drugs,286,9169420,100,36.14,3.22,0.0312
Metropolitan,2025,4,Redbridge,Other Crime,104,9169420,72,39.9,3.52,0.0113
Metropolitan,2025,4,Redbridge,Other Theft,516,9169420,132,41.0,3.71,0.0563
Metropolitan,2025,4,Redbridge,Possession Of Weapons,47,9169420,34,43.54,3.94,0.0051
Metropolitan,2025,4,Redbridge,Public Order,349,9169420,112,39.64,3.6,0.0381
Metropolitan,2025,4,Redbridge,Robbery,211,9169420,78,37.2,3.49,0.023
Metropolitan,2025,4,Redbridge,Shoplifting,559,9169420,42,43.26,4.13,0.061
Metropolitan,2025,4,Redbridge,Theft From The Person,360,9169420,80,27.63,2.68,0.0393
Metropolitan,2025,4,Redbridge,Vehicle Crime,688,9169420,151,48.23,4.35,0.075
Metropolitan,2025,4,Redbridge,Violence And Sexual Offences,2300,9169420,161,40.32,3.6,0.2508
Metropolitan,2025,4,Richmond upon Thames,Bicycle Theft,59,9169420,40,75.67,7.69,0.0064
Metropolitan,2025,4,Richmond upon Thames,Burglary,193,9169420,80,76.31,7.59,0.021
Metropolitan,2025,4,Richmond upon Thames,Criminal Damage And Arson,267,9169420,85,74.48,7.42,0.0291
Metropolitan,2025,4,Richmond upon Thames,Drugs,113,9169420,58,70.69,7.09,0.0123
Metropolitan,2025,4,Richmond upon Thames,Other Crime,31,9169420,25,68.36,6.71,0.0034
Metropolitan,2025,4,Richmond upon Thames,Other Theft,277,9169420,92,72.37,7.4,0.0302
Metropolitan,2025,4,Richmond upon Thames,Possession Of Weapons,13,9169420,11,77.24,7.69,0.0014
Metropolitan,2025,4,Richmond upon Thames,Public Order,194,9169420,71,74.05,7.43,0.0212
Metropolitan,2025,4,Richmond upon Thames,Robbery,50,9169420,31,72.08,7.16,0.0055
Metropolitan,2025,4,Richmond upon Thames,Shoplifting,292,9169420,34,71.16,7.29,0.0318
Metropolitan,2025,4,Richmond upon Thames,Theft From The Person,68,9169420,38,75.41,8.04,0.0074
Metropolitan,2025,4,Richmond upon Thames,Vehicle Crime,387,9169420,100,76.7,7.99,0.0422
Metropolitan,2025,4,Richmond upon Thames,Violence And Sexual Offences,836,9169420,112,71.46,7.19,0.0912
Metropolitan,2025,4,Rother,Violence And Sexual Offences,1,9169420,1,29.48,4.0,0.0001
Metropolitan,2025,4,Sandwell,Violence And Sexual Offences,2,9169420,2,25.37,3.0,0.0002
Metropolitan,2025,4,Solihull,Other Theft,1,9169420,1,47.34,6.0,0.0001
Metropolitan,2025,4,Solihull,Violence And Sexual Offences,1,9169420,1,47.34,6.0,0.0001
Metropolitan,2025,4,Southwark,Bicycle Theft,258,9169420,102,38.98,4.43,0.0281
Metropolitan,2025,4,Southwark,Burglary,600,9169420,149,39.94,4.42,0.0654
Metropolitan,2025,4,Southwark,Criminal Damage And Arson,432,9169420,152,36.7,4.11,0.0471
Metropolitan,2025,4,Southwark,Drugs,459,9169420,128,33.07,3.71,0.0501
Metropolitan,2025,4,Southwark,Other Crime,96,9169420,65,33.83,3.69,0.0105
Metropolitan,2025,4,Southwark,Other Theft,1348,9169420,156,40.92,4.53,0.147
Metropolitan,2025,4,Southwark,Possession Of Weapons,74,9169420,56,34.03,3.77,0.0081
Metropolitan,2025,4,Southwark,Public Order,472,9169420,139,37.0,4.12,0.0515
Metropolitan,2025,4,Southwark,Robbery,480,9169420,132,38.49,4.42,0.0523
Metropolitan,2025,4,Southwark,Shoplifting,644,9169420,70,37.73,4.21,0.0702
Metropolitan,2025,4,Southwark,Theft From The Person,1775,9169420,154,42.65,4.77,0.1936
Metropolitan,2025,4,Southwark,Vehicle Crime,572,9169420,160,38.38,4.34,0.0624
Metropolitan,2025,4,Southwark,Violence And Sexual Offences,2479,9169420,171,35.03,3.82,0.2704
Metropolitan,2025,4,Sutton,Bicycle Theft,18,9169420,14,64.76,6.06,0.002
Metropolitan,2025,4,Sutton,Burglary,197,9169420,81,65.61,6.28,0.0215
Metropolitan,2025,4,Sutton,Criminal Damage And Arson,252,9169420,93,54.15,5.05,0.0275
Metropolitan,2025,4,Sutton,Drugs,181,9169420,64,53.17,4.99,0.0197
Metropolitan,2025,4,Sutton,Other Crime,57,9169420,43,51.54,4.86,0.0062
Metropolitan,2025,4,Sutton,Other Theft,229,9169420,96,57.04,5.31,0.025
Metropolitan,2025,4,Sutton,Possession Of Weapons,28,9169420,23,49.62,4.54,0.0031
Metropolitan,2025,4,Sutton,Public Order,255,9169420,76,48.3,4.48,0.0278
Metropolitan,2025,4,Sutton,Robbery,61,9169420,32,52.99,4.9,0.0067
Metropolitan,2025,4,Sutton,Shoplifting,353,9169420,39,52.44,5.04,0.0385
Metropolitan,2025,4,Sutton,Theft From The Person,66,9169420,35,53.39,4.98,0.0072
Metropolitan,2025,4,Sutton,Vehicle Crime,311,9169420,106,60.44,5.79,0.0339
Metropolitan,2025,4,Sutton,Violence And Sexual Offences,1315,9169420,123,54.67,5.12,0.1434
Metropolitan,2025,4,Tower Hamlets,Bicycle Theft,268,9169420,105,29.33,2.91,0.0292
Metropolitan,2025,4,Tower Hamlets,Burglary,723,9169420,147,31.88,3.02,0.0788
Metropolitan,2025,4,Tower Hamlets,Criminal Damage And Arson,488,9169420,143,29.58,2.72,0.0532
Metropolitan,2025,4,Tower Hamlets,Drugs,673,9169420,149,28.02,2.59,0.0734
Metropolitan,2025,4,Tower Hamlets,Other Crime,105,9169420,83,27.32,2.61,0.0115
Metropolitan,2025,4,Tower Hamlets,Other Theft,1041,9169420,155,33.83,3.23,0.1135
Metropolitan,2025,4,Tower Hamlets,Possession Of Weapons,65,9169420,51,25.35,2.49,0.0071
Metropolitan,2025,4,Tower Hamlets,Public Order,629,9169420,140,28.52,2.75,0.0686
Metropolitan,2025,4,Tower Hamlets,Robbery,321,9169420,112,31.01,2.97,0.035
Metropolitan,2025,4,Tower Hamlets,Shoplifting,750,9169420,66,40.38,4.02,0.0818
Metropolitan,2025,4,Tower Hamlets,Theft From The Person,731,9169420,132,30.02,3.01,0.0797
Metropolitan,2025,4,Tower Hamlets,Vehicle Crime,615,9169420,143,26.99,2.38,0.0671
Metropolitan,2025,4,Tower Hamlets,Violence And Sexual Offences,2940,9169420,163,27.87,2.62,0.3206
Metropolitan,2025,4,Walsall,Public Order,1,9169420,1,28.39,3.0,0.0001
Metropolitan,2025,4,Walsall,Theft From The Person,1,9169420,1,39.58,6.0,0.0001
Metropolitan,2025,4,Walsall,Violence And Sexual Offences,3,9169420,3,8.23,1.0,0.0003
Metropolitan,2025,4,Waltham Forest,Bicycle Theft,94,9169420,48,42.7,3.86,0.0103
Metropolitan,2025,4,Waltham Forest,Burglary,332,9169420,122,38.83,3.67,0.0362
Metropolitan,2025,4,Waltham Forest,Criminal Damage And Arson,402,9169420,122,35.87,3.46,0.0438
Metropolitan,2025,4,Waltham Forest,Drugs,415,9169420,116,34.57,3.28,0.0453
Metropolitan,2025,4,Waltham Forest,Other Crime,65,9169420,48,36.97,3.48,0.0071
Metropolitan,2025,4,Waltham Forest,Other Theft,615,9169420,130,35.9,3.42,0.0671
Metropolitan,2025,4,Waltham Forest,Possession Of Weapons,47,9169420,41,36.36,3.38,0.0051
Metropolitan,2025,4,Waltham Forest,Public Order,332,9169420,114,35.49,3.43,0.0362
Metropolitan,2025,4,Waltham Forest,Robbery,191,9169420,76,35.07,3.58,0.0208
Metropolitan,2025,4,Waltham Forest,Shoplifting,467,9169420,42,36.93,3.98,0.0509
Metropolitan,2025,4,Waltham Forest,Theft From The Person,375,9169420,94,32.11,3.19,0.0409
Metropolitan,2025,4,Waltham Forest,Vehicle Crime,630,9169420,143,38.38,3.62,0.0687
Metropolitan,2025,4,Waltham Forest,Violence And Sexual Offences,1763,9169420,146,35.45,3.38,0.1923
Metropolitan,2025,4,Wandsworth,Bicycle Theft,166,9169420,80,59.55,6.04,0.0181
Metropolitan,2025,4,Wandsworth,Burglary,410,9169420,148,59.25,5.96,0.0447
Metropolitan,2025,4,Wandsworth,Criminal Damage And Arson,368,9169420,137,58.48,5.92,0.0401
Metropolitan,2025,4,Wandsworth,Drugs,311,9169420,115,55.29,5.32,0.0339
Metropolitan,2025,4,Wandsworth,Other Crime,90,9169420,61,53.41,5.54,0.0098
Metropolitan,2025,4,Wandsworth,Other Theft,796,9169420,171,58.92,5.98,0.0868
Metropolitan,2025,4,Wandsworth,Possession Of Weapons,31,9169420,29,55.08,5.42,0.0034
Metropolitan,2025,4,Wandsworth,Public Order,429,9169420,137,55.0,5.49,0.0468
Metropolitan,2025,4,Wandsworth,Robbery,159,9169420,77,57.05,5.88,0.0173
Metropolitan,2025,4,Wandsworth,Shoplifting,571,9169420,61,59.89,6.51,0.0623
Metropolitan,2025,4,Wandsworth,Theft From The Person,371,9169420,105,56.73,6.0,0.0405
Metropolitan,2025,4,Wandsworth,Vehicle Crime,750,9169420,176,63.86,6.49,0.0818
Metropolitan,2025,4,Wandsworth,Violence And Sexual Offences,2073,9169420,184,54.65,5.4,0.2261
Metropolitan,2025,4,Wealden,Violence And Sexual Offences,3,9169420,3,64.56,7.67,0.0003
Metropolitan,2025,4,Westminster,Bicycle Theft,228,9169420,83,48.71,6.17,0.0249
Metropolitan,2025,4,Westminster,Burglary,704,9169420,112,44.91,5.66,0.0768
Metropolitan,2025,4,Westminster,Criminal Damage And Arson,586,9169420,105,46.0,5.87,0.0639
Metropolitan,2025,4,Westminster,Drugs,722,9169420,98,42.48,5.59,0.0787
Metropolitan,2025,4,Westminster,Other Crime,108,9169420,51,45.94,6.01,0.0118
Metropolitan,2025,4,Westminster,Other Theft,4536,9169420,115,46.46,6.17,0.4947
Metropolitan,2025,4,Westminster,Possession Of Weapons,96,9169420,47,44.46,5.73,0.0105
Metropolitan,2025,4,Westminster,Public Order,893,9169420,106,46.88,6.1,0.0974
Metropolitan,2025,4,Westminster,Robbery,850,9169420,86,44.97,5.91,0.0927
Metropolitan,2025,4,Westminster,Shoplifting,2238,9169420,66,48.53,6.23,0.2441
Metropolitan,2025,4,Westminster,Theft From The Person,6481,9169420,106,45.9,6.14,0.7068
Metropolitan,2025,4,Westminster,Vehicle Crime,825,9169420,111,52.28,6.54,0.09
Metropolitan,2025,4,Westminster,Violence And Sexual Offences,3286,9169420,123,43.52,5.58,0.3584
Metropolitan,2025,4,Wolverhampton,Burglary,1,9169420,1,8.32,1.0,0.0001
Metropolitan,2025,4,Wolverhampton,Violence And Sexual Offences,3,9169420,2,9.02,1.0,0.0003
Metropolitan,2025,4,Worthing,Criminal Damage And Arson,1,9169420,1,41.55,4.0,0.0001
Metropolitan,2025,4,Worthing,Violence And Sexual Offences,1,9169420,1,50.68,4.0,0.0001
Metropolitan,2026,1,Barking and Dagenham,Bicycle Theft,9,9265205,7,22.13,1.67,0.001
Metropolitan,2026,1,Barking and Dagenham,Burglary,79,9265205,55,23.69,2.19,0.0085
Metropolitan,2026,1,Barking and Dagenham,Criminal Damage And Arson,100,9265205,54,21.8,2.04,0.0108
Metropolitan,2026,1,Barking and Dagenham,Drugs,105,9265205,53,22.39,2.07,0.0113
Metropolitan,2026,1,Barking and Dagenham,Other Crime,24,9265205,23,23.72,2.21,0.0026
Metropolitan,2026,1,Barking and Dagenham,Other Theft,112,9265205,62,23.83,2.13,0.0121
Metropolitan,2026,1,Barking and Dagenham,Possession Of Weapons,15,9265205,15,21.58,2.13,0.0016
Metropolitan,2026,1,Barking and Dagenham,Public Order,96,9265205,54,23.02,2.24,0.0104
Metropolitan,2026,1,Barking and Dagenham,Robbery,77,9265205,40,26.01,2.36,0.0083
Metropolitan,2026,1,Barking and Dagenham,Shoplifting,76,9265205,19,20.1,1.97,0.0082
Metropolitan,2026,1,Barking and Dagenham,Theft From The Person,57,9265205,33,21.79,2.19,0.0062
Metropolitan,2026,1,Barking and Dagenham,Vehicle Crime,168,9265205,79,24.35,2.23,0.0181
Metropolitan,2026,1,Barking and Dagenham,Violence And Sexual Offences,628,9265205,111,25.01,2.32,0.0678
Metropolitan,2026,1,Barnet,Bicycle Theft,6,9265205,6,30.43,2.83,0.0006
Metropolitan,2026,1,Barnet,Burglary,227,9265205,129,52.82,5.0,0.0245
Metropolitan,2026,1,Barnet,Criminal Damage And Arson,147,9265205,96,42.6,4.06,0.0159
Metropolitan,2026,1,Barnet,Drugs,164,9265205,96,42.72,4.05,0.0177
Metropolitan,2026,1,Barnet,Other Crime,29,9265205,25,37.28,3.41,0.0031
Metropolitan,2026,1,Barnet,Other Theft,198,9265205,107,43.03,4.15,0.0214
Metropolitan,2026,1,Barnet,Possession Of Weapons,12,9265205,11,36.31,3.58,0.0013
Metropolitan,2026,1,Barnet,Public Order,128,9265205,73,43.35,4.16,0.0138
Metropolitan,2026,1,Barnet,Robbery,65,9265205,44,37.28,3.49,0.007
Metropolitan,2026,1,Barnet,Shoplifting,346,9265205,46,34.9,3.23,0.0373
Metropolitan,2026,1,Barnet,Theft From The Person,75,9265205,46,39.89,3.83,0.0081
Metropolitan,2026,1,Barnet,Vehicle Crime,335,9265205,158,45.62,4.29,0.0362
Metropolitan,2026,1,Barnet,Violence And Sexual Offences,695,9265205,187,40.27,3.75,0.075
Metropolitan,2026,1,Bexley,Bicycle Theft,2,9265205,2,39.22,4.5,0.0002
Metropolitan,2026,1,Bexley,Burglary,57,9265205,40,52.48,5.39,0.0062
Metropolitan,2026,1,Bexley,Criminal Damage And Arson,135,9265205,72,47.38,4.92,0.0146
Metropolitan,2026,1,Bexley,Drugs,95,9265205,51,49.94,5.17,0.0103
Metropolitan,2026,1,Bexley,Other Crime,29,9265205,26,42.1,4.41,0.0031
Metropolitan,2026,1,Bexley,Other Theft,102,9265205,62,49.18,5.08,0.011
Metropolitan,2026,1,Bexley,Possession Of Weapons,11,9265205,10,45.36,4.73,0.0012
Metropolitan,2026,1,Bexley,Public Order,87,9265205,58,59.44,6.02,0.0094
Metropolitan,2026,1,Bexley,Robbery,25,9265205,18,44.62,4.8,0.0027
Metropolitan,2026,1,Bexley,Shoplifting,103,9265205,26,47.41,4.99,0.0111
Metropolitan,2026,1,Bexley,Theft From The Person,16,9265205,10,53.98,5.56,0.0017
Metropolitan,2026,1,Bexley,Vehicle Crime,149,9265205,79,53.28,5.37,0.0161
Metropolitan,2026,1,Bexley,Violence And Sexual Offences,449,9265205,122,49.56,5.05,0.0485
Metropolitan,2026,1,Birmingham,Public Order,3,9265205,1,24.92,3.0,0.0003
Metropolitan,2026,1,Birmingham,Theft From The Person,1,9265205,1,27.39,2.0,0.0001
Metropolitan,2026,1,Birmingham,Violence And Sexual Offences,12,9265205,12,17.5,2.92,0.0013
Metropolitan,2026,1,Brent,Bicycle Theft,26,9265205,23,26.09,2.81,0.0028
Metropolitan,2026,1,Brent,Burglary,154,9265205,97,30.38,2.95,0.0166
Metropolitan,2026,1,Brent,Criminal Damage And Arson,164,9265205,93,24.18,2.53,0.0177
Metropolitan,2026,1,Brent,Drugs,164,9265205,88,22.07,2.29,0.0177
Metropolitan,2026,1,Brent,Other Crime,31,9265205,29,25.65,2.74,0.0033
Metropolitan,2026,1,Brent,Other Theft,232,9265205,116,24.3,2.5,0.025
Metropolitan,2026,1,Brent,Possession Of Weapons,27,9265205,24,23.09,2.37,0.0029
Metropolitan,2026,1,Brent,Public Order,144,9265205,78,22.5,2.35,0.0155
Metropolitan,2026,1,Brent,Robbery,102,9265205,64,23.64,2.45,0.011
Metropolitan,2026,1,Brent,Shoplifting,203,9265205,47,29.78,2.97,0.0219
Metropolitan,2026,1,Brent,Theft From The Person,153,9265205,73,26.77,2.78,0.0165
Metropolitan,2026,1,Brent,Vehicle Crime,224,9265205,112,27.86,2.85,0.0242
Metropolitan,2026,1,Brent,Violence And Sexual Offences,780,9265205,166,25.57,2.66,0.0842
Metropolitan,2026,1,Brighton and Hove,Violence And Sexual Offences,3,9265205,3,28.83,5.0,0.0003
Metropolitan,2026,1,Bromley,Bicycle Theft,4,9265205,4,49.82,5.0,0.0004
Metropolitan,2026,1,Bromley,Burglary,112,9265205,78,62.03,6.27,0.0121
Metropolitan,2026,1,Bromley,Criminal Damage And Arson,158,9265205,88,58.7,5.84,0.0171
Metropolitan,2026,1,Bromley,Drugs,102,9265205,57,48.72,5.03,0.011
Metropolitan,2026,1,Bromley,Other Crime,29,9265205,24,57.52,5.86,0.0031
Metropolitan,2026,1,Bromley,Other Theft,133,9265205,91,58.82,5.71,0.0144
Metropolitan,2026,1,Bromley,Possession Of Weapons,12,9265205,12,64.97,6.5,0.0013
Metropolitan,2026,1,Bromley,Public Order,106,9265205,64,54.86,5.38,0.0114
Metropolitan,2026,1,Bromley,Robbery,46,9265205,29,47.75,4.93,0.005
Metropolitan,2026,1,Bromley,Shoplifting,132,9265205,37,59.47,5.86,0.0142
Metropolitan,2026,1,Bromley,Theft From The Person,51,9265205,31,56.25,5.69,0.0055
Metropolitan,2026,1,Bromley,Vehicle Crime,269,9265205,142,65.69,6.47,0.029
Metropolitan,2026,1,Bromley,Violence And Sexual Offences,566,9265205,161,56.28,5.67,0.0611
Metropolitan,2026,1,Camden,Bicycle Theft,76,9265205,44,36.45,4.72,0.0082
Metropolitan,2026,1,Camden,Burglary,170,9265205,84,41.7,4.84,0.0183
Metropolitan,2026,1,Camden,Criminal Damage And Arson,127,9265205,72,41.12,4.93,0.0137
Metropolitan,2026,1,Camden,Drugs,123,9265205,59,31.83,4.23,0.0133
Metropolitan,2026,1,Camden,Other Crime,29,9265205,23,35.14,4.28,0.0031
Metropolitan,2026,1,Camden,Other Theft,445,9265205,94,37.6,5.0,0.048
Metropolitan,2026,1,Camden,Possession Of Weapons,22,9265205,20,34.89,4.14,0.0024
Metropolitan,2026,1,Camden,Public Order,176,9265205,71,35.9,4.46,0.019
Metropolitan,2026,1,Camden,Robbery,91,9265205,45,37.62,5.02,0.0098
Metropolitan,2026,1,Camden,Shoplifting,287,9265205,47,40.4,5.14,0.031
Metropolitan,2026,1,Camden,Theft From The Person,439,9265205,63,34.67,5.0,0.0474
Metropolitan,2026,1,Camden,Vehicle Crime,156,9265205,84,42.73,4.81,0.0168
Metropolitan,2026,1,Camden,Violence And Sexual Offences,596,9265205,118,35.86,4.32,0.0643
Metropolitan,2026,1,Chichester,Violence And Sexual Offences,2,9265205,2,67.58,7.5,0.0002
Metropolitan,2026,1,City of London,Bicycle Theft,1,9265205,1,43.86,5.0,0.0001
Metropolitan,2026,1,City of London,Burglary,6,9265205,3,70.46,9.17,0.0006
Metropolitan,2026,1,City of London,Criminal Damage And Arson,2,9265205,1,75.03,10.0,0.0002
Metropolitan,2026,1,City of London,Drugs,9,9265205,3,76.41,8.89,0.001
Metropolitan,2026,1,City of London,Other Crime,1,9265205,1,43.86,5.0,0.0001
Metropolitan,2026,1,City of London,Other Theft,67,9265205,6,74.64,9.67,0.0072
Metropolitan,2026,1,City of London,Public Order,8,9265205,4,72.04,8.88,0.0009
Metropolitan,2026,1,City of London,Robbery,12,9265205,5,77.56,9.42,0.0013
Metropolitan,2026,1,City of London,Shoplifting,28,9265205,3,67.14,8.57,0.003
Metropolitan,2026,1,City of London,Theft From The Person,32,9265205,3,74.47,9.84,0.0035
Metropolitan,2026,1,City of London,Vehicle Crime,10,9265205,4,66.58,8.5,0.0011
Metropolitan,2026,1,City of London,Violence And Sexual Offences,16,9265205,4,70.86,9.06,0.0017
Metropolitan,2026,1,Coventry,Drugs,1,9265205,1,16.05,2.0,0.0001
Metropolitan,2026,1,Coventry,Other Theft,3,9265205,3,40.54,4.67,0.0003
Metropolitan,2026,1,Coventry,Theft From The Person,1,9265205,1,24.23,6.0,0.0001
Metropolitan,2026,1,Coventry,Vehicle Crime,1,9265205,1,41.03,4.0,0.0001
Metropolitan,2026,1,Crawley,Other Crime,1,9265205,1,27.94,3.0,0.0001
Metropolitan,2026,1,Crawley,Other Theft,6,9265205,2,26.21,3.83,0.0006
Metropolitan,2026,1,Crawley,Theft From The Person,1,9265205,1,26.01,4.0,0.0001
Metropolitan,2026,1,Crawley,Violence And Sexual Offences,3,9265205,2,32.28,3.33,0.0003
Metropolitan,2026,1,Croydon,Bicycle Theft,11,9265205,10,26.88,2.73,0.0012
Metropolitan,2026,1,Croydon,Burglary,133,9265205,92,38.17,3.77,0.0144
Metropolitan,2026,1,Croydon,Criminal Damage And Arson,208,9265205,115,33.33,3.39,0.0224
Metropolitan,2026,1,Croydon,Drugs,185,9265205,84,29.82,3.03,0.02
Metropolitan,2026,1,Croydon,Other Crime,34,9265205,33,34.55,3.53,0.0037
Metropolitan,2026,1,Croydon,Other Theft,212,9265205,113,32.96,3.37,0.0229
Metropolitan,2026,1,Croydon,Possession Of Weapons,22,9265205,20,27.97,2.82,0.0024
Metropolitan,2026,1,Croydon,Public Order,182,9265205,100,31.48,3.09,0.0196
Metropolitan,2026,1,Croydon,Robbery,93,9265205,49,32.73,3.25,0.01
Metropolitan,2026,1,Croydon,Shoplifting,270,9265205,39,25.65,2.68,0.0291
Metropolitan,2026,1,Croydon,Theft From The Person,69,9265205,46,22.17,2.42,0.0074
Metropolitan,2026,1,Croydon,Vehicle Crime,311,9265205,159,41.16,4.04,0.0336
Metropolitan,2026,1,Croydon,Violence And Sexual Offences,1077,9265205,208,34.53,3.43,0.1162
Metropolitan,2026,1,Ealing,Bicycle Theft,18,9265205,17,30.28,2.94,0.0019
Metropolitan,2026,1,Ealing,Burglary,190,9265205,98,32.55,3.11,0.0205
Metropolitan,2026,1,Ealing,Criminal Damage And Arson,165,9265205,87,29.0,2.92,0.0178
Metropolitan,2026,1,Ealing,Drugs,139,9265205,81,25.91,2.5,0.015
Metropolitan,2026,1,Ealing,Other Crime,25,9265205,24,29.68,2.96,0.0027
Metropolitan,2026,1,Ealing,Other Theft,211,9265205,109,31.04,3.18,0.0228
Metropolitan,2026,1,Ealing,Possession Of Weapons,15,9265205,12,28.72,3.07,0.0016
Metropolitan,2026,1,Ealing,Public Order,141,9265205,76,27.69,2.79,0.0152
Metropolitan,2026,1,Ealing,Robbery,65,9265205,38,26.97,2.86,0.007
Metropolitan,2026,1,Ealing,Shoplifting,195,9265205,34,26.32,2.77,0.021
Metropolitan,2026,1,Ealing,Theft From The Person,108,9265205,62,23.27,2.55,0.0117
Metropolitan,2026,1,Ealing,Vehicle Crime,319,9265205,143,33.75,3.38,0.0344
Metropolitan,2026,1,Ealing,Violence And Sexual Offences,817,9265205,180,27.02,2.74,0.0882
Metropolitan,2026,1,Enfield,Bicycle Theft,10,9265205,9,34.98,3.1,0.0011
Metropolitan,2026,1,Enfield,Burglary,206,9265205,125,34.82,3.23,0.0222
Metropolitan,2026,1,Enfield,Criminal Damage And Arson,146,9265205,77,22.85,2.15,0.0158
Metropolitan,2026,1,Enfield,Drugs,169,9265205,80,21.67,2.11,0.0182
Metropolitan,2026,1,Enfield,Other Crime,56,9265205,42,32.29,2.86,0.006
Metropolitan,2026,1,Enfield,Other Theft,212,9265205,112,25.79,2.42,0.0229
Metropolitan,2026,1,Enfield,Possession Of Weapons,19,9265205,17,35.17,3.32,0.0021
Metropolitan,2026,1,Enfield,Public Order,90,9265205,59,28.69,2.79,0.0097
Metropolitan,2026,1,Enfield,Robbery,62,9265205,44,22.27,2.19,0.0067
Metropolitan,2026,1,Enfield,Shoplifting,201,9265205,31,21.42,2.05,0.0217
Metropolitan,2026,1,Enfield,Theft From The Person,93,9265205,53,23.54,2.3,0.01
Metropolitan,2026,1,Enfield,Vehicle Crime,284,9265205,134,29.8,2.75,0.0307
Metropolitan,2026,1,Enfield,Violence And Sexual Offences,819,9265205,162,23.78,2.24,0.0884
Metropolitan,2026,1,Greenwich,Bicycle Theft,21,9265205,18,48.16,5.52,0.0023
Metropolitan,2026,1,Greenwich,Burglary,110,9265205,75,37.26,3.94,0.0119
Metropolitan,2026,1,Greenwich,Criminal Damage And Arson,156,9265205,93,37.17,3.83,0.0168
Metropolitan,2026,1,Greenwich,Drugs,122,9265205,62,33.14,3.57,0.0132
Metropolitan,2026,1,Greenwich,Other Crime,30,9265205,25,35.97,3.9,0.0032
Metropolitan,2026,1,Greenwich,Other Theft,164,9265205,75,38.3,3.99,0.0177
Metropolitan,2026,1,Greenwich,Possession Of Weapons,12,9265205,10,33.94,3.92,0.0013
Metropolitan,2026,1,Greenwich,Public Order,164,9265205,87,36.69,3.79,0.0177
Metropolitan,2026,1,Greenwich,Robbery,59,9265205,38,36.15,4.0,0.0064
Metropolitan,2026,1,Greenwich,Shoplifting,198,9265205,40,42.93,4.73,0.0214
Metropolitan,2026,1,Greenwich,Theft From The Person,68,9265205,41,40.0,4.41,0.0073
Metropolitan,2026,1,Greenwich,Vehicle Crime,256,9265205,112,34.99,3.7,0.0276
Metropolitan,2026,1,Greenwich,Violence And Sexual Offences,810,9265205,150,35.5,3.73,0.0874
Metropolitan,2026,1,Hackney,Bicycle Theft,69,9265205,36,31.86,3.78,0.0074
Metropolitan,2026,1,Hackney,Burglary,180,9265205,79,30.27,3.53,0.0194
Metropolitan,2026,1,Hackney,Criminal Damage And Arson,128,9265205,83,25.74,2.9,0.0138
Metropolitan,2026,1,Hackney,Drugs,182,9265205,78,27.91,3.31,0.0196
Metropolitan,2026,1,Hackney,Other Crime,15,9265205,15,31.63,3.6,0.0016
Metropolitan,2026,1,Hackney,Other Theft,254,9265205,98,31.38,3.71,0.0274
Metropolitan,2026,1,Hackney,Possession Of Weapons,12,9265205,12,30.46,3.67,0.0013
Metropolitan,2026,1,Hackney,Public Order,139,9265205,73,27.35,3.27,0.015
Metropolitan,2026,1,Hackney,Robbery,133,9265205,70,26.37,2.95,0.0144
Metropolitan,2026,1,Hackney,Shoplifting,166,9265205,32,27.95,3.45,0.0179
Metropolitan,2026,1,Hackney,Theft From The Person,323,9265205,97,31.45,3.76,0.0349
Metropolitan,2026,1,Hackney,Vehicle Crime,149,9265205,82,25.8,2.81,0.0161
Metropolitan,2026,1,Hackney,Violence And Sexual Offences,694,9265205,140,26.33,3.0,0.0749
Metropolitan,2026,1,Hammersmith and Fulham,Bicycle Theft,29,9265205,26,44.87,4.86,0.0031
Metropolitan,2026,1,Hammersmith and Fulham,Burglary,105,9265205,60,43.18,5.0,0.0113
Metropolitan,2026,1,Hammersmith and Fulham,Criminal Damage And Arson,83,9265205,50,41.75,4.83,0.009
Metropolitan,2026,1,Hammersmith and Fulham,Drugs,86,9265205,43,40.44,4.56,0.0093
Metropolitan,2026,1,Hammersmith and Fulham,Other Crime,13,9265205,12,37.6,4.31,0.0014
Metropolitan,2026,1,Hammersmith and Fulham,Other Theft,196,9265205,84,42.43,4.83,0.0212
Metropolitan,2026,1,Hammersmith and Fulham,Possession Of Weapons,11,9265205,10,41.16,4.73,0.0012
Metropolitan,2026,1,Hammersmith and Fulham,Public Order,120,9265205,58,39.74,4.67,0.013
Metropolitan,2026,1,Hammersmith and Fulham,Robbery,52,9265205,27,41.05,4.69,0.0056
Metropolitan,2026,1,Hammersmith and Fulham,Shoplifting,195,9265205,28,36.66,4.37,0.021
Metropolitan,2026,1,Hammersmith and Fulham,Theft From The Person,71,9265205,35,37.73,4.37,0.0077
Metropolitan,2026,1,Hammersmith and Fulham,Vehicle Crime,92,9265205,55,47.73,5.35,0.0099
Metropolitan,2026,1,Hammersmith and Fulham,Violence And Sexual Offences,532,9265205,102,39.45,4.43,0.0574
Metropolitan,2026,1,Haringey,Bicycle Theft,19,9265205,18,25.45,2.89,0.0021
Metropolitan,2026,1,Haringey,Burglary,114,9265205,69,39.18,4.43,0.0123
Metropolitan,2026,1,Haringey,Criminal Damage And Arson,111,9265205,68,27.41,3.02,0.012
Metropolitan,2026,1,Haringey,Drugs,125,9265205,70,20.27,2.34,0.0135
Metropolitan,2026,1,Haringey,Other Crime,29,9265205,23,28.7,3.24,0.0031
Metropolitan,2026,1,Haringey,Other Theft,201,9265205,86,25.84,2.96,0.0217
Metropolitan,2026,1,Haringey,Possession Of Weapons,23,9265205,20,21.41,2.52,0.0025
Metropolitan,2026,1,Haringey,Public Order,95,9265205,58,21.77,2.58,0.0103
Metropolitan,2026,1,Haringey,Robbery,85,9265205,49,28.19,3.24,0.0092
Metropolitan,2026,1,Haringey,Shoplifting,167,9265205,26,31.77,3.62,0.018
Metropolitan,2026,1,Haringey,Theft From The Person,108,9265205,51,17.43,2.13,0.0117
Metropolitan,2026,1,Haringey,Vehicle Crime,219,9265205,103,32.48,3.61,0.0236
Metropolitan,2026,1,Haringey,Violence And Sexual Offences,670,9265205,135,23.7,2.71,0.0723
Metropolitan,2026,1,Harrow,Bicycle Theft,5,9265205,5,52.41,4.2,0.0005
Metropolitan,2026,1,Harrow,Burglary,153,9265205,77,52.53,4.41,0.0165
Metropolitan,2026,1,Harrow,Criminal Damage And Arson,74,9265205,53,45.34,3.76,0.008
Metropolitan,2026,1,Harrow,Drugs,88,9265205,46,42.91,3.69,0.0095
Metropolitan,2026,1,Harrow,Other Crime,22,9265205,18,39.31,3.68,0.0024
Metropolitan,2026,1,Harrow,Other Theft,92,9265205,52,42.18,3.65,0.0099
Metropolitan,2026,1,Harrow,Possession Of Weapons,12,9265205,12,39.99,3.42,0.0013
Metropolitan,2026,1,Harrow,Public Order,82,9265205,48,45.74,3.83,0.0089
Metropolitan,2026,1,Harrow,Robbery,30,9265205,22,38.72,3.57,0.0032
Metropolitan,2026,1,Harrow,Shoplifting,103,9265205,28,39.37,3.68,0.0111
Metropolitan,2026,1,Harrow,Theft From The Person,67,9265205,29,44.09,4.21,0.0072
Metropolitan,2026,1,Harrow,Vehicle Crime,161,9265205,95,51.51,4.32,0.0174
Metropolitan,2026,1,Harrow,Violence And Sexual Offences,438,9265205,119,44.7,3.77,0.0473
Metropolitan,2026,1,Hastings,Violence And Sexual Offences,1,9265205,1,18.87,3.0,0.0001
Metropolitan,2026,1,Havering,Bicycle Theft,7,9265205,4,30.95,3.29,0.0008
Metropolitan,2026,1,Havering,Burglary,51,9265205,39,50.33,5.0,0.0055
Metropolitan,2026,1,Havering,Criminal Damage And Arson,116,9265205,64,44.74,4.3,0.0125
Metropolitan,2026,1,Havering,Drugs,102,9265205,55,38.53,3.81,0.011
Metropolitan,2026,1,Havering,Other Crime,28,9265205,23,42.74,4.21,0.003
Metropolitan,2026,1,Havering,Other Theft,117,9265205,69,45.28,4.54,0.0126
Metropolitan,2026,1,Havering,Possession Of Weapons,18,9265205,17,45.6,4.5,0.0019
Metropolitan,2026,1,Havering,Public Order,100,9265205,47,43.49,4.34,0.0108
Metropolitan,2026,1,Havering,Robbery,41,9265205,24,46.59,4.83,0.0044
Metropolitan,2026,1,Havering,Shoplifting,131,9265205,30,44.94,4.64,0.0141
Metropolitan,2026,1,Havering,Theft From The Person,35,9265205,25,39.17,4.03,0.0038
Metropolitan,2026,1,Havering,Vehicle Crime,219,9265205,97,50.42,4.99,0.0236
Metropolitan,2026,1,Havering,Violence And Sexual Offences,510,9265205,124,47.33,4.7,0.055
Metropolitan,2026,1,Hillingdon,Bicycle Theft,11,9265205,8,26.12,2.73,0.0012
Metropolitan,2026,1,Hillingdon,Burglary,188,9265205,95,41.65,4.04,0.0203
Metropolitan,2026,1,Hillingdon,Criminal Damage And Arson,154,9265205,78,35.21,3.56,0.0166
Metropolitan,2026,1,Hillingdon,Drugs,129,9265205,69,40.75,4.04,0.0139
Metropolitan,2026,1,Hillingdon,Other Crime,148,9265205,26,26.93,3.47,0.016
Metropolitan,2026,1,Hillingdon,Other Theft,255,9265205,81,32.2,3.59,0.0275
Metropolitan,2026,1,Hillingdon,Possession Of Weapons,21,9265205,18,38.52,3.81,0.0023
Metropolitan,2026,1,Hillingdon,Public Order,135,9265205,69,36.45,3.64,0.0146
Metropolitan,2026,1,Hillingdon,Robbery,47,9265205,36,32.83,3.21,0.0051
Metropolitan,2026,1,Hillingdon,Shoplifting,248,9265205,38,30.72,3.18,0.0268
Metropolitan,2026,1,Hillingdon,Theft From The Person,94,9265205,39,33.92,3.45,0.0101
Metropolitan,2026,1,Hillingdon,Vehicle Crime,315,9265205,127,40.86,4.12,0.034
Metropolitan,2026,1,Hillingdon,Violence And Sexual Offences,811,9265205,153,36.91,3.69,0.0875
Metropolitan,2026,1,Horsham,Other Theft,1,9265205,1,82.14,7.0,0.0001
Metropolitan,2026,1,Horsham,Theft From The Person,1,9265205,1,82.14,7.0,0.0001
Metropolitan,2026,1,Hounslow,Bicycle Theft,20,9265205,18,41.18,4.5,0.0022
Metropolitan,2026,1,Hounslow,Burglary,151,9265205,82,36.48,3.89,0.0163
Metropolitan,2026,1,Hounslow,Criminal Damage And Arson,168,9265205,85,32.15,3.47,0.0181
Metropolitan,2026,1,Hounslow,Drugs,108,9265205,62,31.54,3.27,0.0117
Metropolitan,2026,1,Hounslow,Other Crime,28,9265205,24,38.01,4.0,0.003
Metropolitan,2026,1,Hounslow,Other Theft,177,9265205,91,35.84,3.86,0.0191
Metropolitan,2026,1,Hounslow,Possession Of Weapons,17,9265205,14,29.5,3.24,0.0018
Metropolitan,2026,1,Hounslow,Public Order,140,9265205,61,30.41,3.24,0.0151
Metropolitan,2026,1,Hounslow,Robbery,50,9265205,39,30.56,3.22,0.0054
Metropolitan,2026,1,Hounslow,Shoplifting,205,9265205,41,33.06,3.54,0.0221
Metropolitan,2026,1,Hounslow,Theft From The Person,89,9265205,42,28.08,2.9,0.0096
Metropolitan,2026,1,Hounslow,Vehicle Crime,166,9265205,86,39.34,4.1,0.0179
Metropolitan,2026,1,Hounslow,Violence And Sexual Offences,794,9265205,143,31.89,3.37,0.0857
Metropolitan,2026,1,Islington,Bicycle Theft,63,9265205,42,42.18,4.56,0.0068
Metropolitan,2026,1,Islington,Burglary,122,9265205,67,32.58,3.51,0.0132
Metropolitan,2026,1,Islington,Criminal Damage And Arson,122,9265205,66,28.59,3.2,0.0132
Metropolitan,2026,1,Islington,Drugs,167,9265205,75,32.24,3.51,0.018
Metropolitan,2026,1,Islington,Other Crime,28,9265205,25,30.3,3.43,0.003
Metropolitan,2026,1,Islington,Other Theft,269,9265205,87,36.12,4.09,0.029
Metropolitan,2026,1,Islington,Possession Of Weapons,13,9265205,11,29.83,3.31,0.0014
Metropolitan,2026,1,Islington,Public Order,171,9265205,71,32.13,3.56,0.0185
Metropolitan,2026,1,Islington,Robbery,102,9265205,54,36.01,4.19,0.011
Metropolitan,2026,1,Islington,Shoplifting,261,9265205,37,40.3,4.32,0.0282
Metropolitan,2026,1,Islington,Theft From The Person,246,9265205,72,34.16,3.68,0.0266
Metropolitan,2026,1,Islington,Vehicle Crime,150,9265205,81,34.59,3.87,0.0162
Metropolitan,2026,1,Islington,Violence And Sexual Offences,657,9265205,120,31.29,3.56,0.0709
Metropolitan,2026,1,Kensington and Chelsea,Bicycle Theft,21,9265205,16,54.95,7.48,0.0023
Metropolitan,2026,1,Kensington and Chelsea,Burglary,116,9265205,60,49.71,6.53,0.0125
Metropolitan,2026,1,Kensington and Chelsea,Criminal Damage And Arson,70,9265205,51,50.52,6.56,0.0076
Metropolitan,2026,1,Kensington and Chelsea,Drugs,66,9265205,44,45.38,6.02,0.0071
Metropolitan,2026,1,Kensington and Chelsea,Other Crime,20,9265205,18,43.6,5.85,0.0022
Metropolitan,2026,1,Kensington and Chelsea,Other Theft,205,9265205,81,51.83,6.91,0.0221
Metropolitan,2026,1,Kensington and Chelsea,Possession Of Weapons,6,9265205,5,58.62,7.0,0.0006
Metropolitan,2026,1,Kensington and Chelsea,Public Order,75,9265205,40,47.81,5.81,0.0081
Metropolitan,2026,1,Kensington and Chelsea,Robbery,38,9265205,26,52.9,7.32,0.0041
Metropolitan,2026,1,Kensington and Chelsea,Shoplifting,242,9265205,35,43.77,5.76,0.0261
Metropolitan,2026,1,Kensington and Chelsea,Theft From The Person,141,9265205,51,56.73,7.56,0.0152
Metropolitan,2026,1,Kensington and Chelsea,Vehicle Crime,161,9265205,69,54.72,7.15,0.0174
Metropolitan,2026,1,Kensington and Chelsea,Violence And Sexual Offences,447,9265205,94,42.87,5.55,0.0482
Metropolitan,2026,1,Kingston upon Thames,Bicycle Theft,12,9265205,9,79.54,7.08,0.0013
Metropolitan,2026,1,Kingston upon Thames,Burglary,35,9265205,28,69.75,6.23,0.0038
Metropolitan,2026,1,Kingston upon Thames,Criminal Damage And Arson,54,9265205,32,67.12,6.09,0.0058
Metropolitan,2026,1,Kingston upon Thames,Drugs,75,9265205,30,60.99,5.56,0.0081
Metropolitan,2026,1,Kingston upon Thames,Other Crime,12,9265205,9,70.78,6.33,0.0013
Metropolitan,2026,1,Kingston upon Thames,Other Theft,68,9265205,39,65.52,6.01,0.0073
Metropolitan,2026,1,Kingston upon Thames,Possession Of Weapons,3,9265205,3,60.94,5.0,0.0003
Metropolitan,2026,1,Kingston upon Thames,Public Order,53,9265205,33,66.6,6.09,0.0057
Metropolitan,2026,1,Kingston upon Thames,Robbery,10,9265205,7,64.17,5.6,0.0011
Metropolitan,2026,1,Kingston upon Thames,Shoplifting,106,9265205,17,60.1,5.66,0.0114
Metropolitan,2026,1,Kingston upon Thames,Theft From The Person,43,9265205,11,63.63,6.09,0.0046
Metropolitan,2026,1,Kingston upon Thames,Vehicle Crime,91,9265205,47,66.88,6.01,0.0098
Metropolitan,2026,1,Kingston upon Thames,Violence And Sexual Offences,320,9265205,78,63.59,5.74,0.0345
Metropolitan,2026,1,Lambeth,Bicycle Theft,54,9265205,33,38.44,4.63,0.0058
Metropolitan,2026,1,Lambeth,Burglary,142,9265205,80,40.82,4.76,0.0153
Metropolitan,2026,1,Lambeth,Criminal Damage And Arson,168,9265205,96,39.25,4.4,0.0181
Metropolitan,2026,1,Lambeth,Drugs,154,9265205,84,36.35,4.19,0.0166
Metropolitan,2026,1,Lambeth,Other Crime,27,9265205,21,36.65,4.26,0.0029
Metropolitan,2026,1,Lambeth,Other Theft,371,9265205,127,42.61,5.15,0.04
Metropolitan,2026,1,Lambeth,Possession Of Weapons,22,9265205,19,35.63,4.36,0.0024
Metropolitan,2026,1,Lambeth,Public Order,128,9265205,71,36.35,4.33,0.0138
Metropolitan,2026,1,Lambeth,Robbery,153,9265205,71,40.48,4.87,0.0165
Metropolitan,2026,1,Lambeth,Shoplifting,225,9265205,54,41.08,5.03,0.0243
Metropolitan,2026,1,Lambeth,Theft From The Person,327,9265205,73,43.13,5.48,0.0353
Metropolitan,2026,1,Lambeth,Vehicle Crime,243,9265205,128,41.95,4.65,0.0262
Metropolitan,2026,1,Lambeth,Violence And Sexual Offences,950,9265205,163,38.14,4.48,0.1025
Metropolitan,2026,1,Lewisham,Bicycle Theft,23,9265205,18,37.7,3.96,0.0025
Metropolitan,2026,1,Lewisham,Burglary,141,9265205,82,34.77,3.79,0.0152
Metropolitan,2026,1,Lewisham,Criminal Damage And Arson,192,9265205,98,32.97,3.58,0.0207
Metropolitan,2026,1,Lewisham,Drugs,116,9265205,71,33.35,3.66,0.0125
Metropolitan,2026,1,Lewisham,Other Crime,26,9265205,25,27.68,2.96,0.0028
Metropolitan,2026,1,Lewisham,Other Theft,198,9265205,110,32.28,3.61,0.0214
Metropolitan,2026,1,Lewisham,Possession Of Weapons,24,9265205,21,27.83,3.08,0.0026
Metropolitan,2026,1,Lewisham,Public Order,155,9265205,81,32.81,3.61,0.0167
Metropolitan,2026,1,Lewisham,Robbery,79,9265205,46,30.83,3.52,0.0085
Metropolitan,2026,1,Lewisham,Shoplifting,249,9265205,43,34.63,3.86,0.0269
Metropolitan,2026,1,Lewisham,Theft From The Person,81,9265205,41,33.0,3.69,0.0087
Metropolitan,2026,1,Lewisham,Vehicle Crime,170,9265205,98,34.4,3.58,0.0183
Metropolitan,2026,1,Lewisham,Violence And Sexual Offences,862,9265205,165,32.58,3.54,0.093
Metropolitan,2026,1,Merton,Bicycle Theft,11,9265205,8,72.57,6.27,0.0012
Metropolitan,2026,1,Merton,Burglary,63,9265205,46,60.79,5.46,0.0068
Metropolitan,2026,1,Merton,Criminal Damage And Arson,61,9265205,45,54.83,4.84,0.0066
Metropolitan,2026,1,Merton,Drugs,59,9265205,41,53.68,4.69,0.0064
Metropolitan,2026,1,Merton,Other Crime,19,9265205,18,56.33,4.74,0.0021
Metropolitan,2026,1,Merton,Other Theft,104,9265205,64,56.85,5.17,0.0112
Metropolitan,2026,1,Merton,Possession Of Weapons,11,9265205,9,41.99,3.73,0.0012
Metropolitan,2026,1,Merton,Public Order,64,9265205,42,61.92,5.8,0.0069
Metropolitan,2026,1,Merton,Robbery,28,9265205,22,55.73,4.93,0.003
Metropolitan,2026,1,Merton,Shoplifting,87,9265205,31,61.92,5.7,0.0094
Metropolitan,2026,1,Merton,Theft From The Person,30,9265205,19,62.58,5.67,0.0032
Metropolitan,2026,1,Merton,Vehicle Crime,114,9265205,65,57.55,5.11,0.0123
Metropolitan,2026,1,Merton,Violence And Sexual Offences,388,9265205,102,54.67,4.79,0.0419
Metropolitan,2026,1,Mid Sussex,Vehicle Crime,1,9265205,1,74.2,8.0,0.0001
Metropolitan,2026,1,Mid Sussex,Violence And Sexual Offences,2,9265205,2,76.41,9.5,0.0002
Metropolitan,2026,1,Newham,Bicycle Theft,24,9265205,20,23.95,2.58,0.0026
Metropolitan,2026,1,Newham,Burglary,146,9265205,82,30.99,3.19,0.0158
Metropolitan,2026,1,Newham,Criminal Damage And Arson,147,9265205,88,25.59,2.6,0.0159
Metropolitan,2026,1,Newham,Drugs,298,9265205,114,25.17,2.64,0.0322
Metropolitan,2026,1,Newham,Other Crime,56,9265205,40,22.01,2.2,0.006
Metropolitan,2026,1,Newham,Other Theft,342,9265205,135,25.55,2.68,0.0369
Metropolitan,2026,1,Newham,Possession Of Weapons,32,9265205,26,24.62,2.31,0.0035
Metropolitan,2026,1,Newham,Public Order,156,9265205,83,23.97,2.72,0.0168
Metropolitan,2026,1,Newham,Robbery,161,9265205,81,24.07,2.49,0.0174
Metropolitan,2026,1,Newham,Shoplifting,260,9265205,47,29.34,4.15,0.0281
Metropolitan,2026,1,Newham,Theft From The Person,331,9265205,103,26.31,3.11,0.0357
Metropolitan,2026,1,Newham,Vehicle Crime,358,9265205,132,24.21,2.44,0.0386
Metropolitan,2026,1,Newham,Violence And Sexual Offences,1024,9265205,174,22.86,2.32,0.1105
Metropolitan,2026,1,Redbridge,Bicycle Theft,11,9265205,10,25.23,2.09,0.0012
Metropolitan,2026,1,Redbridge,Burglary,95,9265205,63,56.74,5.32,0.0103
Metropolitan,2026,1,Redbridge,Criminal Damage And Arson,132,9265205,71,40.57,3.7,0.0142
Metropolitan,2026,1,Redbridge,Drugs,142,9265205,72,38.63,3.51,0.0153
Metropolitan,2026,1,Redbridge,Other Crime,38,9265205,30,40.76,3.76,0.0041
Metropolitan,2026,1,Redbridge,Other Theft,203,9265205,86,39.19,3.61,0.0219
Metropolitan,2026,1,Redbridge,Possession Of Weapons,15,9265205,12,47.94,4.33,0.0016
Metropolitan,2026,1,Redbridge,Public Order,93,9265205,66,42.52,3.91,0.01
Metropolitan,2026,1,Redbridge,Robbery,56,9265205,31,38.67,3.73,0.006
Metropolitan,2026,1,Redbridge,Shoplifting,141,9265205,24,48.14,4.67,0.0152
Metropolitan,2026,1,Redbridge,Theft From The Person,89,9265205,41,26.79,2.47,0.0096
Metropolitan,2026,1,Redbridge,Vehicle Crime,242,9265205,114,44.91,3.9,0.0261
Metropolitan,2026,1,Redbridge,Violence And Sexual Offences,709,9265205,145,40.61,3.57,0.0765
Metropolitan,2026,1,Richmond upon Thames,Bicycle Theft,22,9265205,19,76.36,7.95,0.0024
Metropolitan,2026,1,Richmond upon Thames,Burglary,88,9265205,54,74.54,7.64,0.0095
Metropolitan,2026,1,Richmond upon Thames,Criminal Damage And Arson,99,9265205,50,76.13,7.49,0.0107
Metropolitan,2026,1,Richmond upon Thames,Drugs,49,9265205,30,73.35,7.49,0.0053
Metropolitan,2026,1,Richmond upon Thames,Other Crime,12,9265205,12,65.98,6.17,0.0013
Metropolitan,2026,1,Richmond upon Thames,Other Theft,76,9265205,50,69.86,6.97,0.0082
Metropolitan,2026,1,Richmond upon Thames,Possession Of Weapons,5,9265205,5,80.15,7.8,0.0005
Metropolitan,2026,1,Richmond upon Thames,Public Order,56,9265205,46,72.32,7.16,0.006
Metropolitan,2026,1,Richmond upon Thames,Robbery,26,9265205,18,78.74,8.38,0.0028
Metropolitan,2026,1,Richmond upon Thames,Shoplifting,66,9265205,17,70.53,7.61,0.0071
Metropolitan,2026,1,Richmond upon Thames,Theft From The Person,22,9265205,20,71.18,7.68,0.0024
Metropolitan,2026,1,Richmond upon Thames,Vehicle Crime,129,9265205,65,76.87,8.04,0.0139
Metropolitan,2026,1,Richmond upon Thames,Violence And Sexual Offences,271,9265205,91,71.22,7.23,0.0292
Metropolitan,2026,1,Rother,Violence And Sexual Offences,1,9265205,1,2.17,1.0,0.0001
Metropolitan,2026,1,Sandwell,Violence And Sexual Offences,1,9265205,1,2.77,1.0,0.0001
Metropolitan,2026,1,Southwark,Bicycle Theft,71,9265205,49,43.25,5.03,0.0077
Metropolitan,2026,1,Southwark,Burglary,178,9265205,99,36.33,3.88,0.0192
Metropolitan,2026,1,Southwark,Criminal Damage And Arson,164,9265205,92,35.5,3.89,0.0177
Metropolitan,2026,1,Southwark,Drugs,155,9265205,85,32.73,3.58,0.0167
Metropolitan,2026,1,Southwark,Other Crime,34,9265205,32,38.16,4.18,0.0037
Metropolitan,2026,1,Southwark,Other Theft,362,9265205,117,41.07,4.57,0.0391
Metropolitan,2026,1,Southwark,Possession Of Weapons,30,9265205,25,30.76,3.3,0.0032
Metropolitan,2026,1,Southwark,Public Order,124,9265205,73,36.42,4.02,0.0134
Metropolitan,2026,1,Southwark,Robbery,155,9265205,74,36.91,4.12,0.0167
Metropolitan,2026,1,Southwark,Shoplifting,243,9265205,50,38.51,4.24,0.0262
Metropolitan,2026,1,Southwark,Theft From The Person,521,9265205,115,42.8,4.86,0.0562
Metropolitan,2026,1,Southwark,Vehicle Crime,163,9265205,99,37.14,4.09,0.0176
Metropolitan,2026,1,Southwark,Violence And Sexual Offences,788,9265205,158,36.33,3.98,0.085
Metropolitan,2026,1,Sutton,Bicycle Theft,5,9265205,5,48.52,4.6,0.0005
Metropolitan,2026,1,Sutton,Burglary,57,9265205,42,59.12,5.58,0.0062
Metropolitan,2026,1,Sutton,Criminal Damage And Arson,76,9265205,53,57.43,5.34,0.0082
Metropolitan,2026,1,Sutton,Drugs,52,9265205,36,53.13,4.88,0.0056
Metropolitan,2026,1,Sutton,Other Crime,24,9265205,20,62.37,5.88,0.0026
Metropolitan,2026,1,Sutton,Other Theft,71,9265205,46,56.96,5.48,0.0077
Metropolitan,2026,1,Sutton,Possession Of Weapons,5,9265205,4,74.45,7.0,0.0005
Metropolitan,2026,1,Sutton,Public Order,75,9265205,44,56.51,5.2,0.0081
Metropolitan,2026,1,Sutton,Robbery,18,9265205,14,42.42,4.17,0.0019
Metropolitan,2026,1,Sutton,Shoplifting,84,9265205,17,50.85,4.99,0.0091
Metropolitan,2026,1,Sutton,Theft From The Person,15,9265205,12,52.07,5.0,0.0016
Metropolitan,2026,1,Sutton,Vehicle Crime,101,9265205,58,61.1,5.67,0.0109
Metropolitan,2026,1,Sutton,Violence And Sexual Offences,410,9265205,107,57.5,5.42,0.0443
Metropolitan,2026,1,Tower Hamlets,Bicycle Theft,64,9265205,41,28.4,2.75,0.0069
Metropolitan,2026,1,Tower Hamlets,Burglary,201,9265205,95,31.47,3.03,0.0217
Metropolitan,2026,1,Tower Hamlets,Criminal Damage And Arson,137,9265205,82,26.49,2.4,0.0148
Metropolitan,2026,1,Tower Hamlets,Drugs,178,9265205,89,29.9,2.78,0.0192
Metropolitan,2026,1,Tower Hamlets,Other Crime,30,9265205,27,22.12,2.33,0.0032
Metropolitan,2026,1,Tower Hamlets,Other Theft,277,9265205,118,34.66,3.29,0.0299
Metropolitan,2026,1,Tower Hamlets,Possession Of Weapons,18,9265205,18,22.87,2.11,0.0019
Metropolitan,2026,1,Tower Hamlets,Public Order,159,9265205,85,25.52,2.48,0.0172
Metropolitan,2026,1,Tower Hamlets,Robbery,92,9265205,62,27.62,2.61,0.0099
Metropolitan,2026,1,Tower Hamlets,Shoplifting,241,9265205,48,37.54,3.52,0.026
Metropolitan,2026,1,Tower Hamlets,Theft From The Person,181,9265205,77,31.69,3.08,0.0195
Metropolitan,2026,1,Tower Hamlets,Vehicle Crime,204,9265205,103,26.59,2.26,0.022
Metropolitan,2026,1,Tower Hamlets,Violence And Sexual Offences,869,9265205,153,26.51,2.5,0.0938
Metropolitan,2026,1,Walsall,Violence And Sexual Offences,1,9265205,1,58.27,5.0,0.0001
Metropolitan,2026,1,Waltham Forest,Bicycle Theft,26,9265205,21,39.39,3.88,0.0028
Metropolitan,2026,1,Waltham Forest,Burglary,124,9265205,65,35.21,3.39,0.0134
Metropolitan,2026,1,Waltham Forest,Criminal Damage And Arson,123,9265205,68,35.37,3.42,0.0133
Metropolitan,2026,1,Waltham Forest,Drugs,155,9265205,69,35.42,3.34,0.0167
Metropolitan,2026,1,Waltham Forest,Other Crime,28,9265205,26,38.8,3.68,0.003
Metropolitan,2026,1,Waltham Forest,Other Theft,173,9265205,87,33.08,3.17,0.0187
Metropolitan,2026,1,Waltham Forest,Possession Of Weapons,14,9265205,13,34.9,3.43,0.0015
Metropolitan,2026,1,Waltham Forest,Public Order,106,9265205,61,36.48,3.58,0.0114
Metropolitan,2026,1,Waltham Forest,Robbery,59,9265205,34,33.12,3.42,0.0064
Metropolitan,2026,1,Waltham Forest,Shoplifting,188,9265205,32,35.77,3.92,0.0203
Metropolitan,2026,1,Waltham Forest,Theft From The Person,132,9265205,59,32.51,3.27,0.0142
Metropolitan,2026,1,Waltham Forest,Vehicle Crime,177,9265205,88,36.3,3.42,0.0191
Metropolitan,2026,1,Waltham Forest,Violence And Sexual Offences,583,9265205,135,34.39,3.3,0.0629
Metropolitan,2026,1,Wandsworth,Bicycle Theft,45,9265205,32,59.38,5.91,0.0049
Metropolitan,2026,1,Wandsworth,Burglary,125,9265205,77,59.34,5.87,0.0135
Metropolitan,2026,1,Wandsworth,Criminal Damage And Arson,139,9265205,75,59.29,6.06,0.015
Metropolitan,2026,1,Wandsworth,Drugs,90,9265205,66,54.4,5.29,0.0097
Metropolitan,2026,1,Wandsworth,Other Crime,36,9265205,29,53.9,5.83,0.0039
Metropolitan,2026,1,Wandsworth,Other Theft,242,9265205,118,58.68,5.87,0.0261
Metropolitan,2026,1,Wandsworth,Possession Of Weapons,13,9265205,11,48.12,5.08,0.0014
Metropolitan,2026,1,Wandsworth,Public Order,124,9265205,69,59.97,5.99,0.0134
Metropolitan,2026,1,Wandsworth,Robbery,74,9265205,45,53.79,5.92,0.008
Metropolitan,2026,1,Wandsworth,Shoplifting,156,9265205,43,58.43,6.41,0.0168
Metropolitan,2026,1,Wandsworth,Theft From The Person,72,9265205,44,53.0,5.17,0.0078
Metropolitan,2026,1,Wandsworth,Vehicle Crime,246,9265205,123,62.73,6.31,0.0266
Metropolitan,2026,1,Wandsworth,Violence And Sexual Offences,678,9265205,163,52.15,5.09,0.0732
Metropolitan,2026,1,Westminster,Bicycle Theft,45,9265205,27,41.55,5.42,0.0049
Metropolitan,2026,1,Westminster,Burglary,229,9265205,81,45.78,5.74,0.0247
Metropolitan,2026,1,Westminster,Criminal Damage And Arson,178,9265205,78,43.54,5.45,0.0192
Metropolitan,2026,1,Westminster,Drugs,238,9265205,66,44.34,5.81,0.0257
Metropolitan,2026,1,Westminster,Other Crime,44,9265205,28,48.38,6.14,0.0047
Metropolitan,2026,1,Westminster,Other Theft,1101,9265205,100,46.13,6.1,0.1188
Metropolitan,2026,1,Westminster,Possession Of Weapons,30,9265205,22,43.88,5.47,0.0032
Metropolitan,2026,1,Westminster,Public Order,286,9265205,74,46.97,5.93,0.0309
Metropolitan,2026,1,Westminster,Robbery,236,9265205,54,46.23,6.02,0.0255
Metropolitan,2026,1,Westminster,Shoplifting,652,9265205,49,48.36,6.18,0.0704
Metropolitan,2026,1,Westminster,Theft From The Person,1625,9265205,80,44.99,6.09,0.1754
Metropolitan,2026,1,Westminster,Vehicle Crime,225,9265205,81,48.52,6.13,0.0243
Metropolitan,2026,1,Westminster,Violence And Sexual Offences,997,9265205,112,42.85,5.54,0.1076
Metropolitan,2026,1,Wolverhampton,Public Order,1,9265205,1,90.47,8.0,0.0001
Metropolitan,2026,1,Worthing,Violence And Sexual Offences,2,9265205,1,41.24,4.0,0.0002
South Wales,2024,1,Blaenau Gwent,Other Theft,1,1363561,1,57.15,7.0,0.0007
South Wales,2024,1,Blaenau Gwent,Violence And Sexual Offences,4,1363561,4,32.88,3.25,0.0029
South Wales,2024,1,Bridgend,Bicycle Theft,9,1363561,7,35.53,4.0,0.0066
South Wales,2024,1,Bridgend,Burglary,106,1363561,47,38.0,4.25,0.0777
South Wales,2024,1,Bridgend,Criminal Damage And Arson,229,1363561,73,37.85,4.24,0.1679
South Wales,2024,1,Bridgend,Drugs,68,1363561,32,43.47,4.96,0.0499
South Wales,2024,1,Bridgend,Other Crime,94,1363561,41,45.35,5.11,0.0689
South Wales,2024,1,Bridgend,Other Theft,154,1363561,61,44.15,4.9,0.1129
South Wales,2024,1,Bridgend,Possession Of Weapons,15,1363561,11,35.53,4.4,0.011
South Wales,2024,1,Bridgend,Public Order,324,1363561,80,39.78,4.37,0.2376
South Wales,2024,1,Bridgend,Robbery,11,1363561,10,33.12,3.73,0.0081
South Wales,2024,1,Bridgend,Shoplifting,318,1363561,27,45.66,4.96,0.2332
South Wales,2024,1,Bridgend,Theft From The Person,8,1363561,7,41.93,4.88,0.0059
South Wales,2024,1,Bridgend,Vehicle Crime,130,1363561,50,52.26,5.57,0.0953
South Wales,2024,1,Bridgend,Violence And Sexual Offences,1195,1363561,91,41.93,4.53,0.8764
South Wales,2024,1,Caerphilly,Burglary,1,1363561,1,89.67,10.0,0.0007
South Wales,2024,1,Caerphilly,Other Theft,2,1363561,2,45.3,5.0,0.0015
South Wales,2024,1,Caerphilly,Public Order,1,1363561,1,41.75,5.0,0.0007
South Wales,2024,1,Caerphilly,Violence And Sexual Offences,17,1363561,14,33.77,3.71,0.0125
South Wales,2024,1,Cardiff,Bicycle Theft,249,1363561,85,46.3,6.53,0.1826
South Wales,2024,1,Cardiff,Burglary,324,1363561,133,46.1,5.62,0.2376
South Wales,2024,1,Cardiff,Criminal Damage And Arson,816,1363561,186,38.42,4.75,0.5984
South Wales,2024,1,Cardiff,Drugs,240,1363561,91,31.22,4.24,0.176
South Wales,2024,1,Cardiff,Other Crime,150,1363561,87,37.67,4.8,0.11
South Wales,2024,1,Cardiff,Other Theft,686,1363561,173,44.88,5.6,0.5031
South Wales,2024,1,Cardiff,Possession Of Weapons,69,1363561,48,41.4,4.99,0.0506
South Wales,2024,1,Cardiff,Public Order,1088,1363561,189,38.28,4.75,0.7979
South Wales,2024,1,Cardiff,Robbery,56,1363561,30,39.18,5.55,0.0411
South Wales,2024,1,Cardiff,Shoplifting,1439,1363561,103,50.62,6.45,1.0553
South Wales,2024,1,Cardiff,Theft From The Person,104,1363561,44,43.76,6.34,0.0763
South Wales,2024,1,Cardiff,Vehicle Crime,853,1363561,181,48.38,5.83,0.6256
South Wales,2024,1,Cardiff,Violence And Sexual Offences,3407,1363561,213,37.38,4.74,2.4986
South Wales,2024,1,Carmarthenshire,Violence And Sexual Offences,9,1363561,8,27.01,3.0,0.0066
South Wales,2024,1,Herefordshire,Violence And Sexual Offences,1,1363561,1,37.81,7.0,0.0007
South Wales,2024,1,Kensington and Chelsea,Possession Of Weapons,1,1363561,1,22.51,3.0,0.0007
South Wales,2024,1,Merthyr Tydfil,Bicycle Theft,5,1363561,5,24.62,3.4,0.0037
South Wales,2024,1,Merthyr Tydfil,Burglary,46,1363561,19,25.82,3.33,0.0337
South Wales,2024,1,Merthyr Tydfil,Criminal Damage And Arson,125,1363561,33,29.41,3.7,0.0917
South Wales,2024,1,Merthyr Tydfil,Drugs,25,1363561,12,28.1,3.32,0.0183
South Wales,2024,1,Merthyr Tydfil,Other Crime,24,1363561,19,35.2,4.21,0.0176
South Wales,2024,1,Merthyr Tydfil,Other Theft,74,1363561,28,29.1,3.62,0.0543
South Wales,2024,1,Merthyr Tydfil,Possession Of Weapons,16,1363561,9,20.52,2.69,0.0117
South Wales,2024,1,Merthyr Tydfil,Public Order,179,1363561,34,29.38,3.66,0.1313
South Wales,2024,1,Merthyr Tydfil,Robbery,9,1363561,7,20.8,3.0,0.0066
South Wales,2024,1,Merthyr Tydfil,Shoplifting,199,1363561,15,23.81,3.31,0.1459
South Wales,2024,1,Merthyr Tydfil,Theft From The Person,10,1363561,5,40.95,5.0,0.0073
South Wales,2024,1,Merthyr Tydfil,Vehicle Crime,58,1363561,29,31.35,3.91,0.0425
South Wales,2024,1,Merthyr Tydfil,Violence And Sexual Offences,555,1363561,36,26.44,3.43,0.407
South Wales,2024,1,Monmouthshire,Violence And Sexual Offences,2,1363561,2,63.07,8.5,0.0015
South Wales,2024,1,Neath Port Talbot,Bicycle Theft,14,1363561,10,34.0,4.5,0.0103
South Wales,2024,1,Neath Port Talbot,Burglary,61,1363561,38,32.09,4.11,0.0447
South Wales,2024,1,Neath Port Talbot,Criminal Damage And Arson,223,1363561,70,25.9,3.48,0.1635
South Wales,2024,1,Neath Port Talbot,Drugs,41,1363561,23,25.16,3.29,0.0301
South Wales,2024,1,Neath Port Talbot,Other Crime,50,1363561,37,31.44,4.1,0.0367
South Wales,2024,1,Neath Port Talbot,Other Theft,145,1363561,64,33.16,4.23,0.1063
South Wales,2024,1,Neath Port Talbot,Possession Of Weapons,18,1363561,16,41.12,5.0,0.0132
South Wales,2024,1,Neath Port Talbot,Public Order,299,1363561,78,29.32,3.8,0.2193
South Wales,2024,1,Neath Port Talbot,Robbery,6,1363561,5,31.76,3.67,0.0044
South Wales,2024,1,Neath Port Talbot,Shoplifting,171,1363561,35,26.24,3.58,0.1254
South Wales,2024,1,Neath Port Talbot,Theft From The Person,8,1363561,7,27.23,3.25,0.0059
South Wales,2024,1,Neath Port Talbot,Vehicle Crime,70,1363561,41,31.95,4.0,0.0513
South Wales,2024,1,Neath Port Talbot,Violence And Sexual Offences,1300,1363561,90,27.19,3.54,0.9534
South Wales,2024,1,Newport,Criminal Damage And Arson,1,1363561,1,78.08,8.0,0.0007
South Wales,2024,1,Newport,Other Crime,1,1363561,1,80.43,7.0,0.0007
South Wales,2024,1,Newport,Other Theft,2,1363561,2,84.21,8.0,0.0015
South Wales,2024,1,Newport,Violence And Sexual Offences,4,1363561,4,43.42,5.0,0.0029
South Wales,2024,1,Powys,Other Crime,2,1363561,2,49.61,6.0,0.0015
South Wales,2024,1,Powys,Public Order,1,1363561,1,44.05,7.0,0.0007
South Wales,2024,1,Powys,Violence And Sexual Offences,5,1363561,3,38.22,5.4,0.0037
South Wales,2024,1,Rhondda Cynon Taf,Bicycle Theft,10,1363561,9,33.07,3.9,0.0073
South Wales,2024,1,Rhondda Cynon Taf,Burglary,124,1363561,77,37.7,4.58,0.0909
South Wales,2024,1,Rhondda Cynon Taf,Criminal Damage And Arson,436,1363561,129,34.4,4.12,0.3198
South Wales,2024,1,Rhondda Cynon Taf,Drugs,139,1363561,66,35.1,4.43,0.1019
South Wales,2024,1,Rhondda Cynon Taf,Other Crime,105,1363561,69,34.14,4.19,0.077
South Wales,2024,1,Rhondda Cynon Taf,Other Theft,256,1363561,108,40.73,4.86,0.1877
South Wales,2024,1,Rhondda Cynon Taf,Possession Of Weapons,38,1363561,27,35.11,4.42,0.0279
South Wales,2024,1,Rhondda Cynon Taf,Public Order,647,1363561,144,38.38,4.55,0.4745
South Wales,2024,1,Rhondda Cynon Taf,Robbery,17,1363561,16,43.22,5.41,0.0125
South Wales,2024,1,Rhondda Cynon Taf,Shoplifting,307,1363561,50,48.35,5.36,0.2251
South Wales,2024,1,Rhondda Cynon Taf,Theft From The Person,30,1363561,24,38.95,4.77,0.022
South Wales,2024,1,Rhondda Cynon Taf,Vehicle Crime,159,1363561,86,41.94,4.93,0.1166
South Wales,2024,1,Rhondda Cynon Taf,Violence And Sexual Offences,2461,1363561,152,32.81,4.02,1.8048
South Wales,2024,1,South Gloucestershire,Other Crime,1,1363561,1,94.44,9.0,0.0007
South Wales,2024,1,South Somerset,Violence And Sexual Offences,1,1363561,1,51.58,6.0,0.0007
South Wales,2024,1,Stratford-on-Avon,Violence And Sexual Offences,1,1363561,1,54.96,8.0,0.0007
South Wales,2024,1,Swansea,Bicycle Theft,53,1363561,24,45.49,5.09,0.0389
South Wales,2024,1,Swansea,Burglary,151,1363561,68,34.28,3.86,0.1107
South Wales,2024,1,Swansea,Criminal Damage And Arson,519,1363561,123,37.08,4.12,0.3806
South Wales,2024,1,Swansea,Drugs,153,1363561,55,25.97,3.2,0.1122
South Wales,2024,1,Swansea,Other Crime,100,1363561,60,35.21,3.86,0.0733
South Wales,2024,1,Swansea,Other Theft,348,1363561,101,37.12,4.11,0.2552
South Wales,2024,1,Swansea,Possession Of Weapons,44,1363561,26,26.28,3.09,0.0323
South Wales,2024,1,Swansea,Public Order,618,1363561,124,32.6,3.66,0.4532
South Wales,2024,1,Swansea,Robbery,21,1363561,16,20.33,2.57,0.0154
South Wales,2024,1,Swansea,Shoplifting,703,1363561,48,33.14,3.8,0.5156
South Wales,2024,1,Swansea,Theft From The Person,48,1363561,26,29.52,3.38,0.0352
South Wales,2024,1,Swansea,Vehicle Crime,259,1363561,90,42.28,4.65,0.1899
South Wales,2024,1,Swansea,Violence And Sexual Offences,2155,1363561,149,36.32,4.01,1.5804
South Wales,2024,1,Torfaen,Vehicle Crime,1,1363561,1,59.13,6.0,0.0007
South Wales,2024,1,Torfaen,Violence And Sexual Offences,2,1363561,2,21.58,2.5,0.0015
South Wales,2024,1,Vale of Glamorgan,Bicycle Theft,9,1363561,8,60.87,6.22,0.0066
South Wales,2024,1,Vale of Glamorgan,Burglary,50,1363561,36,58.59,6.12,0.0367
South Wales,2024,1,Vale of Glamorgan,Criminal Damage And Arson,214,1363561,67,49.84,5.29,0.1569
South Wales,2024,1,Vale of Glamorgan,Drugs,34,1363561,22,46.52,4.94,0.0249
South Wales,2024,1,Vale of Glamorgan,Other Crime,37,1363561,30,57.05,5.97,0.0271
South Wales,2024,1,Vale of Glamorgan,Other Theft,166,1363561,63,55.07,5.73,0.1217
South Wales,2024,1,Vale of Glamorgan,Possession Of Weapons,19,1363561,16,41.75,4.63,0.0139
South Wales,2024,1,Vale of Glamorgan,Public Order,312,1363561,72,53.06,5.42,0.2288
South Wales,2024,1,Vale of Glamorgan,Robbery,9,1363561,9,29.35,3.56,0.0066
South Wales,2024,1,Vale of Glamorgan,Shoplifting,360,1363561,38,54.12,5.35,0.264
South Wales,2024,1,Vale of Glamorgan,Theft From The Person,13,1363561,13,55.67,5.69,0.0095
South Wales,2024,1,Vale of Glamorgan,Vehicle Crime,110,1363561,43,65.05,6.51,0.0807
South Wales,2024,1,Vale of Glamorgan,Violence And Sexual Offences,954,1363561,81,49.66,5.14,0.6996
South Wales,2024,1,Vale of White Horse,Possession Of Weapons,1,1363561,1,81.61,9.0,0.0007
South Wales,2024,1,Wandsworth,Violence And Sexual Offences,2,1363561,1,72.56,7.0,0.0015
South Wales,2024,1,West Northamptonshire,Violence And Sexual Offences,1,1363561,1,20.16,3.0,0.0007
South Wales,2024,1,Winchester,Violence And Sexual Offences,1,1363561,1,94.77,9.0,0.0007
South Wales,2024,2,Bridgend,Bicycle Theft,9,1363561,8,41.95,4.89,0.0066
South Wales,2024,2,Bridgend,Burglary,92,1363561,46,42.16,4.72,0.0675
South Wales,2024,2,Bridgend,Criminal Damage And Arson,272,1363561,78,41.14,4.54,0.1995
South Wales,2024,2,Bridgend,Drugs,77,1363561,35,48.18,5.44,0.0565
South Wales,2024,2,Bridgend,Other Crime,98,1363561,41,39.52,4.49,0.0719
South Wales,2024,2,Bridgend,Other Theft,165,1363561,67,45.76,4.96,0.121
South Wales,2024,2,Bridgend,Possession Of Weapons,18,1363561,14,37.8,4.22,0.0132
South Wales,2024,2,Bridgend,Public Order,435,1363561,84,41.77,4.55,0.319
South Wales,2024,2,Bridgend,Robbery,12,1363561,10,33.16,3.92,0.0088
South Wales,2024,2,Bridgend,Shoplifting,266,1363561,36,47.88,5.28,0.1951
South Wales,2024,2,Bridgend,Theft From The Person,18,1363561,14,46.64,5.11,0.0132
South Wales,2024,2,Bridgend,Vehicle Crime,99,1363561,54,47.0,4.98,0.0726
South Wales,2024,2,Bridgend,Violence And Sexual Offences,1283,1363561,90,43.65,4.72,0.9409
South Wales,2024,2,Caerphilly,Burglary,1,1363561,1,23.64,3.0,0.0007
South Wales,2024,2,Caerphilly,Criminal Damage And Arson,1,1363561,1,20.25,3.0,0.0007
South Wales,2024,2,Caerphilly,Drugs,1,1363561,1,64.87,7.0,0.0007
South Wales,2024,2,Caerphilly,Other Crime,1,1363561,1,61.8,7.0,0.0007
South Wales,2024,2,Caerphilly,Vehicle Crime,2,1363561,2,73.23,7.5,0.0015
South Wales,2024,2,Caerphilly,Violence And Sexual Offences,9,1363561,9,26.96,3.44,0.0066
South Wales,2024,2,Cardiff,Bicycle Theft,275,1363561,77,44.46,6.34,0.2017
South Wales,2024,2,Cardiff,Burglary,394,1363561,149,44.01,5.3,0.2889
South Wales,2024,2,Cardiff,Criminal Damage And Arson,875,1363561,191,37.46,4.6,0.6417
South Wales,2024,2,Cardiff,Drugs,209,1363561,89,35.75,4.59,0.1533
South Wales,2024,2,Cardiff,Other Crime,213,1363561,91,31.02,4.2,0.1562
South Wales,2024,2,Cardiff,Other Theft,717,1363561,173,43.26,5.46,0.5258
South Wales,2024,2,Cardiff,Possession Of Weapons,86,1363561,50,37.36,5.14,0.0631
South Wales,2024,2,Cardiff,Public Order,1315,1363561,205,38.17,4.86,0.9644
South Wales,2024,2,Cardiff,Robbery,111,1363561,48,40.62,5.68,0.0814
South Wales,2024,2,Cardiff,Shoplifting,1557,1363561,104,52.0,6.72,1.1419
South Wales,2024,2,Cardiff,Theft From The Person,181,1363561,61,43.69,6.57,0.1327
South Wales,2024,2,Cardiff,Vehicle Crime,926,1363561,181,50.82,6.01,0.6791
South Wales,2024,2,Cardiff,Violence And Sexual Offences,3460,1363561,214,37.51,4.75,2.5375
South Wales,2024,2,Carmarthenshire,Other Theft,1,1363561,1,25.84,3.0,0.0007
South Wales,2024,2,Carmarthenshire,Violence And Sexual Offences,4,1363561,3,57.4,5.75,0.0029
South Wales,2024,2,Lewes,Violence And Sexual Offences,1,1363561,1,72.41,8.0,0.0007
South Wales,2024,2,Merthyr Tydfil,Bicycle Theft,4,1363561,3,10.83,1.75,0.0029
South Wales,2024,2,Merthyr Tydfil,Burglary,50,1363561,24,26.49,3.48,0.0367
South Wales,2024,2,Merthyr Tydfil,Criminal Damage And Arson,151,1363561,35,27.04,3.44,0.1107
South Wales,2024,2,Merthyr Tydfil,Drugs,24,1363561,13,22.59,2.96,0.0176
South Wales,2024,2,Merthyr Tydfil,Other Crime,44,1363561,22,38.35,4.39,0.0323
South Wales,2024,2,Merthyr Tydfil,Other Theft,102,1363561,26,28.74,3.74,0.0748
South Wales,2024,2,Merthyr Tydfil,Possession Of Weapons,7,1363561,4,20.55,2.86,0.0051
South Wales,2024,2,Merthyr Tydfil,Public Order,213,1363561,35,25.01,3.27,0.1562
South Wales,2024,2,Merthyr Tydfil,Robbery,7,1363561,5,22.64,2.86,0.0051
South Wales,2024,2,Merthyr Tydfil,Shoplifting,240,1363561,17,25.41,3.4,0.176
South Wales,2024,2,Merthyr Tydfil,Theft From The Person,10,1363561,9,22.53,3.2,0.0073
South Wales,2024,2,Merthyr Tydfil,Vehicle Crime,89,1363561,30,34.41,4.11,0.0653
South Wales,2024,2,Merthyr Tydfil,Violence And Sexual Offences,664,1363561,36,27.05,3.45,0.487
South Wales,2024,2,Monmouthshire,Criminal Damage And Arson,1,1363561,1,58.35,9.0,0.0007
South Wales,2024,2,Monmouthshire,Drugs,1,1363561,1,79.54,9.0,0.0007
South Wales,2024,2,Monmouthshire,Other Crime,2,1363561,2,90.21,9.5,0.0015
South Wales,2024,2,Monmouthshire,Other Theft,1,1363561,1,94.21,9.0,0.0007
South Wales,2024,2,Monmouthshire,Public Order,1,1363561,1,65.19,7.0,0.0007
South Wales,2024,2,Monmouthshire,Violence And Sexual Offences,2,1363561,2,91.08,9.0,0.0015
South Wales,2024,2,Neath Port Talbot,Bicycle Theft,21,1363561,15,33.11,4.29,0.0154
South Wales,2024,2,Neath Port Talbot,Burglary,82,1363561,50,32.79,4.17,0.0601
South Wales,2024,2,Neath Port Talbot,Criminal Damage And Arson,230,1363561,76,27.76,3.57,0.1687
South Wales,2024,2,Neath Port Talbot,Drugs,54,1363561,31,26.94,3.65,0.0396
South Wales,2024,2,Neath Port Talbot,Other Crime,65,1363561,36,31.83,3.95,0.0477
South Wales,2024,2,Neath Port Talbot,Other Theft,165,1363561,66,32.31,4.13,0.121
South Wales,2024,2,Neath Port Talbot,Possession Of Weapons,32,1363561,20,37.62,4.19,0.0235
South Wales,2024,2,Neath Port Talbot,Public Order,367,1363561,83,28.52,3.61,0.2691
South Wales,2024,2,Neath Port Talbot,Robbery,2,1363561,2,9.79,2.0,0.0015
South Wales,2024,2,Neath Port Talbot,Shoplifting,171,1363561,26,29.24,3.91,0.1254
South Wales,2024,2,Neath Port Talbot,Theft From The Person,39,1363561,18,44.15,5.18,0.0286
South Wales,2024,2,Neath Port Talbot,Vehicle Crime,85,1363561,42,44.24,4.99,0.0623
South Wales,2024,2,Neath Port Talbot,Violence And Sexual Offences,1347,1363561,90,28.2,3.62,0.9879
South Wales,2024,2,Newport,Burglary,1,1363561,1,85.33,9.0,0.0007
South Wales,2024,2,Newport,Other Crime,2,1363561,2,16.13,2.0,0.0015
South Wales,2024,2,Newport,Public Order,1,1363561,1,20.88,2.0,0.0007
South Wales,2024,2,Newport,Vehicle Crime,1,1363561,1,82.31,10.0,0.0007
South Wales,2024,2,Newport,Violence And Sexual Offences,3,1363561,3,21.31,2.33,0.0022
South Wales,2024,2,North East Derbyshire,Violence And Sexual Offences,1,1363561,1,50.55,7.0,0.0007
South Wales,2024,2,North Somerset,Violence And Sexual Offences,1,1363561,1,87.29,9.0,0.0007
South Wales,2024,2,Pembrokeshire,Other Theft,1,1363561,1,71.61,5.0,0.0007
South Wales,2024,2,Powys,Vehicle Crime,1,1363561,1,60.54,8.0,0.0007
South Wales,2024,2,Powys,Violence And Sexual Offences,6,1363561,5,37.17,4.5,0.0044
South Wales,2024,2,Redcar and Cleveland,Violence And Sexual Offences,1,1363561,1,43.2,5.0,0.0007
South Wales,2024,2,Rhondda Cynon Taf,Bicycle Theft,11,1363561,10,40.53,4.73,0.0081
South Wales,2024,2,Rhondda Cynon Taf,Burglary,141,1363561,84,34.43,4.21,0.1034
South Wales,2024,2,Rhondda Cynon Taf,Criminal Damage And Arson,452,1363561,130,32.65,4.05,0.3315
South Wales,2024,2,Rhondda Cynon Taf,Drugs,121,1363561,70,34.32,4.25,0.0887
South Wales,2024,2,Rhondda Cynon Taf,Other Crime,130,1363561,83,36.26,4.3,0.0953
South Wales,2024,2,Rhondda Cynon Taf,Other Theft,275,1363561,113,35.89,4.36,0.2017
South Wales,2024,2,Rhondda Cynon Taf,Possession Of Weapons,38,1363561,30,42.66,5.0,0.0279
South Wales,2024,2,Rhondda Cynon Taf,Public Order,780,1363561,139,33.22,4.08,0.572
South Wales,2024,2,Rhondda Cynon Taf,Robbery,11,1363561,11,22.06,2.82,0.0081
South Wales,2024,2,Rhondda Cynon Taf,Shoplifting,281,1363561,53,42.67,4.9,0.2061
South Wales,2024,2,Rhondda Cynon Taf,Theft From The Person,31,1363561,28,33.39,4.06,0.0227
South Wales,2024,2,Rhondda Cynon Taf,Vehicle Crime,157,1363561,91,41.21,4.88,0.1151
South Wales,2024,2,Rhondda Cynon Taf,Violence And Sexual Offences,2311,1363561,150,33.52,4.12,1.6948
South Wales,2024,2,South Gloucestershire,Violence And Sexual Offences,1,1363561,1,58.06,7.0,0.0007
South Wales,2024,2,Swansea,Bicycle Theft,69,1363561,25,42.2,4.71,0.0506
South Wales,2024,2,Swansea,Burglary,125,1363561,61,34.92,3.98,0.0917
South Wales,2024,2,Swansea,Criminal Damage And Arson,469,1363561,128,36.45,4.01,0.344
South Wales,2024,2,Swansea,Drugs,133,1363561,54,26.51,3.23,0.0975
South Wales,2024,2,Swansea,Other Crime,108,1363561,64,36.35,4.04,0.0792
South Wales,2024,2,Swansea,Other Theft,355,1363561,106,37.98,4.21,0.2603
South Wales,2024,2,Swansea,Possession Of Weapons,44,1363561,32,28.6,3.41,0.0323
South Wales,2024,2,Swansea,Public Order,776,1363561,136,35.27,3.94,0.5691
South Wales,2024,2,Swansea,Robbery,14,1363561,11,24.56,3.14,0.0103
South Wales,2024,2,Swansea,Shoplifting,716,1363561,60,36.92,4.08,0.5251
South Wales,2024,2,Swansea,Theft From The Person,59,1363561,30,28.97,3.32,0.0433
South Wales,2024,2,Swansea,Vehicle Crime,203,1363561,81,41.07,4.6,0.1489
South Wales,2024,2,Swansea,Violence And Sexual Offences,2186,1363561,148,35.36,3.94,1.6032
South Wales,2024,2,Torfaen,Violence And Sexual Offences,3,1363561,3,23.61,2.33,0.0022
South Wales,2024,2,Vale of Glamorgan,Bicycle Theft,10,1363561,9,66.2,6.4,0.0073
South Wales,2024,2,Vale of Glamorgan,Burglary,87,1363561,43,59.0,6.25,0.0638
South Wales,2024,2,Vale of Glamorgan,Criminal Damage And Arson,210,1363561,65,48.4,5.08,0.154
South Wales,2024,2,Vale of Glamorgan,Drugs,52,1363561,27,44.37,4.75,0.0381
South Wales,2024,2,Vale of Glamorgan,Other Crime,53,1363561,35,56.46,5.77,0.0389
South Wales,2024,2,Vale of Glamorgan,Other Theft,179,1363561,61,53.46,5.63,0.1313
South Wales,2024,2,Vale of Glamorgan,Possession Of Weapons,19,1363561,13,43.68,4.79,0.0139
South Wales,2024,2,Vale of Glamorgan,Public Order,342,1363561,73,49.69,5.23,0.2508
South Wales,2024,2,Vale of Glamorgan,Robbery,3,1363561,3,45.02,4.67,0.0022
South Wales,2024,2,Vale of Glamorgan,Shoplifting,383,1363561,36,45.41,4.83,0.2809
South Wales,2024,2,Vale of Glamorgan,Theft From The Person,16,1363561,12,60.1,6.56,0.0117
South Wales,2024,2,Vale of Glamorgan,Vehicle Crime,109,1363561,55,56.44,5.91,0.0799
South Wales,2024,2,Vale of Glamorgan,Violence And Sexual Offences,889,1363561,79,48.21,4.98,0.652
South Wales,2024,2,Wiltshire,Theft From The Person,1,1363561,1,48.96,7.0,0.0007
South Wales,2024,2,Wiltshire,Violence And Sexual Offences,1,1363561,1,68.65,9.0,0.0007
South Wales,2024,2,Wolverhampton,Violence And Sexual Offences,1,1363561,1,90.85,10.0,0.0007
South Wales,2024,2,Wyre Forest,Violence And Sexual Offences,1,1363561,1,49.49,5.0,0.0007
South Wales,2024,3,Blaenau Gwent,Other Crime,1,1363561,1,11.53,2.0,0.0007
South Wales,2024,3,Blaenau Gwent,Vehicle Crime,1,1363561,1,37.37,5.0,0.0007
South Wales,2024,3,Blaenau Gwent,Violence And Sexual Offences,3,1363561,3,28.38,3.67,0.0022
South Wales,2024,3,Bridgend,Bicycle Theft,10,1363561,8,31.97,3.7,0.0073
South Wales,2024,3,Bridgend,Burglary,64,1363561,43,39.73,4.33,0.0469
South Wales,2024,3,Bridgend,Criminal Damage And Arson,209,1363561,65,38.96,4.28,0.1533
South Wales,2024,3,Bridgend,Drugs,70,1363561,25,50.28,5.91,0.0513
South Wales,2024,3,Bridgend,Other Crime,90,1363561,44,52.03,5.74,0.066
South Wales,2024,3,Bridgend,Other Theft,157,1363561,64,43.94,4.86,0.1151
South Wales,2024,3,Bridgend,Possession Of Weapons,23,1363561,18,47.88,5.17,0.0169
South Wales,2024,3,Bridgend,Public Order,392,1363561,83,42.86,4.66,0.2875
South Wales,2024,3,Bridgend,Robbery,11,1363561,8,36.25,4.0,0.0081
South Wales,2024,3,Bridgend,Shoplifting,256,1363561,31,47.54,5.19,0.1877
South Wales,2024,3,Bridgend,Theft From The Person,15,1363561,11,36.12,4.0,0.011
South Wales,2024,3,Bridgend,Vehicle Crime,91,1363561,46,41.23,4.59,0.0667
South Wales,2024,3,Bridgend,Violence And Sexual Offences,1153,1363561,91,44.6,4.85,0.8456
South Wales,2024,3,Caerphilly,Criminal Damage And Arson,2,1363561,2,47.96,5.0,0.0015
South Wales,2024,3,Caerphilly,Drugs,1,1363561,1,69.21,7.0,0.0007
South Wales,2024,3,Caerphilly,Other Crime,1,1363561,1,26.46,3.0,0.0007
South Wales,2024,3,Caerphilly,Public Order,4,1363561,4,57.87,6.25,0.0029
South Wales,2024,3,Caerphilly,Vehicle Crime,1,1363561,1,23.85,5.0,0.0007
South Wales,2024,3,Caerphilly,Violence And Sexual Offences,11,1363561,11,37.16,4.18,0.0081
South Wales,2024,3,Cardiff,Bicycle Theft,322,1363561,78,47.18,6.67,0.2361
South Wales,2024,3,Cardiff,Burglary,471,1363561,146,48.72,5.9,0.3454
South Wales,2024,3,Cardiff,Criminal Damage And Arson,794,1363561,184,37.58,4.67,0.5823
South Wales,2024,3,Cardiff,Drugs,236,1363561,99,37.5,4.91,0.1731
South Wales,2024,3,Cardiff,Other Crime,220,1363561,118,41.83,4.88,0.1613
South Wales,2024,3,Cardiff,Other Theft,616,1363561,169,46.45,5.72,0.4518
South Wales,2024,3,Cardiff,Possession Of Weapons,68,1363561,44,35.94,4.84,0.0499
South Wales,2024,3,Cardiff,Public Order,1237,1363561,192,38.8,4.89,0.9072
South Wales,2024,3,Cardiff,Robbery,73,1363561,31,39.4,5.88,0.0535
South Wales,2024,3,Cardiff,Shoplifting,1448,1363561,94,54.39,6.9,1.0619
South Wales,2024,3,Cardiff,Theft From The Person,103,1363561,41,48.58,6.76,0.0755
South Wales,2024,3,Cardiff,Vehicle Crime,943,1363561,182,49.0,5.89,0.6916
South Wales,2024,3,Cardiff,Violence And Sexual Offences,3202,1363561,214,37.66,4.75,2.3483
South Wales,2024,3,Carmarthenshire,Drugs,3,1363561,2,40.71,4.33,0.0022
South Wales,2024,3,Carmarthenshire,Violence And Sexual Offences,7,1363561,7,57.7,6.0,0.0051
South Wales,2024,3,Coventry,Violence And Sexual Offences,1,1363561,1,32.42,4.0,0.0007
South Wales,2024,3,Croydon,Violence And Sexual Offences,1,1363561,1,91.07,9.0,0.0007
South Wales,2024,3,Mendip,Public Order,1,1363561,1,93.78,10.0,0.0007
South Wales,2024,3,Merthyr Tydfil,Bicycle Theft,3,1363561,3,5.51,1.33,0.0022
South Wales,2024,3,Merthyr Tydfil,Burglary,49,1363561,21,28.88,3.61,0.0359
South Wales,2024,3,Merthyr Tydfil,Criminal Damage And Arson,147,1363561,35,26.83,3.43,0.1078
South Wales,2024,3,Merthyr Tydfil,Drugs,31,1363561,13,27.33,3.45,0.0227
South Wales,2024,3,Merthyr Tydfil,Other Crime,31,1363561,20,27.53,3.32,0.0227
South Wales,2024,3,Merthyr Tydfil,Other Theft,92,1363561,27,25.54,3.36,0.0675
South Wales,2024,3,Merthyr Tydfil,Possession Of Weapons,12,1363561,7,19.52,2.67,0.0088
South Wales,2024,3,Merthyr Tydfil,Public Order,196,1363561,34,24.93,3.29,0.1437
South Wales,2024,3,Merthyr Tydfil,Robbery,9,1363561,7,31.02,3.56,0.0066
South Wales,2024,3,Merthyr Tydfil,Shoplifting,207,1363561,17,25.82,3.43,0.1518
South Wales,2024,3,Merthyr Tydfil,Theft From The Person,9,1363561,4,12.81,2.22,0.0066
South Wales,2024,3,Merthyr Tydfil,Vehicle Crime,73,1363561,28,27.65,3.49,0.0535
South Wales,2024,3,Merthyr Tydfil,Violence And Sexual Offences,543,1363561,36,27.3,3.49,0.3982
South Wales,2024,3,Monmouthshire,Violence And Sexual Offences,2,1363561,1,53.18,8.0,0.0015
South Wales,2024,3,Neath Port Talbot,Bicycle Theft,13,1363561,9,18.6,2.69,0.0095
South Wales,2024,3,Neath Port Talbot,Burglary,72,1363561,42,29.51,3.81,0.0528
South Wales,2024,3,Neath Port Talbot,Criminal Damage And Arson,249,1363561,77,27.52,3.57,0.1826
South Wales,2024,3,Neath Port Talbot,Drugs,39,1363561,25,21.76,2.95,0.0286
South Wales,2024,3,Neath Port Talbot,Other Crime,61,1363561,36,31.22,3.93,0.0447
South Wales,2024,3,Neath Port Talbot,Other Theft,141,1363561,60,34.42,4.45,0.1034
South Wales,2024,3,Neath Port Talbot,Possession Of Weapons,21,1363561,19,25.21,3.48,0.0154
South Wales,2024,3,Neath Port Talbot,Public Order,377,1363561,83,28.13,3.63,0.2765
South Wales,2024,3,Neath Port Talbot,Robbery,6,1363561,6,43.34,5.5,0.0044
South Wales,2024,3,Neath Port Talbot,Shoplifting,189,1363561,33,27.72,3.85,0.1386
South Wales,2024,3,Neath Port Talbot,Theft From The Person,15,1363561,13,31.85,4.13,0.011
South Wales,2024,3,Neath Port Talbot,Vehicle Crime,93,1363561,47,29.33,3.87,0.0682
South Wales,2024,3,Neath Port Talbot,Violence And Sexual Offences,1153,1363561,90,26.25,3.42,0.8456
South Wales,2024,3,Newport,Drugs,1,1363561,1,33.72,3.0,0.0007
South Wales,2024,3,Newport,Other Theft,3,1363561,3,55.15,6.33,0.0022
South Wales,2024,3,Newport,Vehicle Crime,1,1363561,1,64.77,9.0,0.0007
South Wales,2024,3,Newport,Violence And Sexual Offences,7,1363561,7,35.28,4.14,0.0051
South Wales,2024,3,North West Leicestershire,Drugs,1,1363561,1,55.32,7.0,0.0007
South Wales,2024,3,Nottingham,Violence And Sexual Offences,1,1363561,1,8.8,1.0,0.0007
South Wales,2024,3,Plymouth,Violence And Sexual Offences,1,1363561,1,18.61,3.0,0.0007
South Wales,2024,3,Powys,Other Crime,1,1363561,1,60.54,8.0,0.0007
South Wales,2024,3,Powys,Public Order,3,1363561,1,60.54,8.0,0.0022
South Wales,2024,3,Powys,Vehicle Crime,2,1363561,2,64.56,8.0,0.0015
South Wales,2024,3,Powys,Violence And Sexual Offences,3,1363561,2,40.61,5.33,0.0022
South Wales,2024,3,Rhondda Cynon Taf,Bicycle Theft,3,1363561,3,13.57,2.33,0.0022
South Wales,2024,3,Rhondda Cynon Taf,Burglary,127,1363561,68,33.4,4.13,0.0931
South Wales,2024,3,Rhondda Cynon Taf,Criminal Damage And Arson,305,1363561,116,32.77,4.0,0.2237
South Wales,2024,3,Rhondda Cynon Taf,Drugs,91,1363561,62,36.53,4.33,0.0667
South Wales,2024,3,Rhondda Cynon Taf,Other Crime,127,1363561,79,32.55,3.98,0.0931
South Wales,2024,3,Rhondda Cynon Taf,Other Theft,252,1363561,106,38.04,4.53,0.1848
South Wales,2024,3,Rhondda Cynon Taf,Possession Of Weapons,36,1363561,28,35.36,4.33,0.0264
South Wales,2024,3,Rhondda Cynon Taf,Public Order,655,1363561,135,35.41,4.29,0.4804
South Wales,2024,3,Rhondda Cynon Taf,Robbery,11,1363561,10,33.98,4.36,0.0081
South Wales,2024,3,Rhondda Cynon Taf,Shoplifting,255,1363561,50,42.3,4.87,0.187
South Wales,2024,3,Rhondda Cynon Taf,Theft From The Person,20,1363561,14,40.85,5.0,0.0147
South Wales,2024,3,Rhondda Cynon Taf,Vehicle Crime,164,1363561,90,42.16,4.96,0.1203
South Wales,2024,3,Rhondda Cynon Taf,Violence And Sexual Offences,2248,1363561,152,33.66,4.13,1.6486
South Wales,2024,3,Slough,Drugs,1,1363561,1,59.47,5.0,0.0007
South Wales,2024,3,Slough,Other Crime,1,1363561,1,59.47,5.0,0.0007
South Wales,2024,3,South Gloucestershire,Violence And Sexual Offences,1,1363561,1,77.39,10.0,0.0007
South Wales,2024,3,Swansea,Bicycle Theft,36,1363561,18,34.37,4.08,0.0264
South Wales,2024,3,Swansea,Burglary,127,1363561,67,36.88,4.09,0.0931
South Wales,2024,3,Swansea,Criminal Damage And Arson,486,1363561,122,36.61,4.05,0.3564
South Wales,2024,3,Swansea,Drugs,150,1363561,57,31.58,3.74,0.11
South Wales,2024,3,Swansea,Other Crime,131,1363561,75,35.25,3.87,0.0961
South Wales,2024,3,Swansea,Other Theft,332,1363561,109,39.35,4.33,0.2435
South Wales,2024,3,Swansea,Possession Of Weapons,49,1363561,36,32.72,3.73,0.0359
South Wales,2024,3,Swansea,Public Order,679,1363561,136,36.03,4.02,0.498
South Wales,2024,3,Swansea,Robbery,21,1363561,14,22.31,2.62,0.0154
South Wales,2024,3,Swansea,Shoplifting,607,1363561,62,35.43,3.99,0.4452
South Wales,2024,3,Swansea,Theft From The Person,47,1363561,27,25.5,3.09,0.0345
South Wales,2024,3,Swansea,Vehicle Crime,223,1363561,91,40.26,4.43,0.1635
South Wales,2024,3,Swansea,Violence And Sexual Offences,1972,1363561,146,34.56,3.88,1.4462
South Wales,2024,3,Tamworth,Violence And Sexual Offences,1,1363561,1,39.47,5.0,0.0007
South Wales,2024,3,Torfaen,Other Theft,2,1363561,2,16.94,2.0,0.0015
South Wales,2024,3,Torfaen,Violence And Sexual Offences,2,1363561,2,53.21,5.5,0.0015
South Wales,2024,3,Vale of Glamorgan,Bicycle Theft,17,1363561,14,46.4,4.53,0.0125
South Wales,2024,3,Vale of Glamorgan,Burglary,98,1363561,47,63.61,6.6,0.0719
South Wales,2024,3,Vale of Glamorgan,Criminal Damage And Arson,256,1363561,71,52.8,5.47,0.1877
South Wales,2024,3,Vale of Glamorgan,Drugs,39,1363561,25,46.63,5.03,0.0286
South Wales,2024,3,Vale of Glamorgan,Other Crime,55,1363561,38,53.92,5.6,0.0403
South Wales,2024,3,Vale of Glamorgan,Other Theft,161,1363561,63,54.96,5.79,0.1181
South Wales,2024,3,Vale of Glamorgan,Possession Of Weapons,16,1363561,14,58.98,6.12,0.0117
South Wales,2024,3,Vale of Glamorgan,Public Order,328,1363561,76,54.08,5.59,0.2405
South Wales,2024,3,Vale of Glamorgan,Robbery,9,1363561,8,42.31,4.67,0.0066
South Wales,2024,3,Vale of Glamorgan,Shoplifting,339,1363561,37,49.4,5.06,0.2486
South Wales,2024,3,Vale of Glamorgan,Theft From The Person,12,1363561,12,45.37,4.92,0.0088
South Wales,2024,3,Vale of Glamorgan,Vehicle Crime,129,1363561,57,59.24,6.11,0.0946
South Wales,2024,3,Vale of Glamorgan,Violence And Sexual Offences,924,1363561,81,49.31,5.1,0.6776
South Wales,2024,3,Wandsworth,Other Crime,1,1363561,1,29.85,2.0,0.0007
South Wales,2024,3,Wrexham,Drugs,1,1363561,1,59.6,9.0,0.0007
South Wales,2024,4,Birmingham,Public Order,1,1363561,1,1.24,1.0,0.0007
South Wales,2024,4,Blaenau Gwent,Drugs,2,1363561,2,22.78,3.0,0.0015
South Wales,2024,4,Blaenau Gwent,Possession Of Weapons,1,1363561,1,6.63,1.0,0.0007
South Wales,2024,4,Blaenau Gwent,Violence And Sexual Offences,4,1363561,4,49.77,6.0,0.0029
South Wales,2024,4,Bridgend,Bicycle Theft,6,1363561,5,41.05,4.5,0.0044
South Wales,2024,4,Bridgend,Burglary,59,1363561,34,45.66,5.08,0.0433
South Wales,2024,4,Bridgend,Criminal Damage And Arson,222,1363561,75,41.52,4.46,0.1628
South Wales,2024,4,Bridgend,Drugs,83,1363561,36,44.62,5.04,0.0609
South Wales,2024,4,Bridgend,Other Crime,98,1363561,53,52.13,5.78,0.0719
South Wales,2024,4,Bridgend,Other Theft,144,1363561,65,42.88,4.76,0.1056
South Wales,2024,4,Bridgend,Possession Of Weapons,19,1363561,16,45.2,5.0,0.0139
South Wales,2024,4,Bridgend,Public Order,286,1363561,79,42.35,4.67,0.2097
South Wales,2024,4,Bridgend,Robbery,3,1363561,3,27.16,4.0,0.0022
South Wales,2024,4,Bridgend,Shoplifting,183,1363561,28,47.41,5.23,0.1342
South Wales,2024,4,Bridgend,Theft From The Person,6,1363561,4,41.98,4.17,0.0044
South Wales,2024,4,Bridgend,Vehicle Crime,68,1363561,36,47.33,5.29,0.0499
South Wales,2024,4,Bridgend,Violence And Sexual Offences,1132,1363561,89,44.13,4.8,0.8302
South Wales,2024,4,Bristol,Other Crime,1,1363561,1,78.72,10.0,0.0007
South Wales,2024,4,Caerphilly,Burglary,2,1363561,1,69.21,7.0,0.0015
South Wales,2024,4,Caerphilly,Criminal Damage And Arson,1,1363561,1,89.67,10.0,0.0007
South Wales,2024,4,Caerphilly,Other Theft,1,1363561,1,19.26,3.0,0.0007
South Wales,2024,4,Caerphilly,Public Order,2,1363561,2,26.33,3.5,0.0015
South Wales,2024,4,Caerphilly,Shoplifting,1,1363561,1,85.7,8.0,0.0007
South Wales,2024,4,Caerphilly,Violence And Sexual Offences,14,1363561,14,50.27,4.93,0.0103
South Wales,2024,4,Cardiff,Bicycle Theft,228,1363561,70,44.99,6.47,0.1672
South Wales,2024,4,Cardiff,Burglary,407,1363561,145,50.53,5.99,0.2985
South Wales,2024,4,Cardiff,Criminal Damage And Arson,734,1363561,180,37.8,4.54,0.5383
South Wales,2024,4,Cardiff,Drugs,242,1363561,90,35.15,4.74,0.1775
South Wales,2024,4,Cardiff,Other Crime,217,1363561,112,35.1,4.5,0.1591
South Wales,2024,4,Cardiff,Other Theft,591,1363561,168,42.66,5.38,0.4334
South Wales,2024,4,Cardiff,Possession Of Weapons,77,1363561,48,39.54,5.03,0.0565
South Wales,2024,4,Cardiff,Public Order,934,1363561,189,39.32,4.99,0.685
South Wales,2024,4,Cardiff,Robbery,59,1363561,37,42.42,5.51,0.0433
South Wales,2024,4,Cardiff,Shoplifting,1369,1363561,98,52.06,6.38,1.004
South Wales,2024,4,Cardiff,Theft From The Person,100,1363561,26,49.21,7.65,0.0733
South Wales,2024,4,Cardiff,Vehicle Crime,792,1363561,178,45.09,5.46,0.5808
South Wales,2024,4,Cardiff,Violence And Sexual Offences,3103,1363561,215,37.92,4.85,2.2757
South Wales,2024,4,Carmarthenshire,Drugs,2,1363561,2,77.71,7.5,0.0015
South Wales,2024,4,Carmarthenshire,Other Crime,1,1363561,1,67.54,6.0,0.0007
South Wales,2024,4,Carmarthenshire,Public Order,2,1363561,1,85.96,9.0,0.0015
South Wales,2024,4,Carmarthenshire,Violence And Sexual Offences,5,1363561,5,27.48,3.6,0.0037
South Wales,2024,4,Forest of Dean,Violence And Sexual Offences,1,1363561,1,60.4,4.0,0.0007
South Wales,2024,4,Merthyr Tydfil,Bicycle Theft,1,1363561,1,37.16,4.0,0.0007
South Wales,2024,4,Merthyr Tydfil,Burglary,40,1363561,17,22.68,3.0,0.0293
South Wales,2024,4,Merthyr Tydfil,Criminal Damage And Arson,127,1363561,31,24.14,3.16,0.0931
South Wales,2024,4,Merthyr Tydfil,Drugs,30,1363561,15,24.92,3.03,0.022
South Wales,2024,4,Merthyr Tydfil,Other Crime,47,1363561,22,26.05,3.32,0.0345
South Wales,2024,4,Merthyr Tydfil,Other Theft,89,1363561,27,26.46,3.51,0.0653
South Wales,2024,4,Merthyr Tydfil,Possession Of Weapons,16,1363561,8,27.94,3.5,0.0117
South Wales,2024,4,Merthyr Tydfil,Public Order,144,1363561,32,24.91,3.33,0.1056
South Wales,2024,4,Merthyr Tydfil,Robbery,4,1363561,3,17.6,2.5,0.0029
South Wales,2024,4,Merthyr Tydfil,Shoplifting,205,1363561,16,27.06,3.56,0.1503
South Wales,2024,4,Merthyr Tydfil,Theft From The Person,11,1363561,7,30.23,3.91,0.0081
South Wales,2024,4,Merthyr Tydfil,Vehicle Crime,80,1363561,32,32.53,4.09,0.0587
South Wales,2024,4,Merthyr Tydfil,Violence And Sexual Offences,516,1363561,36,25.98,3.35,0.3784
South Wales,2024,4,Monmouthshire,Violence And Sexual Offences,2,1363561,2,70.62,9.0,0.0015
South Wales,2024,4,Neath Port Talbot,Bicycle Theft,9,1363561,8,25.39,3.67,0.0066
South Wales,2024,4,Neath Port Talbot,Burglary,58,1363561,38,23.9,3.36,0.0425
South Wales,2024,4,Neath Port Talbot,Criminal Damage And Arson,200,1363561,70,24.31,3.34,0.1467
South Wales,2024,4,Neath Port Talbot,Drugs,53,1363561,27,27.12,3.75,0.0389
South Wales,2024,4,Neath Port Talbot,Other Crime,70,1363561,51,32.84,4.1,0.0513
South Wales,2024,4,Neath Port Talbot,Other Theft,131,1363561,59,27.3,3.56,0.0961
South Wales,2024,4,Neath Port Talbot,Possession Of Weapons,16,1363561,14,24.61,3.44,0.0117
South Wales,2024,4,Neath Port Talbot,Public Order,266,1363561,75,27.26,3.58,0.1951
South Wales,2024,4,Neath Port Talbot,Robbery,5,1363561,5,37.16,4.4,0.0037
South Wales,2024,4,Neath Port Talbot,Shoplifting,163,1363561,28,32.88,4.51,0.1195
South Wales,2024,4,Neath Port Talbot,Theft From The Person,4,1363561,4,28.98,4.25,0.0029
South Wales,2024,4,Neath Port Talbot,Vehicle Crime,75,1363561,49,26.04,3.53,0.055
South Wales,2024,4,Neath Port Talbot,Violence And Sexual Offences,1151,1363561,90,28.3,3.62,0.8441
South Wales,2024,4,Newport,Other Crime,1,1363561,1,52.61,5.0,0.0007
South Wales,2024,4,Newport,Public Order,1,1363561,1,50.05,5.0,0.0007
South Wales,2024,4,Newport,Vehicle Crime,1,1363561,1,82.31,10.0,0.0007
South Wales,2024,4,Newport,Violence And Sexual Offences,3,1363561,3,53.71,5.0,0.0022
South Wales,2024,4,Pembrokeshire,Violence And Sexual Offences,1,1363561,1,74.9,6.0,0.0007
South Wales,2024,4,Powys,Vehicle Crime,1,1363561,1,60.54,8.0,0.0007
South Wales,2024,4,Powys,Violence And Sexual Offences,1,1363561,1,44.05,7.0,0.0007
South Wales,2024,4,Rhondda Cynon Taf,Bicycle Theft,8,1363561,8,44.04,4.75,0.0059
South Wales,2024,4,Rhondda Cynon Taf,Burglary,115,1363561,78,43.05,5.03,0.0843
South Wales,2024,4,Rhondda Cynon Taf,Criminal Damage And Arson,419,1363561,120,31.05,3.79,0.3073
South Wales,2024,4,Rhondda Cynon Taf,Drugs,106,1363561,54,41.15,5.09,0.0777
South Wales,2024,4,Rhondda Cynon Taf,Other Crime,133,1363561,84,36.77,4.52,0.0975
South Wales,2024,4,Rhondda Cynon Taf,Other Theft,239,1363561,107,36.91,4.46,0.1753
South Wales,2024,4,Rhondda Cynon Taf,Possession Of Weapons,44,1363561,34,28.72,3.59,0.0323
South Wales,2024,4,Rhondda Cynon Taf,Public Order,515,1363561,134,35.61,4.3,0.3777
South Wales,2024,4,Rhondda Cynon Taf,Robbery,7,1363561,7,28.48,4.29,0.0051
South Wales,2024,4,Rhondda Cynon Taf,Shoplifting,263,1363561,56,40.35,4.68,0.1929
South Wales,2024,4,Rhondda Cynon Taf,Theft From The Person,14,1363561,14,41.58,4.79,0.0103
South Wales,2024,4,Rhondda Cynon Taf,Vehicle Crime,184,1363561,97,34.95,4.3,0.1349
South Wales,2024,4,Rhondda Cynon Taf,Violence And Sexual Offences,2009,1363561,152,33.37,4.1,1.4733
South Wales,2024,4,Solihull,Shoplifting,1,1363561,1,82.22,8.0,0.0007
South Wales,2024,4,Swansea,Bicycle Theft,50,1363561,24,43.09,4.86,0.0367
South Wales,2024,4,Swansea,Burglary,127,1363561,65,32.37,3.71,0.0931
South Wales,2024,4,Swansea,Criminal Damage And Arson,410,1363561,119,36.95,4.1,0.3007
South Wales,2024,4,Swansea,Drugs,162,1363561,62,29.25,3.51,0.1188
South Wales,2024,4,Swansea,Other Crime,120,1363561,71,30.62,3.42,0.088
South Wales,2024,4,Swansea,Other Theft,343,1363561,107,34.65,3.87,0.2515
South Wales,2024,4,Swansea,Possession Of Weapons,35,1363561,26,34.32,3.89,0.0257
South Wales,2024,4,Swansea,Public Order,561,1363561,125,37.76,4.17,0.4114
South Wales,2024,4,Swansea,Robbery,13,1363561,10,33.4,4.0,0.0095
South Wales,2024,4,Swansea,Shoplifting,668,1363561,48,36.41,4.06,0.4899
South Wales,2024,4,Swansea,Theft From The Person,30,1363561,19,30.93,3.57,0.022
South Wales,2024,4,Swansea,Vehicle Crime,275,1363561,96,46.12,5.04,0.2017
South Wales,2024,4,Swansea,Violence And Sexual Offences,1973,1363561,147,35.28,3.94,1.4469
South Wales,2024,4,Torfaen,Other Crime,1,1363561,1,1.67,1.0,0.0007
South Wales,2024,4,Torfaen,Other Theft,1,1363561,1,11.69,2.0,0.0007
South Wales,2024,4,Torfaen,Violence And Sexual Offences,4,1363561,4,16.27,2.25,0.0029
South Wales,2024,4,Vale of Glamorgan,Bicycle Theft,7,1363561,6,53.73,5.71,0.0051
South Wales,2024,4,Vale of Glamorgan,Burglary,76,1363561,44,45.42,4.84,0.0557
South Wales,2024,4,Vale of Glamorgan,Criminal Damage And Arson,220,1363561,71,52.59,5.39,0.1613
South Wales,2024,4,Vale of Glamorgan,Drugs,36,1363561,20,39.93,4.36,0.0264
South Wales,2024,4,Vale of Glamorgan,Other Crime,55,1363561,37,54.7,5.6,0.0403
South Wales,2024,4,Vale of Glamorgan,Other Theft,126,1363561,57,50.45,5.44,0.0924
South Wales,2024,4,Vale of Glamorgan,Possession Of Weapons,20,1363561,16,46.35,5.0,0.0147
South Wales,2024,4,Vale of Glamorgan,Public Order,232,1363561,74,52.93,5.47,0.1701
South Wales,2024,4,Vale of Glamorgan,Robbery,3,1363561,3,26.04,2.67,0.0022
South Wales,2024,4,Vale of Glamorgan,Shoplifting,359,1363561,33,44.72,4.88,0.2633
South Wales,2024,4,Vale of Glamorgan,Theft From The Person,10,1363561,8,45.46,5.1,0.0073
South Wales,2024,4,Vale of Glamorgan,Vehicle Crime,97,1363561,46,51.83,5.34,0.0711
South Wales,2024,4,Vale of Glamorgan,Violence And Sexual Offences,795,1363561,80,49.63,5.14,0.583
South Wales,2024,4,Wigan,Violence And Sexual Offences,1,1363561,1,84.56,9.0,0.0007
South Wales,2024,4,Wiltshire,Violence And Sexual Offences,1,1363561,1,77.53,7.0,0.0007
South Wales,2025,1,Arun,Violence And Sexual Offences,1,1380389,1,63.36,8.0,0.0007
South Wales,2025,1,Bassetlaw,Violence And Sexual Offences,1,1380389,1,87.23,9.0,0.0007
South Wales,2025,1,Blaenau Gwent,Other Crime,2,1380389,2,39.07,5.0,0.0014
South Wales,2025,1,Blaenau Gwent,Violence And Sexual Offences,2,1380389,2,42.82,5.0,0.0014
South Wales,2025,1,Bridgend,Bicycle Theft,8,1380389,7,51.51,5.12,0.0058
South Wales,2025,1,Bridgend,Burglary,59,1380389,39,39.97,4.37,0.0427
South Wales,2025,1,Bridgend,Criminal Damage And Arson,221,1380389,69,42.8,4.62,0.1601
South Wales,2025,1,Bridgend,Drugs,144,1380389,52,44.62,4.97,0.1043
South Wales,2025,1,Bridgend,Other Crime,104,1380389,50,50.27,5.54,0.0753
South Wales,2025,1,Bridgend,Other Theft,129,1380389,59,48.31,5.18,0.0935
South Wales,2025,1,Bridgend,Possession Of Weapons,31,1380389,22,41.64,4.42,0.0225
South Wales,2025,1,Bridgend,Public Order,328,1380389,80,42.18,4.7,0.2376
South Wales,2025,1,Bridgend,Robbery,6,1380389,5,50.3,5.5,0.0043
South Wales,2025,1,Bridgend,Shoplifting,209,1380389,34,39.42,4.3,0.1514
South Wales,2025,1,Bridgend,Theft From The Person,10,1380389,6,42.7,4.8,0.0072
South Wales,2025,1,Bridgend,Vehicle Crime,80,1380389,37,46.61,5.28,0.058
South Wales,2025,1,Bridgend,Violence And Sexual Offences,1227,1380389,89,42.31,4.64,0.8889
South Wales,2025,1,Caerphilly,Other Crime,3,1380389,3,43.88,4.67,0.0022
South Wales,2025,1,Caerphilly,Other Theft,2,1380389,2,47.39,5.5,0.0014
South Wales,2025,1,Caerphilly,Public Order,2,1380389,2,10.86,2.0,0.0014
South Wales,2025,1,Caerphilly,Shoplifting,1,1380389,1,85.7,8.0,0.0007
South Wales,2025,1,Caerphilly,Vehicle Crime,1,1380389,1,0.57,1.0,0.0007
South Wales,2025,1,Caerphilly,Violence And Sexual Offences,14,1380389,12,34.54,4.21,0.0101
South Wales,2025,1,Cardiff,Bicycle Theft,173,1380389,77,42.58,5.72,0.1253
South Wales,2025,1,Cardiff,Burglary,399,1380389,147,45.06,5.58,0.289
South Wales,2025,1,Cardiff,Criminal Damage And Arson,758,1380389,186,39.26,4.76,0.5491
South Wales,2025,1,Cardiff,Drugs,641,1380389,160,33.18,4.05,0.4644
South Wales,2025,1,Cardiff,Other Crime,269,1380389,127,37.08,4.57,0.1949
South Wales,2025,1,Cardiff,Other Theft,614,1380389,161,41.06,5.22,0.4448
South Wales,2025,1,Cardiff,Possession Of Weapons,107,1380389,64,31.12,4.19,0.0775
South Wales,2025,1,Cardiff,Public Order,1032,1380389,187,38.59,4.86,0.7476
South Wales,2025,1,Cardiff,Robbery,55,1380389,38,38.54,5.27,0.0398
South Wales,2025,1,Cardiff,Shoplifting,1213,1380389,100,52.41,6.36,0.8787
South Wales,2025,1,Cardiff,Theft From The Person,110,1380389,43,42.97,6.38,0.0797
South Wales,2025,1,Cardiff,Vehicle Crime,719,1380389,175,50.49,5.77,0.5209
South Wales,2025,1,Cardiff,Violence And Sexual Offences,3346,1380389,214,37.99,4.8,2.424
South Wales,2025,1,Carmarthenshire,Other Crime,2,1380389,2,43.71,5.0,0.0014
South Wales,2025,1,Carmarthenshire,Other Theft,1,1380389,1,76.3,8.0,0.0007
South Wales,2025,1,Carmarthenshire,Vehicle Crime,1,1380389,1,69.47,6.0,0.0007
South Wales,2025,1,Carmarthenshire,Violence And Sexual Offences,6,1380389,6,45.2,5.0,0.0043
South Wales,2025,1,Ceredigion,Other Crime,1,1380389,1,43.11,4.0,0.0007
South Wales,2025,1,Ealing,Other Crime,1,1380389,1,15.64,2.0,0.0007
South Wales,2025,1,Gosport,Violence And Sexual Offences,1,1380389,1,5.76,2.0,0.0007
South Wales,2025,1,Hambleton,Violence And Sexual Offences,1,1380389,1,51.53,5.0,0.0007
South Wales,2025,1,Herefordshire,Violence And Sexual Offences,1,1380389,1,32.27,5.0,0.0007
South Wales,2025,1,Leeds,Violence And Sexual Offences,1,1380389,1,63.23,8.0,0.0007
South Wales,2025,1,Leicester,Burglary,1,1380389,1,5.62,2.0,0.0007
South Wales,2025,1,Lewisham,Violence And Sexual Offences,1,1380389,1,15.87,2.0,0.0007
South Wales,2025,1,Liverpool,Violence And Sexual Offences,1,1380389,1,0.63,1.0,0.0007
South Wales,2025,1,Merthyr Tydfil,Burglary,41,1380389,21,22.96,3.05,0.0297
South Wales,2025,1,Merthyr Tydfil,Criminal Damage And Arson,161,1380389,31,26.32,3.4,0.1166
South Wales,2025,1,Merthyr Tydfil,Drugs,67,1380389,23,36.4,4.34,0.0485
South Wales,2025,1,Merthyr Tydfil,Other Crime,55,1380389,26,32.21,3.91,0.0398
South Wales,2025,1,Merthyr Tydfil,Other Theft,91,1380389,29,29.94,3.67,0.0659
South Wales,2025,1,Merthyr Tydfil,Possession Of Weapons,15,1380389,10,29.18,3.73,0.0109
South Wales,2025,1,Merthyr Tydfil,Public Order,163,1380389,32,27.5,3.45,0.1181
South Wales,2025,1,Merthyr Tydfil,Robbery,2,1380389,2,17.38,3.0,0.0014
South Wales,2025,1,Merthyr Tydfil,Shoplifting,150,1380389,10,24.11,3.31,0.1087
South Wales,2025,1,Merthyr Tydfil,Theft From The Person,5,1380389,5,18.29,2.6,0.0036
South Wales,2025,1,Merthyr Tydfil,Vehicle Crime,86,1380389,31,32.18,4.0,0.0623
South Wales,2025,1,Merthyr Tydfil,Violence And Sexual Offences,603,1380389,35,26.14,3.4,0.4368
South Wales,2025,1,Monmouthshire,Violence And Sexual Offences,1,1380389,1,60.8,5.0,0.0007
South Wales,2025,1,Neath Port Talbot,Bicycle Theft,7,1380389,7,37.15,4.86,0.0051
South Wales,2025,1,Neath Port Talbot,Burglary,71,1380389,48,31.25,4.21,0.0514
South Wales,2025,1,Neath Port Talbot,Criminal Damage And Arson,213,1380389,74,28.24,3.65,0.1543
South Wales,2025,1,Neath Port Talbot,Drugs,209,1380389,58,38.8,4.58,0.1514
South Wales,2025,1,Neath Port Talbot,Other Crime,89,1380389,56,30.27,3.92,0.0645
South Wales,2025,1,Neath Port Talbot,Other Theft,139,1380389,59,34.71,4.29,0.1007
South Wales,2025,1,Neath Port Talbot,Possession Of Weapons,21,1380389,20,26.27,3.43,0.0152
South Wales,2025,1,Neath Port Talbot,Public Order,304,1380389,80,27.62,3.58,0.2202
South Wales,2025,1,Neath Port Talbot,Robbery,2,1380389,2,8.43,1.5,0.0014
South Wales,2025,1,Neath Port Talbot,Shoplifting,140,1380389,25,31.5,4.01,0.1014
South Wales,2025,1,Neath Port Talbot,Theft From The Person,10,1380389,8,27.81,3.8,0.0072
South Wales,2025,1,Neath Port Talbot,Vehicle Crime,97,1380389,48,27.99,3.69,0.0703
South Wales,2025,1,Neath Port Talbot,Violence And Sexual Offences,1283,1380389,90,28.27,3.67,0.9294
South Wales,2025,1,Newark and Sherwood,Violence And Sexual Offences,1,1380389,1,16.34,3.0,0.0007
South Wales,2025,1,Newport,Criminal Damage And Arson,1,1380389,1,28.76,4.0,0.0007
South Wales,2025,1,Newport,Drugs,2,1380389,2,80.79,8.5,0.0014
South Wales,2025,1,Newport,Other Crime,2,1380389,2,19.39,2.0,0.0014
South Wales,2025,1,Newport,Violence And Sexual Offences,4,1380389,4,65.8,6.25,0.0029
South Wales,2025,1,North Somerset,Violence And Sexual Offences,1,1380389,1,99.41,10.0,0.0007
South Wales,2025,1,Nottingham,Violence And Sexual Offences,1,1380389,1,10.16,1.0,0.0007
South Wales,2025,1,Pembrokeshire,Vehicle Crime,1,1380389,1,76.46,9.0,0.0007
South Wales,2025,1,Pembrokeshire,Violence And Sexual Offences,1,1380389,1,74.9,6.0,0.0007
South Wales,2025,1,Portsmouth,Public Order,1,1380389,1,0.44,1.0,0.0007
South Wales,2025,1,Powys,Drugs,1,1380389,1,66.86,8.0,0.0007
South Wales,2025,1,Powys,Vehicle Crime,1,1380389,1,60.54,8.0,0.0007
South Wales,2025,1,Powys,Violence And Sexual Offences,8,1380389,5,41.96,5.5,0.0058
South Wales,2025,1,Preston,Violence And Sexual Offences,1,1380389,1,2.44,1.0,0.0007
South Wales,2025,1,Rhondda Cynon Taf,Bicycle Theft,8,1380389,7,35.74,4.0,0.0058
South Wales,2025,1,Rhondda Cynon Taf,Burglary,150,1380389,79,35.92,4.49,0.1087
South Wales,2025,1,Rhondda Cynon Taf,Criminal Damage And Arson,378,1380389,123,31.48,3.86,0.2738
South Wales,2025,1,Rhondda Cynon Taf,Drugs,250,1380389,95,34.1,4.16,0.1811
South Wales,2025,1,Rhondda Cynon Taf,Other Crime,206,1380389,100,28.82,3.66,0.1492
South Wales,2025,1,Rhondda Cynon Taf,Other Theft,256,1380389,111,36.6,4.41,0.1855
South Wales,2025,1,Rhondda Cynon Taf,Possession Of Weapons,42,1380389,33,43.44,5.21,0.0304
South Wales,2025,1,Rhondda Cynon Taf,Public Order,600,1380389,135,33.46,4.08,0.4347
South Wales,2025,1,Rhondda Cynon Taf,Robbery,11,1380389,11,29.0,3.91,0.008
South Wales,2025,1,Rhondda Cynon Taf,Shoplifting,279,1380389,51,41.69,4.72,0.2021
South Wales,2025,1,Rhondda Cynon Taf,Theft From The Person,13,1380389,12,34.92,4.54,0.0094
South Wales,2025,1,Rhondda Cynon Taf,Vehicle Crime,139,1380389,87,37.7,4.6,0.1007
South Wales,2025,1,Rhondda Cynon Taf,Violence And Sexual Offences,2309,1380389,152,33.26,4.04,1.6727
South Wales,2025,1,Sandwell,Other Crime,1,1380389,1,71.57,7.0,0.0007
South Wales,2025,1,Sheffield,Violence And Sexual Offences,1,1380389,1,33.41,7.0,0.0007
South Wales,2025,1,South Hams,Violence And Sexual Offences,1,1380389,1,29.92,3.0,0.0007
South Wales,2025,1,Stoke-on-Trent,Violence And Sexual Offences,1,1380389,1,19.35,2.0,0.0007
South Wales,2025,1,Swansea,Bicycle Theft,32,1380389,25,32.66,3.88,0.0232
South Wales,2025,1,Swansea,Burglary,120,1380389,67,42.21,4.68,0.0869
South Wales,2025,1,Swansea,Criminal Damage And Arson,416,1380389,115,35.58,3.93,0.3014
South Wales,2025,1,Swansea,Drugs,365,1380389,97,29.46,3.44,0.2644
South Wales,2025,1,Swansea,Other Crime,148,1380389,72,33.56,3.85,0.1072
South Wales,2025,1,Swansea,Other Theft,283,1380389,101,40.28,4.52,0.205
South Wales,2025,1,Swansea,Possession Of Weapons,65,1380389,45,34.35,3.95,0.0471
South Wales,2025,1,Swansea,Public Order,566,1380389,131,35.81,4.01,0.41
South Wales,2025,1,Swansea,Robbery,16,1380389,14,33.07,4.12,0.0116
South Wales,2025,1,Swansea,Shoplifting,542,1380389,54,32.21,3.63,0.3926
South Wales,2025,1,Swansea,Theft From The Person,25,1380389,18,27.58,3.28,0.0181
South Wales,2025,1,Swansea,Vehicle Crime,272,1380389,110,44.59,4.91,0.197
South Wales,2025,1,Swansea,Violence And Sexual Offences,2139,1380389,150,35.51,3.96,1.5496
South Wales,2025,1,Torfaen,Violence And Sexual Offences,2,1380389,2,19.08,2.0,0.0014
South Wales,2025,1,Vale of Glamorgan,Bicycle Theft,8,1380389,6,51.94,5.0,0.0058
South Wales,2025,1,Vale of Glamorgan,Burglary,66,1380389,39,57.59,6.06,0.0478
South Wales,2025,1,Vale of Glamorgan,Criminal Damage And Arson,238,1380389,64,45.87,4.77,0.1724
South Wales,2025,1,Vale of Glamorgan,Drugs,148,1380389,50,39.42,4.13,0.1072
South Wales,2025,1,Vale of Glamorgan,Other Crime,73,1380389,42,56.49,5.67,0.0529
South Wales,2025,1,Vale of Glamorgan,Other Theft,119,1380389,56,56.71,5.87,0.0862
South Wales,2025,1,Vale of Glamorgan,Possession Of Weapons,29,1380389,24,42.43,4.38,0.021
South Wales,2025,1,Vale of Glamorgan,Public Order,241,1380389,63,48.53,5.07,0.1746
South Wales,2025,1,Vale of Glamorgan,Robbery,7,1380389,6,41.59,4.14,0.0051
South Wales,2025,1,Vale of Glamorgan,Shoplifting,237,1380389,29,51.41,5.35,0.1717
South Wales,2025,1,Vale of Glamorgan,Theft From The Person,8,1380389,6,32.54,4.0,0.0058
South Wales,2025,1,Vale of Glamorgan,Vehicle Crime,152,1380389,49,46.28,4.77,0.1101
South Wales,2025,1,Vale of Glamorgan,Violence And Sexual Offences,881,1380389,81,50.41,5.21,0.6382
South Wales,2025,1,West Northamptonshire,Violence And Sexual Offences,1,1380389,1,75.06,7.0,0.0007
South Wales,2025,1,Wigan,Violence And Sexual Offences,2,1380389,2,6.61,1.0,0.0014
South Wales,2025,2,Bath and North East Somerset,Violence And Sexual Offences,1,1380389,1,95.15,10.0,0.0007
South Wales,2025,2,Blaenau Gwent,Public Order,1,1380389,1,25.21,4.0,0.0007
South Wales,2025,2,Blaenau Gwent,Violence And Sexual Offences,5,1380389,4,47.19,5.0,0.0036
South Wales,2025,2,Bracknell Forest,Violence And Sexual Offences,1,1380389,1,52.64,5.0,0.0007
South Wales,2025,2,Bridgend,Bicycle Theft,12,1380389,9,48.34,5.0,0.0087
South Wales,2025,2,Bridgend,Burglary,59,1380389,39,37.45,4.19,0.0427
South Wales,2025,2,Bridgend,Criminal Damage And Arson,257,1380389,71,41.23,4.53,0.1862
South Wales,2025,2,Bridgend,Drugs,111,1380389,46,43.55,4.86,0.0804
South Wales,2025,2,Bridgend,Other Crime,86,1380389,42,45.44,5.08,0.0623
South Wales,2025,2,Bridgend,Other Theft,173,1380389,72,47.32,5.08,0.1253
South Wales,2025,2,Bridgend,Possession Of Weapons,28,1380389,19,40.85,4.54,0.0203
South Wales,2025,2,Bridgend,Public Order,368,1380389,81,42.17,4.57,0.2666
South Wales,2025,2,Bridgend,Robbery,10,1380389,9,31.73,4.0,0.0072
South Wales,2025,2,Bridgend,Shoplifting,240,1380389,34,42.29,4.69,0.1739
South Wales,2025,2,Bridgend,Theft From The Person,16,1380389,8,36.03,4.12,0.0116
South Wales,2025,2,Bridgend,Vehicle Crime,112,1380389,48,45.24,4.75,0.0811
South Wales,2025,2,Bridgend,Violence And Sexual Offences,1273,1380389,91,43.83,4.77,0.9222
South Wales,2025,2,Brighton and Hove,Violence And Sexual Offences,1,1380389,1,44.52,6.0,0.0007
South Wales,2025,2,Caerphilly,Drugs,2,1380389,2,50.13,5.5,0.0014
South Wales,2025,2,Caerphilly,Other Crime,2,1380389,1,55.43,5.0,0.0014
South Wales,2025,2,Caerphilly,Possession Of Weapons,2,1380389,1,63.47,7.0,0.0014
South Wales,2025,2,Caerphilly,Public Order,2,1380389,2,14.9,2.5,0.0014
South Wales,2025,2,Caerphilly,Theft From The Person,1,1380389,1,10.65,2.0,0.0007
South Wales,2025,2,Caerphilly,Vehicle Crime,1,1380389,1,10.65,2.0,0.0007
South Wales,2025,2,Caerphilly,Violence And Sexual Offences,9,1380389,8,48.64,5.22,0.0065
South Wales,2025,2,Cardiff,Bicycle Theft,206,1380389,86,51.39,6.44,0.1492
South Wales,2025,2,Cardiff,Burglary,341,1380389,133,45.4,5.38,0.247
South Wales,2025,2,Cardiff,Criminal Damage And Arson,820,1380389,184,35.39,4.31,0.594
South Wales,2025,2,Cardiff,Drugs,324,1380389,115,32.35,4.37,0.2347
South Wales,2025,2,Cardiff,Other Crime,225,1380389,113,36.79,4.68,0.163
South Wales,2025,2,Cardiff,Other Theft,592,1380389,166,43.22,5.42,0.4289
South Wales,2025,2,Cardiff,Possession Of Weapons,102,1380389,51,34.94,4.61,0.0739
South Wales,2025,2,Cardiff,Public Order,1179,1380389,188,38.98,4.81,0.8541
South Wales,2025,2,Cardiff,Robbery,159,1380389,70,46.99,6.05,0.1152
South Wales,2025,2,Cardiff,Shoplifting,1307,1380389,93,51.25,6.46,0.9468
South Wales,2025,2,Cardiff,Theft From The Person,114,1380389,45,44.77,6.45,0.0826
South Wales,2025,2,Cardiff,Vehicle Crime,534,1380389,178,48.71,5.68,0.3868
South Wales,2025,2,Cardiff,Violence And Sexual Offences,3370,1380389,215,39.11,4.96,2.4413
South Wales,2025,2,Carmarthenshire,Drugs,1,1380389,1,58.56,7.0,0.0007
South Wales,2025,2,Carmarthenshire,Other Crime,1,1380389,1,25.57,3.0,0.0007
South Wales,2025,2,Carmarthenshire,Vehicle Crime,1,1380389,1,74.48,8.0,0.0007
South Wales,2025,2,Carmarthenshire,Violence And Sexual Offences,3,1380389,3,51.29,5.33,0.0022
South Wales,2025,2,County Durham,Violence And Sexual Offences,1,1380389,1,18.21,3.0,0.0007
South Wales,2025,2,Flintshire,Violence And Sexual Offences,1,1380389,1,55.11,5.0,0.0007
South Wales,2025,2,Gwynedd,Violence And Sexual Offences,1,1380389,1,38.57,6.0,0.0007
South Wales,2025,2,Merthyr Tydfil,Bicycle Theft,2,1380389,2,16.96,2.5,0.0014
South Wales,2025,2,Merthyr Tydfil,Burglary,41,1380389,20,18.12,2.51,0.0297
South Wales,2025,2,Merthyr Tydfil,Criminal Damage And Arson,133,1380389,33,27.64,3.62,0.0963
South Wales,2025,2,Merthyr Tydfil,Drugs,44,1380389,19,31.28,3.84,0.0319
South Wales,2025,2,Merthyr Tydfil,Other Crime,48,1380389,26,34.54,4.08,0.0348
South Wales,2025,2,Merthyr Tydfil,Other Theft,103,1380389,32,29.72,3.74,0.0746
South Wales,2025,2,Merthyr Tydfil,Possession Of Weapons,14,1380389,11,27.94,3.5,0.0101
South Wales,2025,2,Merthyr Tydfil,Public Order,166,1380389,34,26.59,3.45,0.1203
South Wales,2025,2,Merthyr Tydfil,Robbery,10,1380389,7,18.78,2.7,0.0072
South Wales,2025,2,Merthyr Tydfil,Shoplifting,176,1380389,13,28.86,3.69,0.1275
South Wales,2025,2,Merthyr Tydfil,Theft From The Person,9,1380389,6,18.61,2.56,0.0065
South Wales,2025,2,Merthyr Tydfil,Vehicle Crime,69,1380389,32,30.15,3.88,0.05
South Wales,2025,2,Merthyr Tydfil,Violence And Sexual Offences,612,1380389,36,25.75,3.33,0.4434
South Wales,2025,2,Monmouthshire,Other Crime,1,1380389,1,79.54,9.0,0.0007
South Wales,2025,2,Monmouthshire,Violence And Sexual Offences,2,1380389,2,53.91,6.5,0.0014
South Wales,2025,2,Neath Port Talbot,Bicycle Theft,19,1380389,16,33.33,4.11,0.0138
South Wales,2025,2,Neath Port Talbot,Burglary,62,1380389,40,30.47,3.95,0.0449
South Wales,2025,2,Neath Port Talbot,Criminal Damage And Arson,239,1380389,77,29.64,3.84,0.1731
South Wales,2025,2,Neath Port Talbot,Drugs,75,1380389,34,28.45,3.76,0.0543
South Wales,2025,2,Neath Port Talbot,Other Crime,80,1380389,52,31.28,3.96,0.058
South Wales,2025,2,Neath Port Talbot,Other Theft,172,1380389,61,34.79,4.39,0.1246
South Wales,2025,2,Neath Port Talbot,Possession Of Weapons,12,1380389,10,20.98,2.67,0.0087
South Wales,2025,2,Neath Port Talbot,Public Order,413,1380389,83,28.13,3.59,0.2992
South Wales,2025,2,Neath Port Talbot,Robbery,8,1380389,6,27.47,3.12,0.0058
South Wales,2025,2,Neath Port Talbot,Shoplifting,153,1380389,25,32.81,4.2,0.1108
South Wales,2025,2,Neath Port Talbot,Theft From The Person,13,1380389,12,25.24,3.23,0.0094
South Wales,2025,2,Neath Port Talbot,Vehicle Crime,92,1380389,57,31.54,4.04,0.0666
South Wales,2025,2,Neath Port Talbot,Violence And Sexual Offences,1338,1380389,89,27.88,3.58,0.9693
South Wales,2025,2,Newport,Other Crime,1,1380389,1,78.08,8.0,0.0007
South Wales,2025,2,Newport,Public Order,1,1380389,1,92.17,10.0,0.0007
South Wales,2025,2,Newport,Violence And Sexual Offences,4,1380389,3,72.87,7.75,0.0029
South Wales,2025,2,North Somerset,Violence And Sexual Offences,1,1380389,1,66.34,10.0,0.0007
South Wales,2025,2,Pembrokeshire,Violence And Sexual Offences,1,1380389,1,18.48,2.0,0.0007
South Wales,2025,2,Powys,Other Crime,1,1380389,1,30.64,4.0,0.0007
South Wales,2025,2,Powys,Violence And Sexual Offences,1,1380389,1,30.64,4.0,0.0007
South Wales,2025,2,Rhondda Cynon Taf,Bicycle Theft,16,1380389,14,39.77,4.75,0.0116
South Wales,2025,2,Rhondda Cynon Taf,Burglary,139,1380389,78,37.28,4.52,0.1007
South Wales,2025,2,Rhondda Cynon Taf,Criminal Damage And Arson,394,1380389,132,34.69,4.19,0.2854
South Wales,2025,2,Rhondda Cynon Taf,Drugs,155,1380389,84,38.04,4.65,0.1123
South Wales,2025,2,Rhondda Cynon Taf,Other Crime,160,1380389,88,34.57,4.18,0.1159
South Wales,2025,2,Rhondda Cynon Taf,Other Theft,266,1380389,108,38.58,4.56,0.1927
South Wales,2025,2,Rhondda Cynon Taf,Possession Of Weapons,48,1380389,38,36.81,4.42,0.0348
South Wales,2025,2,Rhondda Cynon Taf,Public Order,704,1380389,142,34.44,4.17,0.51
South Wales,2025,2,Rhondda Cynon Taf,Robbery,19,1380389,16,38.41,4.84,0.0138
South Wales,2025,2,Rhondda Cynon Taf,Shoplifting,270,1380389,56,44.86,5.14,0.1956
South Wales,2025,2,Rhondda Cynon Taf,Theft From The Person,18,1380389,17,40.09,4.72,0.013
South Wales,2025,2,Rhondda Cynon Taf,Vehicle Crime,212,1380389,92,33.36,4.1,0.1536
South Wales,2025,2,Rhondda Cynon Taf,Violence And Sexual Offences,2384,1380389,152,32.93,4.02,1.727
South Wales,2025,2,Swansea,Bicycle Theft,43,1380389,28,43.99,4.91,0.0312
South Wales,2025,2,Swansea,Burglary,115,1380389,64,41.5,4.77,0.0833
South Wales,2025,2,Swansea,Criminal Damage And Arson,449,1380389,125,35.84,4.02,0.3253
South Wales,2025,2,Swansea,Drugs,252,1380389,70,27.1,3.39,0.1826
South Wales,2025,2,Swansea,Other Crime,154,1380389,78,34.33,3.87,0.1116
South Wales,2025,2,Swansea,Other Theft,304,1380389,110,38.5,4.25,0.2202
South Wales,2025,2,Swansea,Possession Of Weapons,49,1380389,25,29.62,3.61,0.0355
South Wales,2025,2,Swansea,Public Order,697,1380389,133,37.65,4.16,0.5049
South Wales,2025,2,Swansea,Robbery,31,1380389,22,30.36,3.45,0.0225
South Wales,2025,2,Swansea,Shoplifting,599,1380389,54,37.08,4.16,0.4339
South Wales,2025,2,Swansea,Theft From The Person,31,1380389,15,23.04,2.87,0.0225
South Wales,2025,2,Swansea,Vehicle Crime,232,1380389,105,46.8,5.17,0.1681
South Wales,2025,2,Swansea,Violence And Sexual Offences,2208,1380389,149,33.99,3.81,1.5995
South Wales,2025,2,Torfaen,Violence And Sexual Offences,10,1380389,10,39.62,4.1,0.0072
South Wales,2025,2,Vale of Glamorgan,Bicycle Theft,8,1380389,6,65.29,6.62,0.0058
South Wales,2025,2,Vale of Glamorgan,Burglary,81,1380389,50,62.96,6.4,0.0587
South Wales,2025,2,Vale of Glamorgan,Criminal Damage And Arson,216,1380389,74,50.85,5.31,0.1565
South Wales,2025,2,Vale of Glamorgan,Drugs,56,1380389,36,40.73,4.3,0.0406
South Wales,2025,2,Vale of Glamorgan,Other Crime,68,1380389,33,48.4,5.1,0.0493
South Wales,2025,2,Vale of Glamorgan,Other Theft,133,1380389,59,56.15,6.06,0.0963
South Wales,2025,2,Vale of Glamorgan,Possession Of Weapons,19,1380389,15,61.47,6.05,0.0138
South Wales,2025,2,Vale of Glamorgan,Public Order,280,1380389,75,49.47,5.21,0.2028
South Wales,2025,2,Vale of Glamorgan,Robbery,18,1380389,16,44.51,4.39,0.013
South Wales,2025,2,Vale of Glamorgan,Shoplifting,236,1380389,26,39.87,4.34,0.171
South Wales,2025,2,Vale of Glamorgan,Theft From The Person,12,1380389,8,47.67,5.42,0.0087
South Wales,2025,2,Vale of Glamorgan,Vehicle Crime,138,1380389,60,59.05,5.96,0.1
South Wales,2025,2,Vale of Glamorgan,Violence And Sexual Offences,938,1380389,82,50.23,5.21,0.6795
South Wales,2025,3,Barnet,Violence And Sexual Offences,1,1380389,1,40.26,3.0,0.0007
South Wales,2025,3,Bath and North East Somerset,Violence And Sexual Offences,1,1380389,1,62.44,6.0,0.0007
South Wales,2025,3,Birmingham,Violence And Sexual Offences,2,1380389,2,28.47,3.5,0.0014
South Wales,2025,3,Blackburn with Darwen,Violence And Sexual Offences,1,1380389,1,26.7,5.0,0.0007
South Wales,2025,3,Blaenau Gwent,Violence And Sexual Offences,3,1380389,3,18.22,2.0,0.0022
South Wales,2025,3,Brent,Violence And Sexual Offences,1,1380389,1,32.93,3.0,0.0007
South Wales,2025,3,Bridgend,Bicycle Theft,4,1380389,4,20.41,2.5,0.0029
South Wales,2025,3,Bridgend,Burglary,66,1380389,42,36.57,4.15,0.0478
South Wales,2025,3,Bridgend,Criminal Damage And Arson,233,1380389,73,39.88,4.39,0.1688
South Wales,2025,3,Bridgend,Drugs,92,1380389,36,39.61,4.39,0.0666
South Wales,2025,3,Bridgend,Other Crime,78,1380389,44,47.91,5.19,0.0565
South Wales,2025,3,Bridgend,Other Theft,127,1380389,56,48.77,5.29,0.092
South Wales,2025,3,Bridgend,Possession Of Weapons,17,1380389,11,41.4,4.59,0.0123
South Wales,2025,3,Bridgend,Public Order,391,1380389,82,44.83,4.82,0.2833
South Wales,2025,3,Bridgend,Robbery,15,1380389,11,32.51,3.47,0.0109
South Wales,2025,3,Bridgend,Shoplifting,227,1380389,31,46.41,5.12,0.1644
South Wales,2025,3,Bridgend,Theft From The Person,10,1380389,8,35.81,4.2,0.0072
South Wales,2025,3,Bridgend,Vehicle Crime,82,1380389,47,43.38,4.89,0.0594
South Wales,2025,3,Bridgend,Violence And Sexual Offences,1266,1380389,90,42.07,4.58,0.9171
South Wales,2025,3,Caerphilly,Bicycle Theft,1,1380389,1,52.56,5.0,0.0007
South Wales,2025,3,Caerphilly,Drugs,1,1380389,1,89.67,10.0,0.0007
South Wales,2025,3,Caerphilly,Public Order,2,1380389,2,12.66,2.0,0.0014
South Wales,2025,3,Caerphilly,Vehicle Crime,1,1380389,1,60.75,7.0,0.0007
South Wales,2025,3,Caerphilly,Violence And Sexual Offences,10,1380389,9,57.07,6.1,0.0072
South Wales,2025,3,Cardiff,Bicycle Theft,204,1380389,68,44.71,6.35,0.1478
South Wales,2025,3,Cardiff,Burglary,326,1380389,125,43.88,5.4,0.2362
South Wales,2025,3,Cardiff,Criminal Damage And Arson,768,1380389,185,37.7,4.51,0.5564
South Wales,2025,3,Cardiff,Drugs,259,1380389,105,36.07,4.81,0.1876
South Wales,2025,3,Cardiff,Other Crime,187,1380389,97,39.2,4.54,0.1355
South Wales,2025,3,Cardiff,Other Theft,562,1380389,154,44.61,5.57,0.4071
South Wales,2025,3,Cardiff,Possession Of Weapons,106,1380389,57,36.92,4.78,0.0768
South Wales,2025,3,Cardiff,Public Order,1107,1380389,186,39.29,4.86,0.8019
South Wales,2025,3,Cardiff,Robbery,147,1380389,65,36.68,5.07,0.1065
South Wales,2025,3,Cardiff,Shoplifting,1297,1380389,97,48.7,6.02,0.9396
South Wales,2025,3,Cardiff,Theft From The Person,88,1380389,41,39.81,5.86,0.0638
South Wales,2025,3,Cardiff,Vehicle Crime,744,1380389,169,46.94,5.73,0.539
South Wales,2025,3,Cardiff,Violence And Sexual Offences,3137,1380389,212,38.25,4.83,2.2725
South Wales,2025,3,Carmarthenshire,Criminal Damage And Arson,1,1380389,1,32.41,3.0,0.0007
South Wales,2025,3,Carmarthenshire,Drugs,1,1380389,1,67.12,7.0,0.0007
South Wales,2025,3,Carmarthenshire,Other Crime,2,1380389,2,73.46,8.0,0.0014
South Wales,2025,3,Carmarthenshire,Public Order,1,1380389,1,39.98,6.0,0.0007
South Wales,2025,3,Carmarthenshire,Violence And Sexual Offences,3,1380389,3,35.77,4.0,0.0022
South Wales,2025,3,Ceredigion,Other Crime,1,1380389,1,39.93,7.0,0.0007
South Wales,2025,3,Cheltenham,Violence And Sexual Offences,1,1380389,1,48.8,8.0,0.0007
South Wales,2025,3,Elmbridge,Violence And Sexual Offences,1,1380389,1,89.92,9.0,0.0007
South Wales,2025,3,Haringey,Violence And Sexual Offences,1,1380389,1,9.94,1.0,0.0007
South Wales,2025,3,Hillingdon,Violence And Sexual Offences,1,1380389,1,86.61,8.0,0.0007
South Wales,2025,3,Hounslow,Violence And Sexual Offences,1,1380389,1,33.96,2.0,0.0007
South Wales,2025,3,Merthyr Tydfil,Bicycle Theft,1,1380389,1,36.74,5.0,0.0007
South Wales,2025,3,Merthyr Tydfil,Burglary,49,1380389,21,21.0,2.86,0.0355
South Wales,2025,3,Merthyr Tydfil,Criminal Damage And Arson,154,1380389,35,25.73,3.32,0.1116
South Wales,2025,3,Merthyr Tydfil,Drugs,49,1380389,22,28.48,3.45,0.0355
South Wales,2025,3,Merthyr Tydfil,Other Crime,51,1380389,24,28.49,3.55,0.0369
South Wales,2025,3,Merthyr Tydfil,Other Theft,70,1380389,24,26.8,3.43,0.0507
South Wales,2025,3,Merthyr Tydfil,Possession Of Weapons,14,1380389,10,19.67,2.86,0.0101
South Wales,2025,3,Merthyr Tydfil,Public Order,164,1380389,32,24.6,3.2,0.1188
South Wales,2025,3,Merthyr Tydfil,Robbery,11,1380389,9,28.24,3.55,0.008
South Wales,2025,3,Merthyr Tydfil,Shoplifting,142,1380389,15,29.6,3.77,0.1029
South Wales,2025,3,Merthyr Tydfil,Theft From The Person,8,1380389,6,14.23,2.38,0.0058
South Wales,2025,3,Merthyr Tydfil,Vehicle Crime,91,1380389,32,28.95,3.74,0.0659
South Wales,2025,3,Merthyr Tydfil,Violence And Sexual Offences,594,1380389,36,24.32,3.2,0.4303
South Wales,2025,3,Monmouthshire,Violence And Sexual Offences,1,1380389,1,94.99,10.0,0.0007
South Wales,2025,3,Neath Port Talbot,Bicycle Theft,9,1380389,7,32.01,4.56,0.0065
South Wales,2025,3,Neath Port Talbot,Burglary,56,1380389,33,37.89,4.43,0.0406
South Wales,2025,3,Neath Port Talbot,Criminal Damage And Arson,216,1380389,73,26.54,3.44,0.1565
South Wales,2025,3,Neath Port Talbot,Drugs,65,1380389,31,20.23,2.83,0.0471
South Wales,2025,3,Neath Port Talbot,Other Crime,64,1380389,42,33.39,4.08,0.0464
South Wales,2025,3,Neath Port Talbot,Other Theft,130,1380389,64,31.29,4.09,0.0942
South Wales,2025,3,Neath Port Talbot,Possession Of Weapons,22,1380389,18,21.19,2.95,0.0159
South Wales,2025,3,Neath Port Talbot,Public Order,359,1380389,83,27.58,3.58,0.2601
South Wales,2025,3,Neath Port Talbot,Robbery,6,1380389,6,34.15,3.83,0.0043
South Wales,2025,3,Neath Port Talbot,Shoplifting,136,1380389,26,28.48,3.79,0.0985
South Wales,2025,3,Neath Port Talbot,Theft From The Person,10,1380389,10,28.59,3.4,0.0072
South Wales,2025,3,Neath Port Talbot,Vehicle Crime,75,1380389,44,31.18,4.08,0.0543
South Wales,2025,3,Neath Port Talbot,Violence And Sexual Offences,1263,1380389,90,27.6,3.58,0.915
South Wales,2025,3,Newport,Other Crime,1,1380389,1,6.78,1.0,0.0007
South Wales,2025,3,Newport,Violence And Sexual Offences,6,1380389,4,46.71,5.33,0.0043
South Wales,2025,3,North Somerset,Drugs,2,1380389,2,55.79,5.0,0.0014
South Wales,2025,3,North Somerset,Violence And Sexual Offences,1,1380389,1,0.92,1.0,0.0007
South Wales,2025,3,Pembrokeshire,Violence And Sexual Offences,2,1380389,2,41.18,4.0,0.0014
South Wales,2025,3,Powys,Other Crime,1,1380389,1,30.64,4.0,0.0007
South Wales,2025,3,Powys,Violence And Sexual Offences,3,1380389,3,52.57,6.0,0.0022
South Wales,2025,3,Reading,Other Crime,1,1380389,1,57.57,7.0,0.0007
South Wales,2025,3,Reading,Violence And Sexual Offences,1,1380389,1,21.04,2.0,0.0007
South Wales,2025,3,Rhondda Cynon Taf,Bicycle Theft,11,1380389,10,41.73,5.09,0.008
South Wales,2025,3,Rhondda Cynon Taf,Burglary,129,1380389,72,37.93,4.61,0.0935
South Wales,2025,3,Rhondda Cynon Taf,Criminal Damage And Arson,446,1380389,129,31.9,3.99,0.3231
South Wales,2025,3,Rhondda Cynon Taf,Drugs,129,1380389,74,32.34,4.03,0.0935
South Wales,2025,3,Rhondda Cynon Taf,Other Crime,139,1380389,80,32.73,3.99,0.1007
South Wales,2025,3,Rhondda Cynon Taf,Other Theft,250,1380389,114,38.45,4.57,0.1811
South Wales,2025,3,Rhondda Cynon Taf,Possession Of Weapons,43,1380389,32,28.15,3.53,0.0312
South Wales,2025,3,Rhondda Cynon Taf,Public Order,682,1380389,140,35.39,4.25,0.4941
South Wales,2025,3,Rhondda Cynon Taf,Robbery,27,1380389,20,44.36,5.19,0.0196
South Wales,2025,3,Rhondda Cynon Taf,Shoplifting,248,1380389,48,43.36,5.02,0.1797
South Wales,2025,3,Rhondda Cynon Taf,Theft From The Person,33,1380389,31,34.97,4.24,0.0239
South Wales,2025,3,Rhondda Cynon Taf,Vehicle Crime,188,1380389,96,35.69,4.26,0.1362
South Wales,2025,3,Rhondda Cynon Taf,Violence And Sexual Offences,2374,1380389,153,33.4,4.08,1.7198
South Wales,2025,3,Shropshire,Violence And Sexual Offences,1,1380389,1,94.9,10.0,0.0007
South Wales,2025,3,South Norfolk,Public Order,1,1380389,1,69.14,9.0,0.0007
South Wales,2025,3,Swansea,Bicycle Theft,36,1380389,25,45.3,4.97,0.0261
South Wales,2025,3,Swansea,Burglary,96,1380389,56,40.28,4.38,0.0695
South Wales,2025,3,Swansea,Criminal Damage And Arson,392,1380389,116,33.6,3.78,0.284
South Wales,2025,3,Swansea,Drugs,197,1380389,61,25.86,3.1,0.1427
South Wales,2025,3,Swansea,Other Crime,162,1380389,75,33.62,3.71,0.1174
South Wales,2025,3,Swansea,Other Theft,261,1380389,100,38.74,4.32,0.1891
South Wales,2025,3,Swansea,Possession Of Weapons,59,1380389,37,30.55,3.51,0.0427
South Wales,2025,3,Swansea,Public Order,632,1380389,122,35.35,3.99,0.4578
South Wales,2025,3,Swansea,Robbery,26,1380389,19,32.02,3.92,0.0188
South Wales,2025,3,Swansea,Shoplifting,381,1380389,51,36.59,4.24,0.276
South Wales,2025,3,Swansea,Theft From The Person,44,1380389,23,28.36,3.41,0.0319
South Wales,2025,3,Swansea,Vehicle Crime,166,1380389,92,48.37,5.27,0.1203
South Wales,2025,3,Swansea,Violence And Sexual Offences,2032,1380389,150,35.99,4.0,1.472
South Wales,2025,3,Torfaen,Other Theft,1,1380389,1,66.28,6.0,0.0007
South Wales,2025,3,Torfaen,Public Order,1,1380389,1,64.56,7.0,0.0007
South Wales,2025,3,Torfaen,Violence And Sexual Offences,6,1380389,4,27.81,3.0,0.0043
South Wales,2025,3,Vale of Glamorgan,Bicycle Theft,10,1380389,9,41.58,4.0,0.0072
South Wales,2025,3,Vale of Glamorgan,Burglary,73,1380389,43,67.43,7.14,0.0529
South Wales,2025,3,Vale of Glamorgan,Criminal Damage And Arson,224,1380389,67,52.95,5.57,0.1623
South Wales,2025,3,Vale of Glamorgan,Drugs,51,1380389,29,45.48,4.78,0.0369
South Wales,2025,3,Vale of Glamorgan,Other Crime,60,1380389,40,55.26,5.62,0.0435
South Wales,2025,3,Vale of Glamorgan,Other Theft,124,1380389,60,52.61,5.61,0.0898
South Wales,2025,3,Vale of Glamorgan,Possession Of Weapons,16,1380389,16,44.12,4.69,0.0116
South Wales,2025,3,Vale of Glamorgan,Public Order,269,1380389,75,51.32,5.34,0.1949
South Wales,2025,3,Vale of Glamorgan,Robbery,20,1380389,16,32.54,3.7,0.0145
South Wales,2025,3,Vale of Glamorgan,Shoplifting,250,1380389,31,47.22,5.16,0.1811
South Wales,2025,3,Vale of Glamorgan,Theft From The Person,9,1380389,7,35.39,3.44,0.0065
South Wales,2025,3,Vale of Glamorgan,Vehicle Crime,98,1380389,53,56.71,5.71,0.071
South Wales,2025,3,Vale of Glamorgan,Violence And Sexual Offences,898,1380389,79,51.22,5.26,0.6505
South Wales,2025,3,Wakefield,Violence And Sexual Offences,1,1380389,1,16.93,3.0,0.0007
South Wales,2025,3,West Berkshire,Violence And Sexual Offences,1,1380389,1,65.11,5.0,0.0007
South Wales,2025,3,Woking,Violence And Sexual Offences,1,1380389,1,71.11,7.0,0.0007
South Wales,2025,4,Bath and North East Somerset,Other Crime,1,1380389,1,93.03,10.0,0.0007
South Wales,2025,4,Bath and North East Somerset,Violence And Sexual Offences,5,1380389,1,93.03,10.0,0.0036
South Wales,2025,4,Blaenau Gwent,Violence And Sexual Offences,1,1380389,1,5.69,1.0,0.0007
South Wales,2025,4,Bradford,Violence And Sexual Offences,1,1380389,1,2.58,1.0,0.0007
South Wales,2025,4,Bridgend,Bicycle Theft,9,1380389,7,50.07,5.0,0.0065
South Wales,2025,4,Bridgend,Burglary,63,1380389,36,41.81,4.59,0.0456
South Wales,2025,4,Bridgend,Criminal Damage And Arson,242,1380389,75,40.74,4.44,0.1753
South Wales,2025,4,Bridgend,Drugs,71,1380389,33,50.19,5.54,0.0514
South Wales,2025,4,Bridgend,Other Crime,93,1380389,49,45.68,4.94,0.0674
South Wales,2025,4,Bridgend,Other Theft,128,1380389,67,45.19,4.88,0.0927
South Wales,2025,4,Bridgend,Possession Of Weapons,25,1380389,21,44.52,4.88,0.0181
South Wales,2025,4,Bridgend,Public Order,332,1380389,80,45.43,4.91,0.2405
South Wales,2025,4,Bridgend,Robbery,20,1380389,13,51.59,5.65,0.0145
South Wales,2025,4,Bridgend,Shoplifting,265,1380389,35,45.44,5.02,0.192
South Wales,2025,4,Bridgend,Theft From The Person,13,1380389,10,39.16,4.69,0.0094
South Wales,2025,4,Bridgend,Vehicle Crime,87,1380389,45,47.24,5.11,0.063
South Wales,2025,4,Bridgend,Violence And Sexual Offences,1355,1380389,91,43.13,4.68,0.9816
South Wales,2025,4,Caerphilly,Burglary,1,1380389,1,89.67,10.0,0.0007
South Wales,2025,4,Caerphilly,Criminal Damage And Arson,3,1380389,3,31.28,4.0,0.0022
South Wales,2025,4,Caerphilly,Drugs,3,1380389,3,20.79,3.0,0.0022
South Wales,2025,4,Caerphilly,Other Crime,1,1380389,1,11.48,2.0,0.0007
South Wales,2025,4,Caerphilly,Other Theft,1,1380389,1,38.41,4.0,0.0007
South Wales,2025,4,Caerphilly,Public Order,2,1380389,2,55.04,5.5,0.0014
South Wales,2025,4,Caerphilly,Shoplifting,1,1380389,1,85.7,8.0,0.0007
South Wales,2025,4,Caerphilly,Theft From The Person,1,1380389,1,24.37,3.0,0.0007
South Wales,2025,4,Caerphilly,Vehicle Crime,2,1380389,2,15.37,2.5,0.0014
South Wales,2025,4,Caerphilly,Violence And Sexual Offences,9,1380389,8,33.05,4.0,0.0065
South Wales,2025,4,Cardiff,Bicycle Theft,246,1380389,73,47.2,6.86,0.1782
South Wales,2025,4,Cardiff,Burglary,329,1380389,138,45.68,5.5,0.2383
South Wales,2025,4,Cardiff,Criminal Damage And Arson,745,1380389,179,38.16,4.68,0.5397
South Wales,2025,4,Cardiff,Drugs,320,1380389,117,36.63,4.74,0.2318
South Wales,2025,4,Cardiff,Other Crime,214,1380389,111,35.26,4.46,0.155
South Wales,2025,4,Cardiff,Other Theft,595,1380389,171,44.48,5.5,0.431
South Wales,2025,4,Cardiff,Possession Of Weapons,112,1380389,67,41.07,5.41,0.0811
South Wales,2025,4,Cardiff,Public Order,1024,1380389,187,39.53,5.06,0.7418
South Wales,2025,4,Cardiff,Robbery,165,1380389,64,44.1,5.94,0.1195
South Wales,2025,4,Cardiff,Shoplifting,1166,1380389,99,50.85,6.53,0.8447
South Wales,2025,4,Cardiff,Theft From The Person,103,1380389,33,44.6,6.77,0.0746
South Wales,2025,4,Cardiff,Vehicle Crime,831,1380389,167,45.87,5.56,0.602
South Wales,2025,4,Cardiff,Violence And Sexual Offences,3254,1380389,215,38.53,4.98,2.3573
South Wales,2025,4,Carmarthenshire,Criminal Damage And Arson,1,1380389,1,85.96,9.0,0.0007
South Wales,2025,4,Carmarthenshire,Other Crime,1,1380389,1,61.43,6.0,0.0007
South Wales,2025,4,Carmarthenshire,Violence And Sexual Offences,3,1380389,3,50.92,5.33,0.0022
South Wales,2025,4,East Lindsey,Violence And Sexual Offences,1,1380389,1,18.4,4.0,0.0007
South Wales,2025,4,Gwynedd,Other Theft,1,1380389,1,28.44,5.0,0.0007
South Wales,2025,4,Manchester,Violence And Sexual Offences,1,1380389,1,37.7,9.0,0.0007
South Wales,2025,4,Merthyr Tydfil,Bicycle Theft,2,1380389,2,36.95,4.5,0.0014
South Wales,2025,4,Merthyr Tydfil,Burglary,38,1380389,20,27.3,3.63,0.0275
South Wales,2025,4,Merthyr Tydfil,Criminal Damage And Arson,139,1380389,32,24.3,3.17,0.1007
South Wales,2025,4,Merthyr Tydfil,Drugs,48,1380389,20,26.38,3.29,0.0348
South Wales,2025,4,Merthyr Tydfil,Other Crime,55,1380389,27,30.61,3.71,0.0398
South Wales,2025,4,Merthyr Tydfil,Other Theft,82,1380389,24,26.61,3.48,0.0594
South Wales,2025,4,Merthyr Tydfil,Possession Of Weapons,8,1380389,8,23.43,3.25,0.0058
South Wales,2025,4,Merthyr Tydfil,Public Order,160,1380389,32,24.88,3.2,0.1159
South Wales,2025,4,Merthyr Tydfil,Robbery,9,1380389,6,9.35,1.78,0.0065
South Wales,2025,4,Merthyr Tydfil,Shoplifting,128,1380389,13,25.52,3.41,0.0927
South Wales,2025,4,Merthyr Tydfil,Theft From The Person,10,1380389,8,26.85,3.7,0.0072
South Wales,2025,4,Merthyr Tydfil,Vehicle Crime,56,1380389,27,44.26,5.3,0.0406
South Wales,2025,4,Merthyr Tydfil,Violence And Sexual Offences,567,1380389,36,27.22,3.47,0.4108
South Wales,2025,4,Monmouthshire,Drugs,1,1380389,1,72.96,9.0,0.0007
South Wales,2025,4,Monmouthshire,Other Crime,1,1380389,1,77.77,10.0,0.0007
South Wales,2025,4,Monmouthshire,Violence And Sexual Offences,1,1380389,1,45.93,4.0,0.0007
South Wales,2025,4,Neath Port Talbot,Bicycle Theft,3,1380389,3,50.9,6.0,0.0022
South Wales,2025,4,Neath Port Talbot,Burglary,60,1380389,32,44.46,4.73,0.0435
South Wales,2025,4,Neath Port Talbot,Criminal Damage And Arson,219,1380389,75,27.76,3.64,0.1587
South Wales,2025,4,Neath Port Talbot,Drugs,62,1380389,32,29.68,4.03,0.0449
South Wales,2025,4,Neath Port Talbot,Other Crime,76,1380389,51,32.1,3.93,0.0551
South Wales,2025,4,Neath Port Talbot,Other Theft,142,1380389,66,30.94,3.94,0.1029
South Wales,2025,4,Neath Port Talbot,Possession Of Weapons,19,1380389,16,32.74,4.16,0.0138
South Wales,2025,4,Neath Port Talbot,Public Order,319,1380389,84,27.4,3.59,0.2311
South Wales,2025,4,Neath Port Talbot,Robbery,12,1380389,12,22.86,3.08,0.0087
South Wales,2025,4,Neath Port Talbot,Shoplifting,146,1380389,24,25.06,3.6,0.1058
South Wales,2025,4,Neath Port Talbot,Theft From The Person,10,1380389,7,22.09,3.0,0.0072
South Wales,2025,4,Neath Port Talbot,Vehicle Crime,67,1380389,42,30.12,3.88,0.0485
South Wales,2025,4,Neath Port Talbot,Violence And Sexual Offences,1318,1380389,90,27.71,3.56,0.9548
South Wales,2025,4,Newport,Drugs,2,1380389,2,83.82,9.5,0.0014
South Wales,2025,4,Newport,Possession Of Weapons,1,1380389,1,82.31,10.0,0.0007
South Wales,2025,4,Newport,Violence And Sexual Offences,10,1380389,9,54.73,5.9,0.0072
South Wales,2025,4,North Somerset,Drugs,1,1380389,1,63.97,5.0,0.0007
South Wales,2025,4,Pembrokeshire,Violence And Sexual Offences,2,1380389,2,63.7,7.0,0.0014
South Wales,2025,4,Powys,Shoplifting,1,1380389,1,30.64,4.0,0.0007
South Wales,2025,4,Powys,Violence And Sexual Offences,3,1380389,2,41.25,5.33,0.0022
South Wales,2025,4,Rhondda Cynon Taf,Bicycle Theft,5,1380389,5,18.76,3.0,0.0036
South Wales,2025,4,Rhondda Cynon Taf,Burglary,118,1380389,77,40.6,4.73,0.0855
South Wales,2025,4,Rhondda Cynon Taf,Criminal Damage And Arson,367,1380389,124,31.74,3.92,0.2659
South Wales,2025,4,Rhondda Cynon Taf,Drugs,124,1380389,74,38.98,4.7,0.0898
South Wales,2025,4,Rhondda Cynon Taf,Other Crime,139,1380389,88,39.08,4.71,0.1007
South Wales,2025,4,Rhondda Cynon Taf,Other Theft,210,1380389,103,38.01,4.59,0.1521
South Wales,2025,4,Rhondda Cynon Taf,Possession Of Weapons,49,1380389,38,43.15,5.06,0.0355
South Wales,2025,4,Rhondda Cynon Taf,Public Order,568,1380389,138,35.19,4.28,0.4115
South Wales,2025,4,Rhondda Cynon Taf,Robbery,24,1380389,22,32.65,4.08,0.0174
South Wales,2025,4,Rhondda Cynon Taf,Shoplifting,236,1380389,56,41.28,5.03,0.171
South Wales,2025,4,Rhondda Cynon Taf,Theft From The Person,17,1380389,15,29.78,3.71,0.0123
South Wales,2025,4,Rhondda Cynon Taf,Vehicle Crime,204,1380389,104,39.8,4.66,0.1478
South Wales,2025,4,Rhondda Cynon Taf,Violence And Sexual Offences,2348,1380389,153,32.43,4.02,1.701
South Wales,2025,4,South Gloucestershire,Violence And Sexual Offences,1,1380389,1,42.27,5.0,0.0007
South Wales,2025,4,Stoke-on-Trent,Violence And Sexual Offences,1,1380389,1,9.92,1.0,0.0007
South Wales,2025,4,Stroud,Vehicle Crime,1,1380389,1,63.0,9.0,0.0007
South Wales,2025,4,Swansea,Bicycle Theft,35,1380389,18,50.87,5.57,0.0254
South Wales,2025,4,Swansea,Burglary,110,1380389,64,41.28,4.54,0.0797
South Wales,2025,4,Swansea,Criminal Damage And Arson,402,1380389,113,39.69,4.39,0.2912
South Wales,2025,4,Swansea,Drugs,226,1380389,71,30.51,3.64,0.1637
South Wales,2025,4,Swansea,Other Crime,138,1380389,71,37.49,4.17,0.1
South Wales,2025,4,Swansea,Other Theft,255,1380389,96,38.08,4.24,0.1847
South Wales,2025,4,Swansea,Possession Of Weapons,55,1380389,38,29.78,3.6,0.0398
South Wales,2025,4,Swansea,Public Order,507,1380389,126,34.91,3.94,0.3673
South Wales,2025,4,Swansea,Robbery,31,1380389,21,26.22,3.06,0.0225
South Wales,2025,4,Swansea,Shoplifting,462,1380389,50,33.65,3.81,0.3347
South Wales,2025,4,Swansea,Theft From The Person,39,1380389,21,25.58,3.15,0.0283
South Wales,2025,4,Swansea,Vehicle Crime,196,1380389,93,44.79,4.96,0.142
South Wales,2025,4,Swansea,Violence And Sexual Offences,2158,1380389,148,34.49,3.86,1.5633
South Wales,2025,4,Torfaen,Violence And Sexual Offences,2,1380389,2,32.54,3.5,0.0014
South Wales,2025,4,Vale of Glamorgan,Bicycle Theft,12,1380389,9,74.08,7.17,0.0087
South Wales,2025,4,Vale of Glamorgan,Burglary,38,1380389,28,66.45,6.71,0.0275
South Wales,2025,4,Vale of Glamorgan,Criminal Damage And Arson,180,1380389,62,50.56,5.29,0.1304
South Wales,2025,4,Vale of Glamorgan,Drugs,43,1380389,26,44.91,4.86,0.0312
South Wales,2025,4,Vale of Glamorgan,Other Crime,54,1380389,40,56.5,5.59,0.0391
South Wales,2025,4,Vale of Glamorgan,Other Theft,122,1380389,54,51.22,5.34,0.0884
South Wales,2025,4,Vale of Glamorgan,Possession Of Weapons,20,1380389,14,40.46,4.35,0.0145
South Wales,2025,4,Vale of Glamorgan,Public Order,270,1380389,69,49.71,5.11,0.1956
South Wales,2025,4,Vale of Glamorgan,Robbery,17,1380389,13,59.29,6.06,0.0123
South Wales,2025,4,Vale of Glamorgan,Shoplifting,243,1380389,26,44.64,4.81,0.176
South Wales,2025,4,Vale of Glamorgan,Theft From The Person,16,1380389,15,43.58,4.56,0.0116
South Wales,2025,4,Vale of Glamorgan,Vehicle Crime,91,1380389,50,57.12,5.8,0.0659
South Wales,2025,4,Vale of Glamorgan,Violence And Sexual Offences,953,1380389,81,48.12,4.98,0.6904
South Wales,2025,4,Wiltshire,Violence And Sexual Offences,1,1380389,1,97.37,10.0,0.0007
South Wales,2026,1,"Bournemouth, Christchurch and Poole",Violence And Sexual Offences,1,1397425,1,30.04,3.0,0.0007
South Wales,2026,1,Bridgend,Bicycle Theft,2,1397425,2,14.67,2.0,0.0014
South Wales,2026,1,Bridgend,Burglary,18,1397425,16,37.05,4.11,0.0129
South Wales,2026,1,Bridgend,Criminal Damage And Arson,64,1397425,35,41.6,4.52,0.0458
South Wales,2026,1,Bridgend,Drugs,28,1397425,17,46.05,5.07,0.02
South Wales,2026,1,Bridgend,Other Crime,25,1397425,17,51.73,5.64,0.0179
South Wales,2026,1,Bridgend,Other Theft,38,1397425,31,45.68,4.89,0.0272
South Wales,2026,1,Bridgend,Possession Of Weapons,4,1397425,4,64.56,7.0,0.0029
South Wales,2026,1,Bridgend,Public Order,112,1397425,57,49.59,5.16,0.0801
South Wales,2026,1,Bridgend,Robbery,4,1397425,4,28.01,3.25,0.0029
South Wales,2026,1,Bridgend,Shoplifting,83,1397425,22,41.08,4.51,0.0594
South Wales,2026,1,Bridgend,Theft From The Person,3,1397425,3,57.92,5.67,0.0021
South Wales,2026,1,Bridgend,Vehicle Crime,23,1397425,18,41.54,4.74,0.0165
South Wales,2026,1,Bridgend,Violence And Sexual Offences,432,1397425,88,44.14,4.77,0.3091
South Wales,2026,1,Caerphilly,Criminal Damage And Arson,1,1397425,1,60.75,7.0,0.0007
South Wales,2026,1,Caerphilly,Drugs,3,1397425,3,27.4,4.0,0.0021
South Wales,2026,1,Caerphilly,Other Crime,1,1397425,1,43.16,5.0,0.0007
South Wales,2026,1,Caerphilly,Possession Of Weapons,1,1397425,1,11.48,2.0,0.0007
South Wales,2026,1,Caerphilly,Violence And Sexual Offences,8,1397425,8,43.01,4.75,0.0057
South Wales,2026,1,Cardiff,Bicycle Theft,40,1397425,24,43.37,6.38,0.0286
South Wales,2026,1,Cardiff,Burglary,108,1397425,63,41.17,5.3,0.0773
South Wales,2026,1,Cardiff,Criminal Damage And Arson,228,1397425,120,38.32,4.63,0.1632
South Wales,2026,1,Cardiff,Drugs,87,1397425,54,31.84,4.1,0.0623
South Wales,2026,1,Cardiff,Other Crime,76,1397425,49,42.03,5.03,0.0544
South Wales,2026,1,Cardiff,Other Theft,198,1397425,104,44.35,5.61,0.1417
South Wales,2026,1,Cardiff,Possession Of Weapons,33,1397425,25,29.78,4.0,0.0236
South Wales,2026,1,Cardiff,Public Order,299,1397425,113,40.78,5.07,0.214
South Wales,2026,1,Cardiff,Robbery,46,1397425,32,48.63,5.59,0.0329
South Wales,2026,1,Cardiff,Shoplifting,359,1397425,68,51.2,6.52,0.2569
South Wales,2026,1,Cardiff,Theft From The Person,10,1397425,4,40.8,6.6,0.0072
South Wales,2026,1,Cardiff,Vehicle Crime,227,1397425,119,44.24,5.42,0.1624
South Wales,2026,1,Cardiff,Violence And Sexual Offences,986,1397425,193,38.61,4.78,0.7056
South Wales,2026,1,Carmarthenshire,Violence And Sexual Offences,1,1397425,1,50.42,8.0,0.0007
South Wales,2026,1,Cheshire East,Drugs,1,1397425,1,42.95,9.0,0.0007
South Wales,2026,1,Cornwall,Violence And Sexual Offences,1,1397425,1,11.31,2.0,0.0007
South Wales,2026,1,Merthyr Tydfil,Bicycle Theft,1,1397425,1,24.53,5.0,0.0007
South Wales,2026,1,Merthyr Tydfil,Burglary,9,1397425,8,32.67,4.11,0.0064
South Wales,2026,1,Merthyr Tydfil,Criminal Damage And Arson,53,1397425,26,25.54,3.36,0.0379
South Wales,2026,1,Merthyr Tydfil,Drugs,12,1397425,9,25.07,3.25,0.0086
South Wales,2026,1,Merthyr Tydfil,Other Crime,14,1397425,11,40.13,4.43,0.01
South Wales,2026,1,Merthyr Tydfil,Other Theft,28,1397425,18,30.96,3.75,0.02
South Wales,2026,1,Merthyr Tydfil,Possession Of Weapons,7,1397425,6,30.23,3.57,0.005
South Wales,2026,1,Merthyr Tydfil,Public Order,48,1397425,18,27.38,3.4,0.0343
South Wales,2026,1,Merthyr Tydfil,Robbery,3,1397425,3,21.12,3.33,0.0021
South Wales,2026,1,Merthyr Tydfil,Shoplifting,43,1397425,10,28.26,3.63,0.0308
South Wales,2026,1,Merthyr Tydfil,Vehicle Crime,29,1397425,16,46.96,5.45,0.0208
South Wales,2026,1,Merthyr Tydfil,Violence And Sexual Offences,213,1397425,33,27.97,3.51,0.1524
South Wales,2026,1,Neath Port Talbot,Bicycle Theft,1,1397425,1,47.08,6.0,0.0007
South Wales,2026,1,Neath Port Talbot,Burglary,10,1397425,8,31.74,4.0,0.0072
South Wales,2026,1,Neath Port Talbot,Criminal Damage And Arson,69,1397425,47,34.27,4.12,0.0494
South Wales,2026,1,Neath Port Talbot,Drugs,27,1397425,21,22.92,3.04,0.0193
South Wales,2026,1,Neath Port Talbot,Other Crime,27,1397425,20,33.8,4.07,0.0193
South Wales,2026,1,Neath Port Talbot,Other Theft,56,1397425,37,37.13,4.52,0.0401
South Wales,2026,1,Neath Port Talbot,Possession Of Weapons,14,1397425,12,25.29,3.29,0.01
South Wales,2026,1,Neath Port Talbot,Public Order,100,1397425,49,28.8,3.66,0.0716
South Wales,2026,1,Neath Port Talbot,Robbery,5,1397425,5,16.68,2.8,0.0036
South Wales,2026,1,Neath Port Talbot,Shoplifting,36,1397425,16,16.13,2.56,0.0258
South Wales,2026,1,Neath Port Talbot,Vehicle Crime,20,1397425,20,39.97,4.75,0.0143
South Wales,2026,1,Neath Port Talbot,Violence And Sexual Offences,408,1397425,84,29.51,3.68,0.292
South Wales,2026,1,Newport,Drugs,1,1397425,1,86.12,10.0,0.0007
South Wales,2026,1,Newport,Possession Of Weapons,1,1397425,1,78.08,8.0,0.0007
South Wales,2026,1,Newport,Violence And Sexual Offences,3,1397425,3,22.7,2.33,0.0021
South Wales,2026,1,Powys,Drugs,2,1397425,2,52.3,7.5,0.0014
South Wales,2026,1,Powys,Vehicle Crime,1,1397425,1,68.58,8.0,0.0007
South Wales,2026,1,Powys,Violence And Sexual Offences,1,1397425,1,60.54,8.0,0.0007
South Wales,2026,1,Rhondda Cynon Taf,Bicycle Theft,1,1397425,1,17.85,2.0,0.0007
South Wales,2026,1,Rhondda Cynon Taf,Burglary,39,1397425,30,42.21,5.0,0.0279
South Wales,2026,1,Rhondda Cynon Taf,Criminal Damage And Arson,132,1397425,75,28.6,3.73,0.0945
South Wales,2026,1,Rhondda Cynon Taf,Drugs,39,1397425,32,39.83,4.67,0.0279
South Wales,2026,1,Rhondda Cynon Taf,Other Crime,60,1397425,48,31.16,3.77,0.0429
South Wales,2026,1,Rhondda Cynon Taf,Other Theft,84,1397425,57,34.44,4.3,0.0601
South Wales,2026,1,Rhondda Cynon Taf,Possession Of Weapons,17,1397425,16,34.88,4.18,0.0122
South Wales,2026,1,Rhondda Cynon Taf,Public Order,159,1397425,87,33.14,4.05,0.1138
South Wales,2026,1,Rhondda Cynon Taf,Robbery,9,1397425,7,37.94,4.78,0.0064
South Wales,2026,1,Rhondda Cynon Taf,Shoplifting,90,1397425,26,43.96,5.13,0.0644
South Wales,2026,1,Rhondda Cynon Taf,Theft From The Person,2,1397425,2,37.19,5.0,0.0014
South Wales,2026,1,Rhondda Cynon Taf,Vehicle Crime,79,1397425,48,36.02,4.33,0.0565
South Wales,2026,1,Rhondda Cynon Taf,Violence And Sexual Offences,740,1397425,137,33.46,4.07,0.5295
South Wales,2026,1,Swansea,Bicycle Theft,4,1397425,4,11.2,1.75,0.0029
South Wales,2026,1,Swansea,Burglary,36,1397425,26,41.33,4.5,0.0258
South Wales,2026,1,Swansea,Criminal Damage And Arson,148,1397425,82,34.85,3.9,0.1059
South Wales,2026,1,Swansea,Drugs,83,1397425,41,32.92,3.96,0.0594
South Wales,2026,1,Swansea,Other Crime,53,1397425,40,31.48,3.6,0.0379
South Wales,2026,1,Swansea,Other Theft,85,1397425,56,38.51,4.33,0.0608
South Wales,2026,1,Swansea,Possession Of Weapons,23,1397425,19,34.77,4.0,0.0165
South Wales,2026,1,Swansea,Public Order,174,1397425,79,38.14,4.18,0.1245
South Wales,2026,1,Swansea,Robbery,11,1397425,7,14.29,2.0,0.0079
South Wales,2026,1,Swansea,Shoplifting,166,1397425,33,36.81,4.13,0.1188
South Wales,2026,1,Swansea,Theft From The Person,10,1397425,6,11.15,1.5,0.0072
South Wales,2026,1,Swansea,Vehicle Crime,53,1397425,37,43.62,4.83,0.0379
South Wales,2026,1,Swansea,Violence And Sexual Offences,636,1397425,136,36.62,4.05,0.4551
South Wales,2026,1,Torfaen,Violence And Sexual Offences,3,1397425,3,69.0,6.33,0.0021
South Wales,2026,1,Vale of Glamorgan,Bicycle Theft,2,1397425,2,39.04,4.0,0.0014
South Wales,2026,1,Vale of Glamorgan,Burglary,14,1397425,13,56.42,5.79,0.01
South Wales,2026,1,Vale of Glamorgan,Criminal Damage And Arson,59,1397425,39,56.65,5.69,0.0422
South Wales,2026,1,Vale of Glamorgan,Drugs,23,1397425,20,46.23,4.78,0.0165
South Wales,2026,1,Vale of Glamorgan,Other Crime,16,1397425,12,55.81,5.5,0.0114
South Wales,2026,1,Vale of Glamorgan,Other Theft,63,1397425,39,57.42,5.95,0.0451
South Wales,2026,1,Vale of Glamorgan,Possession Of Weapons,5,1397425,5,48.52,5.2,0.0036
South Wales,2026,1,Vale of Glamorgan,Public Order,75,1397425,42,53.53,5.55,0.0537
South Wales,2026,1,Vale of Glamorgan,Robbery,6,1397425,6,47.49,4.83,0.0043
South Wales,2026,1,Vale of Glamorgan,Shoplifting,68,1397425,16,51.54,5.56,0.0487
South Wales,2026,1,Vale of Glamorgan,Theft From The Person,1,1397425,1,81.26,9.0,0.0007
South Wales,2026,1,Vale of Glamorgan,Vehicle Crime,19,1397425,16,61.55,6.42,0.0136
South Wales,2026,1,Vale of Glamorgan,Violence And Sexual Offences,296,1397425,73,48.26,5.02,0.2118
Sussex,2024,1,Adur,Bicycle Theft,5,1759789,5,58.67,5.6,0.0028
Sussex,2024,1,Adur,Burglary,23,1759789,12,46.24,4.48,0.0131
Sussex,2024,1,Adur,Criminal Damage And Arson,82,1759789,34,49.87,5.09,0.0466
Sussex,2024,1,Adur,Drugs,33,1759789,21,50.82,5.21,0.0188
Sussex,2024,1,Adur,Other Crime,24,1759789,18,56.2,5.75,0.0136
Sussex,2024,1,Adur,Other Theft,64,1759789,28,58.91,5.98,0.0364
Sussex,2024,1,Adur,Possession Of Weapons,6,1759789,6,47.58,4.5,0.0034
Sussex,2024,1,Adur,Public Order,58,1759789,27,57.16,5.78,0.033
Sussex,2024,1,Adur,Robbery,3,1759789,3,60.42,6.67,0.0017
Sussex,2024,1,Adur,Shoplifting,213,1759789,13,41.98,4.23,0.121
Sussex,2024,1,Adur,Theft From The Person,4,1759789,4,53.19,5.25,0.0023
Sussex,2024,1,Adur,Vehicle Crime,34,1759789,18,49.59,5.09,0.0193
Sussex,2024,1,Adur,Violence And Sexual Offences,343,1759789,41,54.07,5.49,0.1949
Sussex,2024,1,Arun,Bicycle Theft,23,1759789,17,36.74,4.48,0.0131
Sussex,2024,1,Arun,Burglary,119,1759789,55,42.97,5.18,0.0676
Sussex,2024,1,Arun,Criminal Damage And Arson,346,1759789,83,38.34,4.69,0.1966
Sussex,2024,1,Arun,Drugs,93,1759789,52,38.77,4.62,0.0528
Sussex,2024,1,Arun,Other Crime,65,1759789,44,41.34,5.02,0.0369
Sussex,2024,1,Arun,Other Theft,205,1759789,72,43.68,5.49,0.1165
Sussex,2024,1,Arun,Possession Of Weapons,32,1759789,22,36.56,4.44,0.0182
Sussex,2024,1,Arun,Public Order,235,1759789,69,33.86,4.24,0.1335
Sussex,2024,1,Arun,Robbery,20,1759789,15,30.4,3.85,0.0114
Sussex,2024,1,Arun,Shoplifting,292,1759789,37,34.94,4.71,0.1659
Sussex,2024,1,Arun,Theft From The Person,21,1759789,7,21.07,3.14,0.0119
Sussex,2024,1,Arun,Vehicle Crime,149,1759789,70,41.36,5.03,0.0847
Sussex,2024,1,Arun,Violence And Sexual Offences,1048,1759789,98,38.17,4.59,0.5955
Sussex,2024,1,Ashford,Public Order,1,1759789,1,46.66,5.0,0.0006
Sussex,2024,1,Ashford,Violence And Sexual Offences,1,1759789,1,23.67,4.0,0.0006
Sussex,2024,1,Brighton and Hove,Bicycle Theft,93,1759789,48,42.91,5.48,0.0528
Sussex,2024,1,Brighton and Hove,Burglary,207,1759789,94,33.77,4.52,0.1176
Sussex,2024,1,Brighton and Hove,Criminal Damage And Arson,554,1759789,136,36.71,4.69,0.3148
Sussex,2024,1,Brighton and Hove,Drugs,308,1759789,99,33.92,4.43,0.175
Sussex,2024,1,Brighton and Hove,Other Crime,163,1759789,83,41.02,5.21,0.0926
Sussex,2024,1,Brighton and Hove,Other Theft,590,1759789,123,38.6,5.05,0.3353
Sussex,2024,1,Brighton and Hove,Possession Of Weapons,87,1759789,47,36.28,4.69,0.0494
Sussex,2024,1,Brighton and Hove,Public Order,706,1759789,138,34.15,4.55,0.4012
Sussex,2024,1,Brighton and Hove,Robbery,79,1759789,37,29.62,4.34,0.0449
Sussex,2024,1,Brighton and Hove,Shoplifting,856,1759789,52,33.83,5.11,0.4864
Sussex,2024,1,Brighton and Hove,Theft From The Person,98,1759789,34,30.29,5.01,0.0557
Sussex,2024,1,Brighton and Hove,Vehicle Crime,293,1759789,111,43.07,5.17,0.1665
Sussex,2024,1,Brighton and Hove,Violence And Sexual Offences,2528,1759789,163,35.49,4.57,1.4365
Sussex,2024,1,Chichester,Bicycle Theft,24,1759789,10,54.56,5.54,0.0136
Sussex,2024,1,Chichester,Burglary,133,1759789,48,56.41,6.87,0.0756
Sussex,2024,1,Chichester,Criminal Damage And Arson,206,1759789,65,54.88,6.16,0.1171
Sussex,2024,1,Chichester,Drugs,53,1759789,20,50.95,5.47,0.0301
Sussex,2024,1,Chichester,Other Crime,36,1759789,21,49.15,5.61,0.0205
Sussex,2024,1,Chichester,Other Theft,138,1759789,54,57.03,6.44,0.0784
Sussex,2024,1,Chichester,Possession Of Weapons,21,1759789,13,52.49,5.48,0.0119
Sussex,2024,1,Chichester,Public Order,188,1759789,51,56.3,6.16,0.1068
Sussex,2024,1,Chichester,Robbery,23,1759789,9,59.31,6.26,0.0131
Sussex,2024,1,Chichester,Shoplifting,211,1759789,22,45.04,4.89,0.1199
Sussex,2024,1,Chichester,Theft From The Person,21,1759789,9,57.41,6.57,0.0119
Sussex,2024,1,Chichester,Vehicle Crime,106,1759789,45,55.79,6.7,0.0602
Sussex,2024,1,Chichester,Violence And Sexual Offences,802,1759789,74,53.42,5.75,0.4557
Sussex,2024,1,Crawley,Bicycle Theft,16,1759789,12,39.42,3.94,0.0091
Sussex,2024,1,Crawley,Burglary,144,1759789,48,42.01,4.22,0.0818
Sussex,2024,1,Crawley,Criminal Damage And Arson,260,1759789,59,39.06,4.08,0.1477
Sussex,2024,1,Crawley,Drugs,131,1759789,40,35.56,3.82,0.0744
Sussex,2024,1,Crawley,Other Crime,80,1759789,41,38.87,4.22,0.0455
Sussex,2024,1,Crawley,Other Theft,277,1759789,52,35.44,4.17,0.1574
Sussex,2024,1,Crawley,Possession Of Weapons,200,1759789,30,28.49,3.94,0.1136
Sussex,2024,1,Crawley,Public Order,320,1759789,51,34.53,3.7,0.1818
Sussex,2024,1,Crawley,Robbery,34,1759789,18,32.66,3.38,0.0193
Sussex,2024,1,Crawley,Shoplifting,617,1759789,26,29.77,3.26,0.3506
Sussex,2024,1,Crawley,Theft From The Person,40,1759789,13,32.26,3.78,0.0227
Sussex,2024,1,Crawley,Vehicle Crime,193,1759789,53,46.03,4.87,0.1097
Sussex,2024,1,Crawley,Violence And Sexual Offences,1351,1759789,67,36.45,3.91,0.7677
Sussex,2024,1,East Hampshire,Burglary,2,1759789,1,86.72,10.0,0.0011
Sussex,2024,1,East Hampshire,Other Theft,1,1759789,1,83.71,9.0,0.0006
Sussex,2024,1,East Hampshire,Theft From The Person,1,1759789,1,62.52,6.0,0.0006
Sussex,2024,1,Eastbourne,Bicycle Theft,26,1759789,16,36.61,3.88,0.0148
Sussex,2024,1,Eastbourne,Burglary,133,1759789,43,46.13,4.71,0.0756
Sussex,2024,1,Eastbourne,Criminal Damage And Arson,263,1759789,54,29.11,3.35,0.1494
Sussex,2024,1,Eastbourne,Drugs,95,1759789,31,25.45,3.09,0.054
Sussex,2024,1,Eastbourne,Other Crime,50,1759789,32,35.61,3.82,0.0284
Sussex,2024,1,Eastbourne,Other Theft,146,1759789,46,28.74,3.1,0.083
Sussex,2024,1,Eastbourne,Possession Of Weapons,25,1759789,16,31.2,3.28,0.0142
Sussex,2024,1,Eastbourne,Public Order,231,1759789,48,30.14,3.32,0.1313
Sussex,2024,1,Eastbourne,Robbery,25,1759789,13,18.16,2.24,0.0142
Sussex,2024,1,Eastbourne,Shoplifting,413,1759789,23,35.47,3.71,0.2347
Sussex,2024,1,Eastbourne,Theft From The Person,23,1759789,12,24.53,2.87,0.0131
Sussex,2024,1,Eastbourne,Vehicle Crime,102,1759789,42,37.16,3.92,0.058
Sussex,2024,1,Eastbourne,Violence And Sexual Offences,1007,1759789,60,29.29,3.23,0.5722
Sussex,2024,1,Elmbridge,Other Theft,1,1759789,1,95.05,10.0,0.0006
Sussex,2024,1,Epsom and Ewell,Shoplifting,1,1759789,1,48.11,5.0,0.0006
Sussex,2024,1,Hastings,Bicycle Theft,6,1759789,6,31.84,4.5,0.0034
Sussex,2024,1,Hastings,Burglary,56,1759789,25,12.92,2.64,0.0318
Sussex,2024,1,Hastings,Criminal Damage And Arson,324,1759789,51,16.8,2.84,0.1841
Sussex,2024,1,Hastings,Drugs,88,1759789,35,14.21,2.59,0.05
Sussex,2024,1,Hastings,Other Crime,56,1759789,30,20.89,3.27,0.0318
Sussex,2024,1,Hastings,Other Theft,168,1759789,49,17.92,2.96,0.0955
Sussex,2024,1,Hastings,Possession Of Weapons,26,1759789,18,13.33,2.62,0.0148
Sussex,2024,1,Hastings,Public Order,196,1759789,43,16.21,2.69,0.1114
Sussex,2024,1,Hastings,Robbery,25,1759789,15,8.62,2.08,0.0142
Sussex,2024,1,Hastings,Shoplifting,169,1759789,21,12.22,2.18,0.096
Sussex,2024,1,Hastings,Theft From The Person,17,1759789,9,7.66,1.71,0.0097
Sussex,2024,1,Hastings,Vehicle Crime,151,1759789,43,17.57,2.89,0.0858
Sussex,2024,1,Hastings,Violence And Sexual Offences,1056,1759789,53,17.07,2.84,0.6001
Sussex,2024,1,Havant,Other Crime,1,1759789,1,58.43,8.0,0.0006
Sussex,2024,1,Havant,Other Theft,1,1759789,1,66.46,7.0,0.0006
Sussex,2024,1,Havant,Violence And Sexual Offences,5,1759789,5,43.34,4.8,0.0028
Sussex,2024,1,Hillingdon,Drugs,1,1759789,1,19.63,3.0,0.0006
Sussex,2024,1,Hillingdon,Public Order,1,1759789,1,19.63,3.0,0.0006
Sussex,2024,1,Horsham,Bicycle Theft,9,1759789,6,59.49,5.78,0.0051
Sussex,2024,1,Horsham,Burglary,63,1759789,40,74.56,7.51,0.0358
Sussex,2024,1,Horsham,Criminal Damage And Arson,184,1759789,62,66.86,6.64,0.1046
Sussex,2024,1,Horsham,Drugs,50,1759789,31,70.01,7.02,0.0284
Sussex,2024,1,Horsham,Other Crime,40,1759789,33,72.32,7.12,0.0227
Sussex,2024,1,Horsham,Other Theft,135,1759789,61,65.47,6.84,0.0767
Sussex,2024,1,Horsham,Possession Of Weapons,18,1759789,12,59.09,6.67,0.0102
Sussex,2024,1,Horsham,Public Order,158,1759789,62,64.64,6.51,0.0898
Sussex,2024,1,Horsham,Robbery,5,1759789,4,52.17,5.8,0.0028
Sussex,2024,1,Horsham,Shoplifting,213,1759789,28,67.59,6.64,0.121
Sussex,2024,1,Horsham,Theft From The Person,15,1759789,8,48.39,5.13,0.0085
Sussex,2024,1,Horsham,Vehicle Crime,141,1759789,63,74.4,7.4,0.0801
Sussex,2024,1,Horsham,Violence And Sexual Offences,716,1759789,88,67.39,6.74,0.4069
Sussex,2024,1,Kingston upon Thames,Vehicle Crime,1,1759789,1,51.45,3.0,0.0006
Sussex,2024,1,Lewes,Bicycle Theft,7,1759789,5,56.87,6.0,0.004
Sussex,2024,1,Lewes,Burglary,56,1759789,30,54.27,5.66,0.0318
Sussex,2024,1,Lewes,Criminal Damage And Arson,132,1759789,47,48.82,5.16,0.075
Sussex,2024,1,Lewes,Drugs,46,1759789,30,53.45,5.78,0.0261
Sussex,2024,1,Lewes,Other Crime,66,1759789,24,47.39,5.98,0.0375
Sussex,2024,1,Lewes,Other Theft,93,1759789,42,47.75,5.18,0.0528
Sussex,2024,1,Lewes,Possession Of Weapons,19,1759789,15,52.94,5.89,0.0108
Sussex,2024,1,Lewes,Public Order,144,1759789,48,47.62,4.95,0.0818
Sussex,2024,1,Lewes,Robbery,1,1759789,1,69.23,7.0,0.0006
Sussex,2024,1,Lewes,Shoplifting,198,1759789,15,38.75,4.3,0.1125
Sussex,2024,1,Lewes,Theft From The Person,9,1759789,7,49.38,4.67,0.0051
Sussex,2024,1,Lewes,Vehicle Crime,43,1759789,29,52.6,5.79,0.0244
Sussex,2024,1,Lewes,Violence And Sexual Offences,556,1759789,61,47.19,4.99,0.3159
Sussex,2024,1,Mid Sussex,Bicycle Theft,20,1759789,15,61.94,5.5,0.0114
Sussex,2024,1,Mid Sussex,Burglary,118,1759789,52,69.12,7.14,0.0671
Sussex,2024,1,Mid Sussex,Criminal Damage And Arson,235,1759789,72,72.28,7.16,0.1335
Sussex,2024,1,Mid Sussex,Drugs,31,1759789,27,70.78,6.84,0.0176
Sussex,2024,1,Mid Sussex,Other Crime,54,1759789,42,69.21,6.8,0.0307
Sussex,2024,1,Mid Sussex,Other Theft,179,1759789,70,75.89,7.72,0.1017
Sussex,2024,1,Mid Sussex,Possession Of Weapons,27,1759789,22,76.52,7.52,0.0153
Sussex,2024,1,Mid Sussex,Public Order,187,1759789,65,70.73,7.01,0.1063
Sussex,2024,1,Mid Sussex,Robbery,14,1759789,10,66.33,5.64,0.008
Sussex,2024,1,Mid Sussex,Shoplifting,233,1759789,26,76.72,7.13,0.1324
Sussex,2024,1,Mid Sussex,Theft From The Person,15,1759789,7,75.98,7.53,0.0085
Sussex,2024,1,Mid Sussex,Vehicle Crime,108,1759789,54,71.68,7.06,0.0614
Sussex,2024,1,Mid Sussex,Violence And Sexual Offences,828,1759789,91,72.19,7.07,0.4705
Sussex,2024,1,Mole Valley,Criminal Damage And Arson,2,1759789,1,56.74,8.0,0.0011
Sussex,2024,1,Mole Valley,Other Crime,1,1759789,1,56.74,8.0,0.0006
Sussex,2024,1,Mole Valley,Public Order,1,1759789,1,53.99,6.0,0.0006
Sussex,2024,1,Mole Valley,Vehicle Crime,1,1759789,1,56.74,8.0,0.0006
Sussex,2024,1,Mole Valley,Violence And Sexual Offences,6,1759789,3,59.4,6.83,0.0034
Sussex,2024,1,Portsmouth,Drugs,1,1759789,1,5.35,1.0,0.0006
Sussex,2024,1,Portsmouth,Other Crime,1,1759789,1,12.77,5.0,0.0006
Sussex,2024,1,Portsmouth,Violence And Sexual Offences,1,1759789,1,26.23,3.0,0.0006
Sussex,2024,1,Reigate and Banstead,Criminal Damage And Arson,2,1759789,2,51.58,5.5,0.0011
Sussex,2024,1,Reigate and Banstead,Drugs,2,1759789,2,62.77,6.0,0.0011
Sussex,2024,1,Reigate and Banstead,Other Theft,1,1759789,1,98.96,10.0,0.0006
Sussex,2024,1,Reigate and Banstead,Public Order,1,1759789,1,65.74,8.0,0.0006
Sussex,2024,1,Reigate and Banstead,Violence And Sexual Offences,8,1759789,6,41.23,4.12,0.0045
Sussex,2024,1,Richmond upon Thames,Violence And Sexual Offences,1,1759789,1,74.11,6.0,0.0006
Sussex,2024,1,Rother,Bicycle Theft,1,1759789,1,63.48,7.0,0.0006
Sussex,2024,1,Rother,Burglary,71,1759789,38,43.3,5.52,0.0403
Sussex,2024,1,Rother,Criminal Damage And Arson,195,1759789,48,33.91,4.44,0.1108
Sussex,2024,1,Rother,Drugs,17,1759789,13,33.24,4.88,0.0097
Sussex,2024,1,Rother,Other Crime,25,1759789,18,39.24,5.08,0.0142
Sussex,2024,1,Rother,Other Theft,87,1759789,36,34.48,4.91,0.0494
Sussex,2024,1,Rother,Possession Of Weapons,21,1759789,18,48.97,6.1,0.0119
Sussex,2024,1,Rother,Public Order,149,1759789,45,34.73,4.77,0.0847
Sussex,2024,1,Rother,Robbery,8,1759789,6,36.49,4.38,0.0045
Sussex,2024,1,Rother,Shoplifting,145,1759789,16,24.08,3.27,0.0824
Sussex,2024,1,Rother,Theft From The Person,3,1759789,3,38.39,4.67,0.0017
Sussex,2024,1,Rother,Vehicle Crime,84,1759789,40,41.56,5.31,0.0477
Sussex,2024,1,Rother,Violence And Sexual Offences,574,1759789,57,37.43,4.9,0.3262
Sussex,2024,1,Runnymede,Other Crime,1,1759789,1,75.08,7.0,0.0006
Sussex,2024,1,Runnymede,Violence And Sexual Offences,1,1759789,1,52.15,5.0,0.0006
Sussex,2024,1,Sevenoaks,Violence And Sexual Offences,1,1759789,1,72.84,10.0,0.0006
Sussex,2024,1,Surrey Heath,Violence And Sexual Offences,1,1759789,1,44.11,5.0,0.0006
Sussex,2024,1,Tandridge,Criminal Damage And Arson,3,1759789,3,64.75,7.67,0.0017
Sussex,2024,1,Tandridge,Other Crime,1,1759789,1,45.22,6.0,0.0006
Sussex,2024,1,Tandridge,Other Theft,2,1759789,1,73.25,8.0,0.0011
Sussex,2024,1,Tandridge,Shoplifting,1,1759789,1,73.25,8.0,0.0006
Sussex,2024,1,Tandridge,Vehicle Crime,1,1759789,1,41.48,6.0,0.0006
Sussex,2024,1,Tandridge,Violence And Sexual Offences,6,1759789,4,51.58,6.33,0.0034
Sussex,2024,1,Tunbridge Wells,Burglary,1,1759789,1,79.44,7.0,0.0006
Sussex,2024,1,Tunbridge Wells,Other Theft,1,1759789,1,79.44,7.0,0.0006
Sussex,2024,1,Tunbridge Wells,Violence And Sexual Offences,2,1759789,2,70.07,9.0,0.0011
Sussex,2024,1,Waverley,Vehicle Crime,1,1759789,1,40.87,5.0,0.0006
Sussex,2024,1,Waverley,Violence And Sexual Offences,2,1759789,2,71.34,8.0,0.0011
Sussex,2024,1,Wealden,Bicycle Theft,9,1759789,6,50.16,5.33,0.0051
Sussex,2024,1,Wealden,Burglary,82,1759789,47,63.65,6.6,0.0466
Sussex,2024,1,Wealden,Criminal Damage And Arson,161,1759789,70,59.47,6.34,0.0915
Sussex,2024,1,Wealden,Drugs,43,1759789,27,61.63,6.16,0.0244
Sussex,2024,1,Wealden,Other Crime,48,1759789,37,67.14,6.96,0.0273
Sussex,2024,1,Wealden,Other Theft,158,1759789,73,63.47,6.98,0.0898
Sussex,2024,1,Wealden,Possession Of Weapons,32,1759789,24,58.05,5.81,0.0182
Sussex,2024,1,Wealden,Public Order,119,1759789,59,58.55,6.14,0.0676
Sussex,2024,1,Wealden,Robbery,5,1759789,5,70.05,8.0,0.0028
Sussex,2024,1,Wealden,Shoplifting,125,1759789,22,56.35,5.66,0.071
Sussex,2024,1,Wealden,Theft From The Person,7,1759789,5,59.33,6.86,0.004
Sussex,2024,1,Wealden,Vehicle Crime,94,1759789,55,62.13,6.78,0.0534
Sussex,2024,1,Wealden,Violence And Sexual Offences,645,1759789,98,61.36,6.53,0.3665
Sussex,2024,1,Windsor and Maidenhead,Vehicle Crime,1,1759789,1,90.59,10.0,0.0006
Sussex,2024,1,Worthing,Bicycle Theft,23,1759789,14,45.53,4.83,0.0131
Sussex,2024,1,Worthing,Burglary,48,1759789,29,49.3,5.42,0.0273
Sussex,2024,1,Worthing,Criminal Damage And Arson,204,1759789,59,49.84,5.28,0.1159
Sussex,2024,1,Worthing,Drugs,87,1759789,33,49.31,5.14,0.0494
Sussex,2024,1,Worthing,Other Crime,35,1759789,22,41.88,4.43,0.0199
Sussex,2024,1,Worthing,Other Theft,128,1759789,50,47.06,5.1,0.0727
Sussex,2024,1,Worthing,Possession Of Weapons,35,1759789,26,50.43,5.29,0.0199
Sussex,2024,1,Worthing,Public Order,191,1759789,49,43.4,4.73,0.1085
Sussex,2024,1,Worthing,Robbery,19,1759789,14,42.04,4.63,0.0108
Sussex,2024,1,Worthing,Shoplifting,631,1759789,27,46.31,5.12,0.3586
Sussex,2024,1,Worthing,Theft From The Person,20,1759789,13,40.16,4.65,0.0114
Sussex,2024,1,Worthing,Vehicle Crime,86,1759789,38,54.83,5.58,0.0489
Sussex,2024,1,Worthing,Violence And Sexual Offences,886,1759789,67,47.61,5.04,0.5035
Sussex,2024,2,Adur,Bicycle Theft,5,1759789,4,47.14,4.6,0.0028
Sussex,2024,2,Adur,Burglary,42,1759789,17,49.35,5.24,0.0239
Sussex,2024,2,Adur,Criminal Damage And Arson,140,1759789,38,54.1,5.44,0.0796
Sussex,2024,2,Adur,Drugs,20,1759789,12,50.32,5.05,0.0114
Sussex,2024,2,Adur,Other Crime,29,1759789,20,57.94,5.76,0.0165
Sussex,2024,2,Adur,Other Theft,101,1759789,35,57.67,5.85,0.0574
Sussex,2024,2,Adur,Possession Of Weapons,13,1759789,9,50.7,5.0,0.0074
Sussex,2024,2,Adur,Public Order,84,1759789,31,52.4,5.37,0.0477
Sussex,2024,2,Adur,Robbery,5,1759789,4,33.58,3.4,0.0028
Sussex,2024,2,Adur,Shoplifting,218,1759789,13,45.6,4.64,0.1239
Sussex,2024,2,Adur,Theft From The Person,2,1759789,2,76.56,7.5,0.0011
Sussex,2024,2,Adur,Vehicle Crime,42,1759789,23,56.05,5.64,0.0239
Sussex,2024,2,Adur,Violence And Sexual Offences,412,1759789,41,52.01,5.26,0.2341
Sussex,2024,2,Arun,Bicycle Theft,19,1759789,14,37.07,4.37,0.0108
Sussex,2024,2,Arun,Burglary,117,1759789,52,39.63,4.86,0.0665
Sussex,2024,2,Arun,Criminal Damage And Arson,325,1759789,80,37.3,4.58,0.1847
Sussex,2024,2,Arun,Drugs,97,1759789,50,37.35,4.61,0.0551
Sussex,2024,2,Arun,Other Crime,70,1759789,45,43.38,5.1,0.0398
Sussex,2024,2,Arun,Other Theft,241,1759789,75,42.05,5.39,0.1369
Sussex,2024,2,Arun,Possession Of Weapons,61,1759789,43,40.42,4.98,0.0347
Sussex,2024,2,Arun,Public Order,311,1759789,84,37.21,4.52,0.1767
Sussex,2024,2,Arun,Robbery,26,1759789,19,40.3,4.92,0.0148
Sussex,2024,2,Arun,Shoplifting,454,1759789,40,35.27,4.57,0.258
Sussex,2024,2,Arun,Theft From The Person,19,1759789,13,26.37,3.58,0.0108
Sussex,2024,2,Arun,Vehicle Crime,176,1759789,71,45.6,5.49,0.1
Sussex,2024,2,Arun,Violence And Sexual Offences,1196,1759789,94,37.55,4.57,0.6796
Sussex,2024,2,Ashford,Drugs,1,1759789,1,16.67,3.0,0.0006
Sussex,2024,2,Ashford,Other Crime,1,1759789,1,29.27,6.0,0.0006
Sussex,2024,2,Ashford,Other Theft,1,1759789,1,34.7,7.0,0.0006
Sussex,2024,2,Ashford,Violence And Sexual Offences,2,1759789,2,44.4,5.0,0.0011
Sussex,2024,2,Brighton and Hove,Bicycle Theft,182,1759789,61,35.9,4.87,0.1034
Sussex,2024,2,Brighton and Hove,Burglary,263,1759789,97,37.56,4.82,0.1494
Sussex,2024,2,Brighton and Hove,Criminal Damage And Arson,584,1759789,133,38.34,4.65,0.3319
Sussex,2024,2,Brighton and Hove,Drugs,297,1759789,93,33.24,4.44,0.1688
Sussex,2024,2,Brighton and Hove,Other Crime,159,1759789,84,35.53,4.67,0.0904
Sussex,2024,2,Brighton and Hove,Other Theft,672,1759789,139,37.79,4.89,0.3819
Sussex,2024,2,Brighton and Hove,Possession Of Weapons,131,1759789,71,36.79,4.7,0.0744
Sussex,2024,2,Brighton and Hove,Public Order,776,1759789,142,34.18,4.52,0.441
Sussex,2024,2,Brighton and Hove,Robbery,65,1759789,26,30.4,4.83,0.0369
Sussex,2024,2,Brighton and Hove,Shoplifting,1029,1759789,55,34.67,5.0,0.5847
Sussex,2024,2,Brighton and Hove,Theft From The Person,136,1759789,41,32.63,5.2,0.0773
Sussex,2024,2,Brighton and Hove,Vehicle Crime,349,1759789,115,45.51,5.4,0.1983
Sussex,2024,2,Brighton and Hove,Violence And Sexual Offences,2566,1759789,161,34.81,4.49,1.4581
Sussex,2024,2,Chichester,Bicycle Theft,16,1759789,9,56.48,6.19,0.0091
Sussex,2024,2,Chichester,Burglary,83,1759789,40,61.19,7.07,0.0472
Sussex,2024,2,Chichester,Criminal Damage And Arson,188,1759789,56,55.38,6.16,0.1068
Sussex,2024,2,Chichester,Drugs,42,1759789,24,59.07,6.43,0.0239
Sussex,2024,2,Chichester,Other Crime,63,1759789,32,48.29,5.52,0.0358
Sussex,2024,2,Chichester,Other Theft,184,1759789,59,56.44,6.32,0.1046
Sussex,2024,2,Chichester,Possession Of Weapons,22,1759789,16,39.34,3.82,0.0125
Sussex,2024,2,Chichester,Public Order,190,1759789,52,53.9,5.75,0.108
Sussex,2024,2,Chichester,Robbery,11,1759789,5,53.94,6.09,0.0063
Sussex,2024,2,Chichester,Shoplifting,241,1759789,28,45.72,5.13,0.1369
Sussex,2024,2,Chichester,Theft From The Person,7,1759789,3,61.47,7.14,0.004
Sussex,2024,2,Chichester,Vehicle Crime,138,1759789,52,57.09,6.63,0.0784
Sussex,2024,2,Chichester,Violence And Sexual Offences,730,1759789,73,53.63,5.78,0.4148
Sussex,2024,2,Crawley,Bicycle Theft,32,1759789,13,30.97,3.5,0.0182
Sussex,2024,2,Crawley,Burglary,87,1759789,39,40.17,4.1,0.0494
Sussex,2024,2,Crawley,Criminal Damage And Arson,246,1759789,57,39.69,4.17,0.1398
Sussex,2024,2,Crawley,Drugs,124,1759789,42,37.35,3.99,0.0705
Sussex,2024,2,Crawley,Other Crime,83,1759789,37,37.19,4.08,0.0472
Sussex,2024,2,Crawley,Other Theft,324,1759789,56,34.26,4.01,0.1841
Sussex,2024,2,Crawley,Possession Of Weapons,193,1759789,27,28.78,3.95,0.1097
Sussex,2024,2,Crawley,Public Order,366,1759789,54,34.91,3.71,0.208
Sussex,2024,2,Crawley,Robbery,40,1759789,18,33.36,3.65,0.0227
Sussex,2024,2,Crawley,Shoplifting,585,1759789,29,30.65,3.49,0.3324
Sussex,2024,2,Crawley,Theft From The Person,42,1759789,14,33.45,3.93,0.0239
Sussex,2024,2,Crawley,Vehicle Crime,150,1759789,50,38.95,4.21,0.0852
Sussex,2024,2,Crawley,Violence And Sexual Offences,1463,1759789,67,36.71,3.95,0.8313
Sussex,2024,2,Croydon,Violence And Sexual Offences,1,1759789,1,56.8,6.0,0.0006
Sussex,2024,2,East Hampshire,Vehicle Crime,1,1759789,1,86.72,10.0,0.0006
Sussex,2024,2,East Hampshire,Violence And Sexual Offences,2,1759789,1,88.05,9.0,0.0011
Sussex,2024,2,Eastbourne,Bicycle Theft,23,1759789,17,38.96,3.74,0.0131
Sussex,2024,2,Eastbourne,Burglary,83,1759789,37,32.75,3.55,0.0472
Sussex,2024,2,Eastbourne,Criminal Damage And Arson,251,1759789,53,30.37,3.33,0.1426
Sussex,2024,2,Eastbourne,Drugs,65,1759789,24,29.55,3.23,0.0369
Sussex,2024,2,Eastbourne,Other Crime,51,1759789,32,29.58,3.29,0.029
Sussex,2024,2,Eastbourne,Other Theft,228,1759789,48,26.44,2.96,0.1296
Sussex,2024,2,Eastbourne,Possession Of Weapons,37,1759789,19,27.2,3.22,0.021
Sussex,2024,2,Eastbourne,Public Order,289,1759789,54,31.08,3.38,0.1642
Sussex,2024,2,Eastbourne,Robbery,23,1759789,13,27.97,3.04,0.0131
Sussex,2024,2,Eastbourne,Shoplifting,553,1759789,28,35.08,3.67,0.3142
Sussex,2024,2,Eastbourne,Theft From The Person,26,1759789,13,19.31,2.35,0.0148
Sussex,2024,2,Eastbourne,Vehicle Crime,133,1759789,50,34.97,3.89,0.0756
Sussex,2024,2,Eastbourne,Violence And Sexual Offences,1087,1759789,60,31.26,3.43,0.6177
Sussex,2024,2,Elmbridge,Other Theft,3,1759789,1,77.13,8.0,0.0017
Sussex,2024,2,Elmbridge,Violence And Sexual Offences,2,1759789,2,65.31,6.0,0.0011
Sussex,2024,2,Epsom and Ewell,Violence And Sexual Offences,3,1759789,2,73.6,6.67,0.0017
Sussex,2024,2,Fareham,Other Crime,1,1759789,1,98.02,9.0,0.0006
Sussex,2024,2,Guildford,Violence And Sexual Offences,1,1759789,1,89.9,7.0,0.0006
Sussex,2024,2,Hastings,Bicycle Theft,6,1759789,5,20.59,3.83,0.0034
Sussex,2024,2,Hastings,Burglary,71,1759789,31,13.79,2.73,0.0403
Sussex,2024,2,Hastings,Criminal Damage And Arson,272,1759789,52,15.24,2.68,0.1546
Sussex,2024,2,Hastings,Drugs,57,1759789,25,14.22,2.4,0.0324
Sussex,2024,2,Hastings,Other Crime,50,1759789,30,16.95,2.92,0.0284
Sussex,2024,2,Hastings,Other Theft,197,1759789,48,15.43,2.75,0.1119
Sussex,2024,2,Hastings,Possession Of Weapons,39,1759789,23,15.24,2.67,0.0222
Sussex,2024,2,Hastings,Public Order,257,1759789,51,15.02,2.71,0.146
Sussex,2024,2,Hastings,Robbery,24,1759789,16,13.4,2.5,0.0136
Sussex,2024,2,Hastings,Shoplifting,160,1759789,20,12.11,2.31,0.0909
Sussex,2024,2,Hastings,Theft From The Person,16,1759789,10,10.83,2.12,0.0091
Sussex,2024,2,Hastings,Vehicle Crime,149,1759789,49,20.14,3.21,0.0847
Sussex,2024,2,Hastings,Violence And Sexual Offences,1109,1759789,53,16.96,2.85,0.6302
Sussex,2024,2,Havant,Criminal Damage And Arson,1,1759789,1,67.7,6.0,0.0006
Sussex,2024,2,Havant,Other Crime,1,1759789,1,53.33,5.0,0.0006
Sussex,2024,2,Havant,Robbery,1,1759789,1,40.77,4.0,0.0006
Sussex,2024,2,Havant,Shoplifting,1,1759789,1,74.1,8.0,0.0006
Sussex,2024,2,Havant,Vehicle Crime,3,1759789,2,69.01,7.33,0.0017
Sussex,2024,2,Havant,Violence And Sexual Offences,2,1759789,2,30.71,3.5,0.0011
Sussex,2024,2,Hillingdon,Other Theft,1,1759789,1,19.63,3.0,0.0006
Sussex,2024,2,Hillingdon,Vehicle Crime,1,1759789,1,19.63,3.0,0.0006
Sussex,2024,2,Horsham,Bicycle Theft,18,1759789,12,67.96,6.89,0.0102
Sussex,2024,2,Horsham,Burglary,86,1759789,48,69.72,7.28,0.0489
Sussex,2024,2,Horsham,Criminal Damage And Arson,220,1759789,69,66.08,6.59,0.125
Sussex,2024,2,Horsham,Drugs,49,1759789,30,64.88,6.84,0.0278
Sussex,2024,2,Horsham,Other Crime,33,1759789,23,66.44,7.36,0.0188
Sussex,2024,2,Horsham,Other Theft,166,1759789,59,67.77,7.06,0.0943
Sussex,2024,2,Horsham,Possession Of Weapons,20,1759789,19,70.46,6.65,0.0114
Sussex,2024,2,Horsham,Public Order,172,1759789,71,67.72,6.87,0.0977
Sussex,2024,2,Horsham,Robbery,8,1759789,8,77.37,7.75,0.0045
Sussex,2024,2,Horsham,Shoplifting,215,1759789,30,61.69,6.01,0.1222
Sussex,2024,2,Horsham,Theft From The Person,15,1759789,8,51.15,5.47,0.0085
Sussex,2024,2,Horsham,Vehicle Crime,141,1759789,64,74.96,7.61,0.0801
Sussex,2024,2,Horsham,Violence And Sexual Offences,750,1759789,88,68.41,6.88,0.4262
Sussex,2024,2,Kingston upon Thames,Violence And Sexual Offences,1,1759789,1,80.52,7.0,0.0006
Sussex,2024,2,Lewes,Bicycle Theft,5,1759789,4,60.7,6.0,0.0028
Sussex,2024,2,Lewes,Burglary,37,1759789,30,53.83,5.68,0.021
Sussex,2024,2,Lewes,Criminal Damage And Arson,161,1759789,51,48.72,5.24,0.0915
Sussex,2024,2,Lewes,Drugs,36,1759789,17,50.47,5.28,0.0205
Sussex,2024,2,Lewes,Other Crime,72,1759789,26,48.44,5.81,0.0409
Sussex,2024,2,Lewes,Other Theft,105,1759789,44,49.85,5.25,0.0597
Sussex,2024,2,Lewes,Possession Of Weapons,21,1759789,15,48.6,4.9,0.0119
Sussex,2024,2,Lewes,Public Order,164,1759789,47,49.1,5.26,0.0932
Sussex,2024,2,Lewes,Robbery,6,1759789,6,49.67,5.33,0.0034
Sussex,2024,2,Lewes,Shoplifting,208,1759789,19,38.96,4.27,0.1182
Sussex,2024,2,Lewes,Theft From The Person,7,1759789,5,53.16,5.86,0.004
Sussex,2024,2,Lewes,Vehicle Crime,60,1759789,35,53.58,5.62,0.0341
Sussex,2024,2,Lewes,Violence And Sexual Offences,606,1759789,62,45.89,4.94,0.3444
Sussex,2024,2,Mid Sussex,Bicycle Theft,24,1759789,15,78.37,7.5,0.0136
Sussex,2024,2,Mid Sussex,Burglary,124,1759789,59,74.17,7.7,0.0705
Sussex,2024,2,Mid Sussex,Criminal Damage And Arson,253,1759789,79,72.49,7.07,0.1438
Sussex,2024,2,Mid Sussex,Drugs,61,1759789,36,75.2,7.21,0.0347
Sussex,2024,2,Mid Sussex,Other Crime,52,1759789,34,75.87,7.65,0.0295
Sussex,2024,2,Mid Sussex,Other Theft,169,1759789,65,75.16,7.62,0.096
Sussex,2024,2,Mid Sussex,Possession Of Weapons,27,1759789,24,71.38,7.3,0.0153
Sussex,2024,2,Mid Sussex,Public Order,186,1759789,64,71.64,6.84,0.1057
Sussex,2024,2,Mid Sussex,Robbery,12,1759789,9,62.13,6.0,0.0068
Sussex,2024,2,Mid Sussex,Shoplifting,220,1759789,32,76.59,7.56,0.125
Sussex,2024,2,Mid Sussex,Theft From The Person,14,1759789,13,71.72,6.71,0.008
Sussex,2024,2,Mid Sussex,Vehicle Crime,103,1759789,51,73.9,7.28,0.0585
Sussex,2024,2,Mid Sussex,Violence And Sexual Offences,795,1759789,90,72.86,6.99,0.4518
Sussex,2024,2,Mole Valley,Burglary,1,1759789,1,56.74,8.0,0.0006
Sussex,2024,2,Mole Valley,Criminal Damage And Arson,1,1759789,1,56.74,8.0,0.0006
Sussex,2024,2,Mole Valley,Other Theft,1,1759789,1,56.74,8.0,0.0006
Sussex,2024,2,Mole Valley,Vehicle Crime,1,1759789,1,56.74,8.0,0.0006
Sussex,2024,2,Mole Valley,Violence And Sexual Offences,2,1759789,2,55.56,6.5,0.0011
Sussex,2024,2,Portsmouth,Drugs,1,1759789,1,5.35,1.0,0.0006
Sussex,2024,2,Portsmouth,Theft From The Person,1,1759789,1,14.72,2.0,0.0006
Sussex,2024,2,Portsmouth,Violence And Sexual Offences,2,1759789,2,25.62,5.0,0.0011
Sussex,2024,2,Reigate and Banstead,Burglary,2,1759789,2,52.75,5.5,0.0011
Sussex,2024,2,Reigate and Banstead,Criminal Damage And Arson,1,1759789,1,23.94,3.0,0.0006
Sussex,2024,2,Reigate and Banstead,Other Theft,1,1759789,1,97.08,10.0,0.0006
Sussex,2024,2,Reigate and Banstead,Public Order,1,1759789,1,51.49,5.0,0.0006
Sussex,2024,2,Reigate and Banstead,Shoplifting,1,1759789,1,88.28,8.0,0.0006
Sussex,2024,2,Reigate and Banstead,Violence And Sexual Offences,5,1759789,5,67.71,7.2,0.0028
Sussex,2024,2,Richmond upon Thames,Criminal Damage And Arson,1,1759789,1,65.16,5.0,0.0006
Sussex,2024,2,Richmond upon Thames,Other Crime,1,1759789,1,45.42,4.0,0.0006
Sussex,2024,2,Rother,Bicycle Theft,1,1759789,1,4.39,1.0,0.0006
Sussex,2024,2,Rother,Burglary,82,1759789,31,40.52,5.45,0.0466
Sussex,2024,2,Rother,Criminal Damage And Arson,213,1759789,51,34.85,4.63,0.121
Sussex,2024,2,Rother,Drugs,25,1759789,17,28.53,4.36,0.0142
Sussex,2024,2,Rother,Other Crime,43,1759789,26,41.05,5.14,0.0244
Sussex,2024,2,Rother,Other Theft,97,1759789,44,38.17,5.1,0.0551
Sussex,2024,2,Rother,Possession Of Weapons,13,1759789,11,42.94,5.15,0.0074
Sussex,2024,2,Rother,Public Order,163,1759789,43,32.23,4.28,0.0926
Sussex,2024,2,Rother,Robbery,7,1759789,6,29.68,4.0,0.004
Sussex,2024,2,Rother,Shoplifting,159,1759789,14,28.86,3.88,0.0904
Sussex,2024,2,Rother,Theft From The Person,10,1759789,8,30.36,3.8,0.0057
Sussex,2024,2,Rother,Vehicle Crime,69,1759789,34,40.49,5.12,0.0392
Sussex,2024,2,Rother,Violence And Sexual Offences,669,1759789,57,34.91,4.77,0.3802
Sussex,2024,2,Runnymede,Criminal Damage And Arson,1,1759789,1,73.47,8.0,0.0006
Sussex,2024,2,Spelthorne,Violence And Sexual Offences,1,1759789,1,30.88,3.0,0.0006
Sussex,2024,2,Surrey Heath,Other Crime,2,1759789,1,82.94,9.0,0.0011
Sussex,2024,2,Sutton,Violence And Sexual Offences,1,1759789,1,58.04,5.0,0.0006
Sussex,2024,2,Tandridge,Other Theft,4,1759789,3,64.2,7.25,0.0023
Sussex,2024,2,Tandridge,Vehicle Crime,2,1759789,2,57.68,7.0,0.0011
Sussex,2024,2,Tandridge,Violence And Sexual Offences,5,1759789,4,76.23,8.0,0.0028
Sussex,2024,2,Tunbridge Wells,Burglary,3,1759789,3,80.04,8.0,0.0017
Sussex,2024,2,Tunbridge Wells,Other Crime,1,1759789,1,61.02,6.0,0.0006
Sussex,2024,2,Tunbridge Wells,Public Order,2,1759789,1,61.02,6.0,0.0011
Sussex,2024,2,Tunbridge Wells,Vehicle Crime,1,1759789,1,51.44,9.0,0.0006
Sussex,2024,2,Tunbridge Wells,Violence And Sexual Offences,3,1759789,3,67.07,9.0,0.0017
Sussex,2024,2,Waverley,Vehicle Crime,2,1759789,2,80.6,7.0,0.0011
Sussex,2024,2,Wealden,Bicycle Theft,9,1759789,7,54.24,5.67,0.0051
Sussex,2024,2,Wealden,Burglary,90,1759789,55,63.27,6.79,0.0511
Sussex,2024,2,Wealden,Criminal Damage And Arson,224,1759789,83,63.22,6.5,0.1273
Sussex,2024,2,Wealden,Drugs,27,1759789,21,63.22,6.63,0.0153
Sussex,2024,2,Wealden,Other Crime,48,1759789,37,62.03,6.5,0.0273
Sussex,2024,2,Wealden,Other Theft,157,1759789,70,64.0,6.69,0.0892
Sussex,2024,2,Wealden,Possession Of Weapons,9,1759789,7,57.97,6.0,0.0051
Sussex,2024,2,Wealden,Public Order,178,1759789,66,59.97,6.31,0.1011
Sussex,2024,2,Wealden,Robbery,9,1759789,9,55.25,6.22,0.0051
Sussex,2024,2,Wealden,Shoplifting,153,1759789,25,59.55,5.84,0.0869
Sussex,2024,2,Wealden,Theft From The Person,11,1759789,7,60.33,6.18,0.0063
Sussex,2024,2,Wealden,Vehicle Crime,108,1759789,61,63.2,6.91,0.0614
Sussex,2024,2,Wealden,Violence And Sexual Offences,701,1759789,97,61.57,6.47,0.3983
Sussex,2024,2,Winchester,Violence And Sexual Offences,1,1759789,1,56.94,8.0,0.0006
Sussex,2024,2,Worthing,Bicycle Theft,26,1759789,18,44.25,4.92,0.0148
Sussex,2024,2,Worthing,Burglary,62,1759789,36,51.14,5.39,0.0352
Sussex,2024,2,Worthing,Criminal Damage And Arson,204,1759789,56,49.16,5.12,0.1159
Sussex,2024,2,Worthing,Drugs,78,1759789,29,41.42,4.51,0.0443
Sussex,2024,2,Worthing,Other Crime,62,1759789,33,50.06,5.16,0.0352
Sussex,2024,2,Worthing,Other Theft,155,1759789,50,48.47,5.18,0.0881
Sussex,2024,2,Worthing,Possession Of Weapons,29,1759789,18,36.43,3.9,0.0165
Sussex,2024,2,Worthing,Public Order,252,1759789,55,44.69,4.77,0.1432
Sussex,2024,2,Worthing,Robbery,20,1759789,10,32.84,4.05,0.0114
Sussex,2024,2,Worthing,Shoplifting,473,1759789,33,49.85,5.52,0.2688
Sussex,2024,2,Worthing,Theft From The Person,22,1759789,12,35.91,4.32,0.0125
Sussex,2024,2,Worthing,Vehicle Crime,94,1759789,40,51.27,5.33,0.0534
Sussex,2024,2,Worthing,Violence And Sexual Offences,886,1759789,65,46.75,4.92,0.5035
Sussex,2024,3,Adur,Bicycle Theft,7,1759789,4,47.29,5.0,0.004
Sussex,2024,3,Adur,Burglary,32,1759789,20,56.32,5.72,0.0182
Sussex,2024,3,Adur,Criminal Damage And Arson,94,1759789,33,52.88,5.38,0.0534
Sussex,2024,3,Adur,Drugs,34,1759789,20,49.53,5.15,0.0193
Sussex,2024,3,Adur,Other Crime,25,1759789,14,56.04,5.84,0.0142
Sussex,2024,3,Adur,Other Theft,66,1759789,35,54.67,5.61,0.0375
Sussex,2024,3,Adur,Possession Of Weapons,13,1759789,10,46.33,4.92,0.0074
Sussex,2024,3,Adur,Public Order,87,1759789,30,49.15,4.97,0.0494
Sussex,2024,3,Adur,Robbery,8,1759789,5,55.94,5.75,0.0045
Sussex,2024,3,Adur,Shoplifting,108,1759789,11,47.83,4.83,0.0614
Sussex,2024,3,Adur,Theft From The Person,1,1759789,1,22.35,2.0,0.0006
Sussex,2024,3,Adur,Vehicle Crime,27,1759789,17,55.9,5.56,0.0153
Sussex,2024,3,Adur,Violence And Sexual Offences,396,1759789,41,52.36,5.3,0.225
Sussex,2024,3,Arun,Bicycle Theft,39,1759789,25,38.29,4.74,0.0222
Sussex,2024,3,Arun,Burglary,128,1759789,58,44.09,5.38,0.0727
Sussex,2024,3,Arun,Criminal Damage And Arson,332,1759789,91,39.51,4.8,0.1887
Sussex,2024,3,Arun,Drugs,60,1759789,28,32.08,4.08,0.0341
Sussex,2024,3,Arun,Other Crime,72,1759789,42,44.81,5.24,0.0409
Sussex,2024,3,Arun,Other Theft,263,1759789,77,43.52,5.51,0.1494
Sussex,2024,3,Arun,Possession Of Weapons,34,1759789,22,30.31,3.88,0.0193
Sussex,2024,3,Arun,Public Order,278,1759789,73,36.07,4.46,0.158
Sussex,2024,3,Arun,Robbery,25,1759789,17,25.22,3.28,0.0142
Sussex,2024,3,Arun,Shoplifting,418,1759789,41,32.93,4.23,0.2375
Sussex,2024,3,Arun,Theft From The Person,16,1759789,12,34.9,4.31,0.0091
Sussex,2024,3,Arun,Vehicle Crime,136,1759789,63,43.28,5.1,0.0773
Sussex,2024,3,Arun,Violence And Sexual Offences,1264,1759789,98,36.95,4.54,0.7183
Sussex,2024,3,Ashford,Criminal Damage And Arson,1,1759789,1,29.27,6.0,0.0006
Sussex,2024,3,Ashford,Violence And Sexual Offences,1,1759789,1,60.19,6.0,0.0006
Sussex,2024,3,Brighton and Hove,Bicycle Theft,177,1759789,63,40.14,5.34,0.1006
Sussex,2024,3,Brighton and Hove,Burglary,285,1759789,106,39.14,4.83,0.162
Sussex,2024,3,Brighton and Hove,Criminal Damage And Arson,588,1759789,144,37.36,4.48,0.3341
Sussex,2024,3,Brighton and Hove,Drugs,344,1759789,101,35.22,4.62,0.1955
Sussex,2024,3,Brighton and Hove,Other Crime,169,1759789,73,35.07,4.63,0.096
Sussex,2024,3,Brighton and Hove,Other Theft,769,1759789,142,36.38,4.89,0.437
Sussex,2024,3,Brighton and Hove,Possession Of Weapons,112,1759789,53,31.09,4.31,0.0636
Sussex,2024,3,Brighton and Hove,Public Order,880,1759789,141,33.88,4.57,0.5001
Sussex,2024,3,Brighton and Hove,Robbery,100,1759789,39,30.24,4.61,0.0568
Sussex,2024,3,Brighton and Hove,Shoplifting,1275,1759789,61,33.52,4.66,0.7245
Sussex,2024,3,Brighton and Hove,Theft From The Person,186,1759789,43,30.59,5.23,0.1057
Sussex,2024,3,Brighton and Hove,Vehicle Crime,367,1759789,126,43.38,5.16,0.2085
Sussex,2024,3,Brighton and Hove,Violence And Sexual Offences,2706,1759789,161,34.61,4.53,1.5377
Sussex,2024,3,Chichester,Bicycle Theft,39,1759789,16,63.72,6.79,0.0222
Sussex,2024,3,Chichester,Burglary,99,1759789,41,60.58,6.72,0.0563
Sussex,2024,3,Chichester,Criminal Damage And Arson,221,1759789,62,53.1,5.94,0.1256
Sussex,2024,3,Chichester,Drugs,43,1759789,27,54.7,5.65,0.0244
Sussex,2024,3,Chichester,Other Crime,46,1759789,30,60.16,6.59,0.0261
Sussex,2024,3,Chichester,Other Theft,170,1759789,55,55.95,6.22,0.0966
Sussex,2024,3,Chichester,Possession Of Weapons,26,1759789,14,51.15,5.69,0.0148
Sussex,2024,3,Chichester,Public Order,197,1759789,56,53.19,5.8,0.1119
Sussex,2024,3,Chichester,Robbery,13,1759789,8,56.28,6.31,0.0074
Sussex,2024,3,Chichester,Shoplifting,247,1759789,24,53.28,5.73,0.1404
Sussex,2024,3,Chichester,Theft From The Person,14,1759789,11,53.47,6.0,0.008
Sussex,2024,3,Chichester,Vehicle Crime,168,1759789,58,54.85,6.7,0.0955
Sussex,2024,3,Chichester,Violence And Sexual Offences,794,1759789,74,52.73,5.77,0.4512
Sussex,2024,3,Crawley,Bicycle Theft,43,1759789,18,35.5,3.81,0.0244
Sussex,2024,3,Crawley,Burglary,86,1759789,38,39.57,4.13,0.0489
Sussex,2024,3,Crawley,Criminal Damage And Arson,235,1759789,61,38.58,3.97,0.1335
Sussex,2024,3,Crawley,Drugs,129,1759789,40,34.78,3.83,0.0733
Sussex,2024,3,Crawley,Other Crime,79,1759789,30,37.04,4.2,0.0449
Sussex,2024,3,Crawley,Other Theft,346,1759789,55,34.28,3.99,0.1966
Sussex,2024,3,Crawley,Possession Of Weapons,174,1759789,35,30.74,4.01,0.0989
Sussex,2024,3,Crawley,Public Order,366,1759789,60,34.57,3.8,0.208
Sussex,2024,3,Crawley,Robbery,35,1759789,20,35.22,3.74,0.0199
Sussex,2024,3,Crawley,Shoplifting,465,1759789,23,32.63,3.63,0.2642
Sussex,2024,3,Crawley,Theft From The Person,61,1759789,16,30.28,3.79,0.0347
Sussex,2024,3,Crawley,Vehicle Crime,144,1759789,54,46.55,4.87,0.0818
Sussex,2024,3,Crawley,Violence And Sexual Offences,1247,1759789,67,36.42,3.91,0.7086
Sussex,2024,3,East Hampshire,Other Theft,1,1759789,1,79.03,7.0,0.0006
Sussex,2024,3,East Hampshire,Vehicle Crime,1,1759789,1,86.72,10.0,0.0006
Sussex,2024,3,East Hampshire,Violence And Sexual Offences,2,1759789,2,70.34,7.5,0.0011
Sussex,2024,3,Eastbourne,Bicycle Theft,37,1759789,16,27.4,2.97,0.021
Sussex,2024,3,Eastbourne,Burglary,85,1759789,38,33.3,3.62,0.0483
Sussex,2024,3,Eastbourne,Criminal Damage And Arson,265,1759789,56,29.39,3.25,0.1506
Sussex,2024,3,Eastbourne,Drugs,97,1759789,26,27.66,3.12,0.0551
Sussex,2024,3,Eastbourne,Other Crime,52,1759789,31,28.99,3.35,0.0295
Sussex,2024,3,Eastbourne,Other Theft,192,1759789,46,28.61,3.26,0.1091
Sussex,2024,3,Eastbourne,Possession Of Weapons,28,1759789,13,22.43,2.64,0.0159
Sussex,2024,3,Eastbourne,Public Order,240,1759789,50,29.31,3.28,0.1364
Sussex,2024,3,Eastbourne,Robbery,21,1759789,15,29.56,3.29,0.0119
Sussex,2024,3,Eastbourne,Shoplifting,664,1759789,24,28.72,3.19,0.3773
Sussex,2024,3,Eastbourne,Theft From The Person,34,1759789,13,30.43,3.32,0.0193
Sussex,2024,3,Eastbourne,Vehicle Crime,118,1759789,46,33.73,3.67,0.0671
Sussex,2024,3,Eastbourne,Violence And Sexual Offences,1070,1759789,60,30.79,3.45,0.608
Sussex,2024,3,Elmbridge,Violence And Sexual Offences,1,1759789,1,74.73,6.0,0.0006
Sussex,2024,3,Hastings,Bicycle Theft,12,1759789,8,13.33,2.67,0.0068
Sussex,2024,3,Hastings,Burglary,55,1759789,24,14.62,2.85,0.0313
Sussex,2024,3,Hastings,Criminal Damage And Arson,265,1759789,50,16.5,2.77,0.1506
Sussex,2024,3,Hastings,Drugs,66,1759789,29,12.72,2.29,0.0375
Sussex,2024,3,Hastings,Other Crime,43,1759789,26,22.13,3.3,0.0244
Sussex,2024,3,Hastings,Other Theft,206,1759789,46,18.15,3.11,0.1171
Sussex,2024,3,Hastings,Possession Of Weapons,45,1759789,24,12.15,2.29,0.0256
Sussex,2024,3,Hastings,Public Order,237,1759789,46,14.6,2.62,0.1347
Sussex,2024,3,Hastings,Robbery,10,1759789,6,8.75,2.0,0.0057
Sussex,2024,3,Hastings,Shoplifting,254,1759789,27,11.52,2.31,0.1443
Sussex,2024,3,Hastings,Theft From The Person,13,1759789,6,11.22,2.46,0.0074
Sussex,2024,3,Hastings,Vehicle Crime,95,1759789,41,19.09,3.07,0.054
Sussex,2024,3,Hastings,Violence And Sexual Offences,1028,1759789,53,18.13,2.97,0.5842
Sussex,2024,3,Havant,Bicycle Theft,1,1759789,1,66.46,7.0,0.0006
Sussex,2024,3,Havant,Other Theft,1,1759789,1,66.46,7.0,0.0006
Sussex,2024,3,Havant,Public Order,1,1759789,1,74.57,6.0,0.0006
Sussex,2024,3,Havant,Violence And Sexual Offences,4,1759789,4,47.54,5.0,0.0023
Sussex,2024,3,Horsham,Bicycle Theft,28,1759789,17,59.77,6.04,0.0159
Sussex,2024,3,Horsham,Burglary,86,1759789,46,72.61,7.62,0.0489
Sussex,2024,3,Horsham,Criminal Damage And Arson,200,1759789,67,70.99,7.36,0.1136
Sussex,2024,3,Horsham,Drugs,40,1759789,23,67.18,6.55,0.0227
Sussex,2024,3,Horsham,Other Crime,36,1759789,28,69.04,6.94,0.0205
Sussex,2024,3,Horsham,Other Theft,131,1759789,56,69.28,6.88,0.0744
Sussex,2024,3,Horsham,Possession Of Weapons,30,1759789,23,68.53,6.87,0.017
Sussex,2024,3,Horsham,Public Order,199,1759789,64,63.48,6.32,0.1131
Sussex,2024,3,Horsham,Robbery,8,1759789,5,69.47,7.88,0.0045
Sussex,2024,3,Horsham,Shoplifting,205,1759789,29,59.75,5.96,0.1165
Sussex,2024,3,Horsham,Theft From The Person,13,1759789,9,61.52,5.92,0.0074
Sussex,2024,3,Horsham,Vehicle Crime,125,1759789,56,74.34,7.18,0.071
Sussex,2024,3,Horsham,Violence And Sexual Offences,622,1759789,85,67.46,6.77,0.3535
Sussex,2024,3,Lewes,Bicycle Theft,12,1759789,8,40.56,4.33,0.0068
Sussex,2024,3,Lewes,Burglary,72,1759789,37,54.57,5.9,0.0409
Sussex,2024,3,Lewes,Criminal Damage And Arson,163,1759789,50,47.87,5.06,0.0926
Sussex,2024,3,Lewes,Drugs,21,1759789,15,45.71,5.0,0.0119
Sussex,2024,3,Lewes,Other Crime,70,1759789,27,51.44,5.96,0.0398
Sussex,2024,3,Lewes,Other Theft,136,1759789,48,50.5,5.26,0.0773
Sussex,2024,3,Lewes,Possession Of Weapons,21,1759789,14,53.21,5.57,0.0119
Sussex,2024,3,Lewes,Public Order,160,1759789,51,44.99,4.8,0.0909
Sussex,2024,3,Lewes,Robbery,4,1759789,4,39.45,4.5,0.0023
Sussex,2024,3,Lewes,Shoplifting,218,1759789,19,42.81,4.39,0.1239
Sussex,2024,3,Lewes,Theft From The Person,10,1759789,8,51.07,5.4,0.0057
Sussex,2024,3,Lewes,Vehicle Crime,65,1759789,35,48.96,5.18,0.0369
Sussex,2024,3,Lewes,Violence And Sexual Offences,599,1759789,62,47.7,5.02,0.3404
Sussex,2024,3,Mid Sussex,Bicycle Theft,19,1759789,14,78.95,7.84,0.0108
Sussex,2024,3,Mid Sussex,Burglary,104,1759789,57,72.29,7.32,0.0591
Sussex,2024,3,Mid Sussex,Criminal Damage And Arson,237,1759789,74,72.4,7.0,0.1347
Sussex,2024,3,Mid Sussex,Drugs,39,1759789,28,66.16,6.33,0.0222
Sussex,2024,3,Mid Sussex,Other Crime,76,1759789,38,67.95,6.62,0.0432
Sussex,2024,3,Mid Sussex,Other Theft,175,1759789,71,75.73,7.6,0.0994
Sussex,2024,3,Mid Sussex,Possession Of Weapons,40,1759789,24,67.17,6.55,0.0227
Sussex,2024,3,Mid Sussex,Public Order,190,1759789,72,71.96,6.9,0.108
Sussex,2024,3,Mid Sussex,Robbery,12,1759789,12,73.8,7.0,0.0068
Sussex,2024,3,Mid Sussex,Shoplifting,171,1759789,33,73.0,7.3,0.0972
Sussex,2024,3,Mid Sussex,Theft From The Person,7,1759789,7,76.61,7.29,0.004
Sussex,2024,3,Mid Sussex,Vehicle Crime,87,1759789,45,75.54,7.54,0.0494
Sussex,2024,3,Mid Sussex,Violence And Sexual Offences,777,1759789,92,72.76,7.07,0.4415
Sussex,2024,3,Mole Valley,Drugs,2,1759789,1,56.74,8.0,0.0011
Sussex,2024,3,Mole Valley,Other Theft,1,1759789,1,56.74,8.0,0.0006
Sussex,2024,3,Mole Valley,Possession Of Weapons,1,1759789,1,56.74,8.0,0.0006
Sussex,2024,3,Mole Valley,Vehicle Crime,1,1759789,1,56.74,8.0,0.0006
Sussex,2024,3,Mole Valley,Violence And Sexual Offences,4,1759789,3,53.27,6.75,0.0023
Sussex,2024,3,Reigate and Banstead,Burglary,1,1759789,1,88.28,8.0,0.0006
Sussex,2024,3,Reigate and Banstead,Drugs,1,1759789,1,68.36,9.0,0.0006
Sussex,2024,3,Reigate and Banstead,Other Crime,2,1759789,1,30.23,3.0,0.0011
Sussex,2024,3,Reigate and Banstead,Other Theft,2,1759789,2,49.75,5.0,0.0011
Sussex,2024,3,Reigate and Banstead,Public Order,2,1759789,2,67.82,7.0,0.0011
Sussex,2024,3,Reigate and Banstead,Shoplifting,1,1759789,1,83.31,8.0,0.0006
Sussex,2024,3,Reigate and Banstead,Violence And Sexual Offences,10,1759789,9,63.03,6.3,0.0057
Sussex,2024,3,Rother,Bicycle Theft,5,1759789,5,33.18,4.2,0.0028
Sussex,2024,3,Rother,Burglary,59,1759789,26,37.95,5.69,0.0335
Sussex,2024,3,Rother,Criminal Damage And Arson,197,1759789,49,32.19,4.58,0.1119
Sussex,2024,3,Rother,Drugs,26,1759789,18,37.6,5.15,0.0148
Sussex,2024,3,Rother,Other Crime,43,1759789,30,34.21,4.72,0.0244
Sussex,2024,3,Rother,Other Theft,102,1759789,47,39.99,5.33,0.058
Sussex,2024,3,Rother,Possession Of Weapons,25,1759789,16,24.92,3.68,0.0142
Sussex,2024,3,Rother,Public Order,176,1759789,46,34.46,4.59,0.1
Sussex,2024,3,Rother,Robbery,9,1759789,8,41.04,5.22,0.0051
Sussex,2024,3,Rother,Shoplifting,296,1759789,15,29.44,3.93,0.1682
Sussex,2024,3,Rother,Theft From The Person,6,1759789,6,46.46,5.67,0.0034
Sussex,2024,3,Rother,Vehicle Crime,51,1759789,30,38.56,5.31,0.029
Sussex,2024,3,Rother,Violence And Sexual Offences,674,1759789,58,33.75,4.55,0.383
Sussex,2024,3,Runnymede,Public Order,1,1759789,1,26.14,3.0,0.0006
Sussex,2024,3,Sevenoaks,Other Theft,1,1759789,1,47.3,8.0,0.0006
Sussex,2024,3,Slough,Drugs,8,1759789,1,59.47,5.0,0.0045
Sussex,2024,3,Spelthorne,Violence And Sexual Offences,2,1759789,2,51.55,5.5,0.0011
Sussex,2024,3,Tandridge,Burglary,1,1759789,1,42.11,6.0,0.0006
Sussex,2024,3,Tandridge,Criminal Damage And Arson,1,1759789,1,32.79,5.0,0.0006
Sussex,2024,3,Tandridge,Other Theft,4,1759789,2,68.2,7.75,0.0023
Sussex,2024,3,Tandridge,Public Order,1,1759789,1,42.11,6.0,0.0006
Sussex,2024,3,Tandridge,Theft From The Person,1,1759789,1,73.25,8.0,0.0006
Sussex,2024,3,Tandridge,Vehicle Crime,1,1759789,1,73.25,8.0,0.0006
Sussex,2024,3,Tandridge,Violence And Sexual Offences,1,1759789,1,42.11,6.0,0.0006
Sussex,2024,3,Tonbridge and Malling,Violence And Sexual Offences,1,1759789,1,49.67,5.0,0.0006
Sussex,2024,3,Tunbridge Wells,Vehicle Crime,1,1759789,1,87.12,8.0,0.0006
Sussex,2024,3,Tunbridge Wells,Violence And Sexual Offences,4,1759789,4,45.94,6.25,0.0023
Sussex,2024,3,Wealden,Bicycle Theft,8,1759789,8,60.01,6.5,0.0045
Sussex,2024,3,Wealden,Burglary,79,1759789,49,65.04,7.01,0.0449
Sussex,2024,3,Wealden,Criminal Damage And Arson,209,1759789,80,61.85,6.46,0.1188
Sussex,2024,3,Wealden,Drugs,28,1759789,21,57.07,6.0,0.0159
Sussex,2024,3,Wealden,Other Crime,46,1759789,33,59.62,6.37,0.0261
Sussex,2024,3,Wealden,Other Theft,129,1759789,68,64.84,6.81,0.0733
Sussex,2024,3,Wealden,Possession Of Weapons,13,1759789,11,55.58,5.92,0.0074
Sussex,2024,3,Wealden,Public Order,158,1759789,69,58.91,6.28,0.0898
Sussex,2024,3,Wealden,Robbery,6,1759789,5,58.17,6.33,0.0034
Sussex,2024,3,Wealden,Shoplifting,141,1759789,27,57.9,5.84,0.0801
Sussex,2024,3,Wealden,Theft From The Person,8,1759789,8,72.35,7.62,0.0045
Sussex,2024,3,Wealden,Vehicle Crime,83,1759789,51,62.54,6.53,0.0472
Sussex,2024,3,Wealden,Violence And Sexual Offences,614,1759789,97,61.08,6.45,0.3489
Sussex,2024,3,Worthing,Bicycle Theft,27,1759789,12,39.59,4.7,0.0153
Sussex,2024,3,Worthing,Burglary,59,1759789,30,52.6,5.61,0.0335
Sussex,2024,3,Worthing,Criminal Damage And Arson,210,1759789,58,48.42,5.16,0.1193
Sussex,2024,3,Worthing,Drugs,68,1759789,30,43.63,4.66,0.0386
Sussex,2024,3,Worthing,Other Crime,52,1759789,34,50.62,5.23,0.0295
Sussex,2024,3,Worthing,Other Theft,144,1759789,45,44.91,4.8,0.0818
Sussex,2024,3,Worthing,Possession Of Weapons,32,1759789,20,43.35,4.72,0.0182
Sussex,2024,3,Worthing,Public Order,248,1759789,56,45.4,4.89,0.1409
Sussex,2024,3,Worthing,Robbery,16,1759789,9,36.05,4.31,0.0091
Sussex,2024,3,Worthing,Shoplifting,365,1759789,27,45.28,5.03,0.2074
Sussex,2024,3,Worthing,Theft From The Person,12,1759789,5,26.13,4.0,0.0068
Sussex,2024,3,Worthing,Vehicle Crime,71,1759789,38,55.04,5.59,0.0403
Sussex,2024,3,Worthing,Violence And Sexual Offences,895,1759789,67,45.08,4.85,0.5086
Sussex,2024,4,Adur,Bicycle Theft,7,1759789,7,65.17,6.57,0.004
Sussex,2024,4,Adur,Burglary,38,1759789,22,62.87,6.29,0.0216
Sussex,2024,4,Adur,Criminal Damage And Arson,92,1759789,35,53.02,5.43,0.0523
Sussex,2024,4,Adur,Drugs,29,1759789,17,51.04,5.1,0.0165
Sussex,2024,4,Adur,Other Crime,16,1759789,12,43.47,4.44,0.0091
Sussex,2024,4,Adur,Other Theft,75,1759789,32,58.08,5.87,0.0426
Sussex,2024,4,Adur,Possession Of Weapons,11,1759789,10,44.96,4.64,0.0063
Sussex,2024,4,Adur,Public Order,105,1759789,33,53.0,5.4,0.0597
Sussex,2024,4,Adur,Robbery,2,1759789,2,50.27,5.5,0.0011
Sussex,2024,4,Adur,Shoplifting,286,1759789,11,38.56,3.8,0.1625
Sussex,2024,4,Adur,Theft From The Person,5,1759789,5,57.59,6.2,0.0028
Sussex,2024,4,Adur,Vehicle Crime,48,1759789,24,56.34,5.54,0.0273
Sussex,2024,4,Adur,Violence And Sexual Offences,341,1759789,39,48.08,4.92,0.1938
Sussex,2024,4,Arun,Bicycle Theft,32,1759789,20,35.2,4.25,0.0182
Sussex,2024,4,Arun,Burglary,125,1759789,55,43.07,5.23,0.071
Sussex,2024,4,Arun,Criminal Damage And Arson,332,1759789,83,37.72,4.66,0.1887
Sussex,2024,4,Arun,Drugs,85,1759789,42,37.54,4.52,0.0483
Sussex,2024,4,Arun,Other Crime,80,1759789,45,39.61,4.78,0.0455
Sussex,2024,4,Arun,Other Theft,198,1759789,78,41.56,5.04,0.1125
Sussex,2024,4,Arun,Possession Of Weapons,39,1759789,28,30.41,3.9,0.0222
Sussex,2024,4,Arun,Public Order,214,1759789,69,36.84,4.52,0.1216
Sussex,2024,4,Arun,Robbery,17,1759789,13,39.41,4.76,0.0097
Sussex,2024,4,Arun,Shoplifting,385,1759789,36,33.61,4.32,0.2188
Sussex,2024,4,Arun,Theft From The Person,20,1759789,13,30.54,4.1,0.0114
Sussex,2024,4,Arun,Vehicle Crime,283,1759789,82,38.69,4.62,0.1608
Sussex,2024,4,Arun,Violence And Sexual Offences,1096,1759789,98,38.7,4.74,0.6228
Sussex,2024,4,Ashford,Other Theft,1,1759789,1,46.17,6.0,0.0006
Sussex,2024,4,Ashford,Violence And Sexual Offences,1,1759789,1,34.7,7.0,0.0006
Sussex,2024,4,Brighton and Hove,Bicycle Theft,115,1759789,53,35.32,4.64,0.0653
Sussex,2024,4,Brighton and Hove,Burglary,264,1759789,112,40.41,4.94,0.15
Sussex,2024,4,Brighton and Hove,Criminal Damage And Arson,538,1759789,133,37.28,4.63,0.3057
Sussex,2024,4,Brighton and Hove,Drugs,318,1759789,95,36.66,4.69,0.1807
Sussex,2024,4,Brighton and Hove,Other Crime,221,1759789,89,37.33,4.9,0.1256
Sussex,2024,4,Brighton and Hove,Other Theft,619,1759789,138,37.15,4.85,0.3517
Sussex,2024,4,Brighton and Hove,Possession Of Weapons,98,1759789,57,37.02,4.77,0.0557
Sussex,2024,4,Brighton and Hove,Public Order,722,1759789,134,34.78,4.64,0.4103
Sussex,2024,4,Brighton and Hove,Robbery,53,1759789,27,29.52,4.34,0.0301
Sussex,2024,4,Brighton and Hove,Shoplifting,1332,1759789,55,29.75,4.5,0.7569
Sussex,2024,4,Brighton and Hove,Theft From The Person,115,1759789,38,29.42,4.84,0.0653
Sussex,2024,4,Brighton and Hove,Vehicle Crime,321,1759789,127,42.52,4.93,0.1824
Sussex,2024,4,Brighton and Hove,Violence And Sexual Offences,2416,1759789,158,34.81,4.54,1.3729
Sussex,2024,4,Chichester,Bicycle Theft,24,1759789,11,62.16,6.71,0.0136
Sussex,2024,4,Chichester,Burglary,94,1759789,39,59.89,6.82,0.0534
Sussex,2024,4,Chichester,Criminal Damage And Arson,213,1759789,58,52.98,6.08,0.121
Sussex,2024,4,Chichester,Drugs,51,1759789,25,56.91,6.31,0.029
Sussex,2024,4,Chichester,Other Crime,46,1759789,29,52.14,6.02,0.0261
Sussex,2024,4,Chichester,Other Theft,138,1759789,54,56.76,6.25,0.0784
Sussex,2024,4,Chichester,Possession Of Weapons,25,1759789,16,49.15,5.2,0.0142
Sussex,2024,4,Chichester,Public Order,128,1759789,46,54.16,6.01,0.0727
Sussex,2024,4,Chichester,Robbery,6,1759789,3,64.75,7.0,0.0034
Sussex,2024,4,Chichester,Shoplifting,222,1759789,27,50.45,5.43,0.1262
Sussex,2024,4,Chichester,Theft From The Person,14,1759789,5,63.51,6.71,0.008
Sussex,2024,4,Chichester,Vehicle Crime,115,1759789,49,56.7,6.42,0.0653
Sussex,2024,4,Chichester,Violence And Sexual Offences,731,1759789,73,52.18,5.74,0.4154
Sussex,2024,4,Crawley,Bicycle Theft,32,1759789,18,36.38,3.78,0.0182
Sussex,2024,4,Crawley,Burglary,144,1759789,49,39.01,4.02,0.0818
Sussex,2024,4,Crawley,Criminal Damage And Arson,228,1759789,59,38.21,3.96,0.1296
Sussex,2024,4,Crawley,Drugs,144,1759789,40,34.86,3.85,0.0818
Sussex,2024,4,Crawley,Other Crime,86,1759789,39,36.33,4.12,0.0489
Sussex,2024,4,Crawley,Other Theft,301,1759789,59,34.78,3.95,0.171
Sussex,2024,4,Crawley,Possession Of Weapons,146,1759789,31,30.05,3.99,0.083
Sussex,2024,4,Crawley,Public Order,345,1759789,59,34.78,3.75,0.196
Sussex,2024,4,Crawley,Robbery,28,1759789,15,33.98,3.64,0.0159
Sussex,2024,4,Crawley,Shoplifting,333,1759789,21,29.73,3.48,0.1892
Sussex,2024,4,Crawley,Theft From The Person,43,1759789,13,29.0,3.53,0.0244
Sussex,2024,4,Crawley,Vehicle Crime,183,1759789,55,40.82,4.25,0.104
Sussex,2024,4,Crawley,Violence And Sexual Offences,1237,1759789,65,36.88,3.96,0.7029
Sussex,2024,4,Croydon,Drugs,1,1759789,1,17.54,2.0,0.0006
Sussex,2024,4,Croydon,Violence And Sexual Offences,2,1759789,2,61.06,5.5,0.0011
Sussex,2024,4,Eastbourne,Bicycle Theft,20,1759789,13,30.75,3.35,0.0114
Sussex,2024,4,Eastbourne,Burglary,83,1759789,40,37.92,4.18,0.0472
Sussex,2024,4,Eastbourne,Criminal Damage And Arson,221,1759789,51,29.73,3.29,0.1256
Sussex,2024,4,Eastbourne,Drugs,71,1759789,20,31.0,3.35,0.0403
Sussex,2024,4,Eastbourne,Other Crime,50,1759789,27,33.64,3.62,0.0284
Sussex,2024,4,Eastbourne,Other Theft,156,1759789,48,33.28,3.61,0.0886
Sussex,2024,4,Eastbourne,Possession Of Weapons,25,1759789,12,29.28,3.12,0.0142
Sussex,2024,4,Eastbourne,Public Order,210,1759789,42,26.91,2.97,0.1193
Sussex,2024,4,Eastbourne,Robbery,26,1759789,12,22.28,2.62,0.0148
Sussex,2024,4,Eastbourne,Shoplifting,614,1759789,20,38.32,3.81,0.3489
Sussex,2024,4,Eastbourne,Theft From The Person,27,1759789,12,23.55,2.67,0.0153
Sussex,2024,4,Eastbourne,Vehicle Crime,93,1759789,41,46.75,4.72,0.0528
Sussex,2024,4,Eastbourne,Violence And Sexual Offences,979,1759789,60,30.14,3.38,0.5563
Sussex,2024,4,Guildford,Other Crime,1,1759789,1,68.94,7.0,0.0006
Sussex,2024,4,Guildford,Violence And Sexual Offences,1,1759789,1,59.66,6.0,0.0006
Sussex,2024,4,Hastings,Bicycle Theft,8,1759789,6,13.11,2.88,0.0045
Sussex,2024,4,Hastings,Burglary,74,1759789,31,19.62,3.18,0.0421
Sussex,2024,4,Hastings,Criminal Damage And Arson,231,1759789,51,16.48,2.8,0.1313
Sussex,2024,4,Hastings,Drugs,57,1759789,31,17.22,2.79,0.0324
Sussex,2024,4,Hastings,Other Crime,49,1759789,25,14.39,2.59,0.0278
Sussex,2024,4,Hastings,Other Theft,151,1759789,42,19.32,3.13,0.0858
Sussex,2024,4,Hastings,Possession Of Weapons,31,1759789,20,15.8,2.77,0.0176
Sussex,2024,4,Hastings,Public Order,199,1759789,46,15.55,2.73,0.1131
Sussex,2024,4,Hastings,Robbery,14,1759789,11,11.99,2.36,0.008
Sussex,2024,4,Hastings,Shoplifting,283,1759789,26,11.36,2.29,0.1608
Sussex,2024,4,Hastings,Theft From The Person,16,1759789,7,9.71,2.12,0.0091
Sussex,2024,4,Hastings,Vehicle Crime,108,1759789,39,19.67,3.28,0.0614
Sussex,2024,4,Hastings,Violence And Sexual Offences,917,1759789,53,17.62,2.92,0.5211
Sussex,2024,4,Havant,Criminal Damage And Arson,1,1759789,1,82.61,7.0,0.0006
Sussex,2024,4,Havant,Public Order,1,1759789,1,66.46,7.0,0.0006
Sussex,2024,4,Havant,Vehicle Crime,2,1759789,2,42.81,5.0,0.0011
Sussex,2024,4,Havant,Violence And Sexual Offences,4,1759789,4,39.57,4.75,0.0023
Sussex,2024,4,Horsham,Bicycle Theft,14,1759789,9,69.38,7.14,0.008
Sussex,2024,4,Horsham,Burglary,80,1759789,48,70.29,7.42,0.0455
Sussex,2024,4,Horsham,Criminal Damage And Arson,176,1759789,67,69.74,6.94,0.1
Sussex,2024,4,Horsham,Drugs,69,1759789,39,66.77,6.58,0.0392
Sussex,2024,4,Horsham,Other Crime,38,1759789,30,70.05,6.92,0.0216
Sussex,2024,4,Horsham,Other Theft,141,1759789,59,69.52,7.02,0.0801
Sussex,2024,4,Horsham,Possession Of Weapons,27,1759789,15,60.91,6.63,0.0153
Sussex,2024,4,Horsham,Public Order,142,1759789,60,69.72,7.01,0.0807
Sussex,2024,4,Horsham,Robbery,9,1759789,5,80.75,8.11,0.0051
Sussex,2024,4,Horsham,Shoplifting,209,1759789,26,62.59,6.14,0.1188
Sussex,2024,4,Horsham,Theft From The Person,13,1759789,7,51.96,5.31,0.0074
Sussex,2024,4,Horsham,Vehicle Crime,156,1759789,60,73.19,7.54,0.0886
Sussex,2024,4,Horsham,Violence And Sexual Offences,627,1759789,85,67.56,6.84,0.3563
Sussex,2024,4,Lewes,Bicycle Theft,4,1759789,4,39.85,3.75,0.0023
Sussex,2024,4,Lewes,Burglary,47,1759789,26,62.99,6.72,0.0267
Sussex,2024,4,Lewes,Criminal Damage And Arson,142,1759789,51,46.48,5.07,0.0807
Sussex,2024,4,Lewes,Drugs,42,1759789,25,50.37,5.24,0.0239
Sussex,2024,4,Lewes,Other Crime,50,1759789,25,51.93,5.82,0.0284
Sussex,2024,4,Lewes,Other Theft,103,1759789,47,50.29,5.2,0.0585
Sussex,2024,4,Lewes,Possession Of Weapons,22,1759789,17,52.76,5.5,0.0125
Sussex,2024,4,Lewes,Public Order,127,1759789,45,49.4,5.08,0.0722
Sussex,2024,4,Lewes,Robbery,7,1759789,7,29.21,3.0,0.004
Sussex,2024,4,Lewes,Shoplifting,166,1759789,17,44.44,4.56,0.0943
Sussex,2024,4,Lewes,Theft From The Person,7,1759789,6,46.0,4.14,0.004
Sussex,2024,4,Lewes,Vehicle Crime,55,1759789,35,51.16,5.29,0.0313
Sussex,2024,4,Lewes,Violence And Sexual Offences,607,1759789,62,48.39,5.08,0.3449
Sussex,2024,4,Merton,Violence And Sexual Offences,1,1759789,1,45.09,4.0,0.0006
Sussex,2024,4,Mid Sussex,Bicycle Theft,15,1759789,13,69.98,6.67,0.0085
Sussex,2024,4,Mid Sussex,Burglary,114,1759789,57,75.46,7.75,0.0648
Sussex,2024,4,Mid Sussex,Criminal Damage And Arson,178,1759789,74,71.58,7.02,0.1011
Sussex,2024,4,Mid Sussex,Drugs,59,1759789,36,71.38,7.27,0.0335
Sussex,2024,4,Mid Sussex,Other Crime,61,1759789,37,72.31,7.25,0.0347
Sussex,2024,4,Mid Sussex,Other Theft,158,1759789,66,75.58,7.49,0.0898
Sussex,2024,4,Mid Sussex,Possession Of Weapons,29,1759789,20,70.42,7.03,0.0165
Sussex,2024,4,Mid Sussex,Public Order,181,1759789,64,69.76,6.85,0.1029
Sussex,2024,4,Mid Sussex,Robbery,11,1759789,9,66.87,6.55,0.0063
Sussex,2024,4,Mid Sussex,Shoplifting,197,1759789,30,79.23,7.53,0.1119
Sussex,2024,4,Mid Sussex,Theft From The Person,14,1759789,10,76.69,7.71,0.008
Sussex,2024,4,Mid Sussex,Vehicle Crime,120,1759789,54,79.5,7.77,0.0682
Sussex,2024,4,Mid Sussex,Violence And Sexual Offences,746,1759789,91,72.54,7.01,0.4239
Sussex,2024,4,Mole Valley,Drugs,1,1759789,1,56.74,8.0,0.0006
Sussex,2024,4,Mole Valley,Other Crime,1,1759789,1,56.74,8.0,0.0006
Sussex,2024,4,Mole Valley,Other Theft,1,1759789,1,56.74,8.0,0.0006
Sussex,2024,4,Mole Valley,Theft From The Person,1,1759789,1,56.74,8.0,0.0006
Sussex,2024,4,Mole Valley,Vehicle Crime,1,1759789,1,82.55,8.0,0.0006
Sussex,2024,4,Mole Valley,Violence And Sexual Offences,4,1759789,1,56.74,8.0,0.0023
Sussex,2024,4,Portsmouth,Violence And Sexual Offences,1,1759789,1,79.26,8.0,0.0006
Sussex,2024,4,Reigate and Banstead,Bicycle Theft,1,1759789,1,88.28,8.0,0.0006
Sussex,2024,4,Reigate and Banstead,Criminal Damage And Arson,1,1759789,1,48.26,5.0,0.0006
Sussex,2024,4,Reigate and Banstead,Drugs,1,1759789,1,88.28,8.0,0.0006
Sussex,2024,4,Reigate and Banstead,Other Crime,1,1759789,1,38.19,5.0,0.0006
Sussex,2024,4,Reigate and Banstead,Shoplifting,1,1759789,1,88.28,8.0,0.0006
Sussex,2024,4,Reigate and Banstead,Vehicle Crime,1,1759789,1,34.79,3.0,0.0006
Sussex,2024,4,Reigate and Banstead,Violence And Sexual Offences,13,1759789,8,66.53,6.15,0.0074
Sussex,2024,4,Richmond upon Thames,Other Theft,1,1759789,1,97.37,10.0,0.0006
Sussex,2024,4,Rother,Bicycle Theft,8,1759789,6,26.75,3.5,0.0045
Sussex,2024,4,Rother,Burglary,57,1759789,30,38.92,5.53,0.0324
Sussex,2024,4,Rother,Criminal Damage And Arson,157,1759789,50,34.96,4.7,0.0892
Sussex,2024,4,Rother,Drugs,28,1759789,17,29.9,4.18,0.0159
Sussex,2024,4,Rother,Other Crime,42,1759789,25,35.14,4.9,0.0239
Sussex,2024,4,Rother,Other Theft,111,1759789,47,39.67,5.52,0.0631
Sussex,2024,4,Rother,Possession Of Weapons,11,1759789,9,25.9,3.55,0.0063
Sussex,2024,4,Rother,Public Order,143,1759789,46,34.65,4.55,0.0813
Sussex,2024,4,Rother,Robbery,7,1759789,7,31.44,3.86,0.004
Sussex,2024,4,Rother,Shoplifting,205,1759789,13,28.82,3.87,0.1165
Sussex,2024,4,Rother,Theft From The Person,8,1759789,8,43.91,5.12,0.0045
Sussex,2024,4,Rother,Vehicle Crime,61,1759789,30,41.59,5.46,0.0347
Sussex,2024,4,Rother,Violence And Sexual Offences,537,1759789,58,34.96,4.68,0.3052
Sussex,2024,4,Sevenoaks,Violence And Sexual Offences,1,1759789,1,44.74,4.0,0.0006
Sussex,2024,4,Slough,Drugs,35,1759789,1,59.47,5.0,0.0199
Sussex,2024,4,Surrey Heath,Violence And Sexual Offences,2,1759789,2,65.74,6.5,0.0011
Sussex,2024,4,Sutton,Violence And Sexual Offences,1,1759789,1,13.35,1.0,0.0006
Sussex,2024,4,Tandridge,Criminal Damage And Arson,2,1759789,1,42.11,6.0,0.0011
Sussex,2024,4,Tandridge,Drugs,1,1759789,1,73.25,8.0,0.0006
Sussex,2024,4,Tandridge,Other Theft,9,1759789,4,68.62,7.89,0.0051
Sussex,2024,4,Tandridge,Vehicle Crime,2,1759789,2,74.29,7.5,0.0011
Sussex,2024,4,Tandridge,Violence And Sexual Offences,6,1759789,4,65.4,7.67,0.0034
Sussex,2024,4,Tunbridge Wells,Drugs,1,1759789,1,47.64,9.0,0.0006
Sussex,2024,4,Tunbridge Wells,Other Crime,2,1759789,2,56.23,7.5,0.0011
Sussex,2024,4,Tunbridge Wells,Other Theft,2,1759789,2,58.75,6.5,0.0011
Sussex,2024,4,Tunbridge Wells,Theft From The Person,1,1759789,1,19.19,3.0,0.0006
Sussex,2024,4,Tunbridge Wells,Violence And Sexual Offences,10,1759789,5,60.22,7.6,0.0057
Sussex,2024,4,Waverley,Vehicle Crime,2,1759789,2,91.96,9.0,0.0011
Sussex,2024,4,Waverley,Violence And Sexual Offences,2,1759789,2,60.65,6.0,0.0011
Sussex,2024,4,Wealden,Bicycle Theft,2,1759789,2,57.51,6.0,0.0011
Sussex,2024,4,Wealden,Burglary,91,1759789,58,64.52,7.01,0.0517
Sussex,2024,4,Wealden,Criminal Damage And Arson,177,1759789,80,60.96,6.47,0.1006
Sussex,2024,4,Wealden,Drugs,21,1759789,17,61.63,6.76,0.0119
Sussex,2024,4,Wealden,Other Crime,51,1759789,38,66.07,6.78,0.029
Sussex,2024,4,Wealden,Other Theft,115,1759789,62,63.02,6.87,0.0653
Sussex,2024,4,Wealden,Possession Of Weapons,29,1759789,23,62.59,6.52,0.0165
Sussex,2024,4,Wealden,Public Order,118,1759789,60,60.36,6.32,0.0671
Sussex,2024,4,Wealden,Robbery,6,1759789,6,68.96,7.33,0.0034
Sussex,2024,4,Wealden,Shoplifting,180,1759789,24,59.01,5.9,0.1023
Sussex,2024,4,Wealden,Theft From The Person,7,1759789,6,69.26,7.0,0.004
Sussex,2024,4,Wealden,Vehicle Crime,148,1759789,57,64.3,6.61,0.0841
Sussex,2024,4,Wealden,Violence And Sexual Offences,667,1759789,93,61.75,6.5,0.379
Sussex,2024,4,Woking,Violence And Sexual Offences,1,1759789,1,30.96,3.0,0.0006
Sussex,2024,4,Worthing,Bicycle Theft,26,1759789,14,40.9,4.85,0.0148
Sussex,2024,4,Worthing,Burglary,57,1759789,32,55.32,5.75,0.0324
Sussex,2024,4,Worthing,Criminal Damage And Arson,187,1759789,55,46.28,4.87,0.1063
Sussex,2024,4,Worthing,Drugs,73,1759789,33,48.19,5.03,0.0415
Sussex,2024,4,Worthing,Other Crime,43,1759789,27,51.06,5.14,0.0244
Sussex,2024,4,Worthing,Other Theft,146,1759789,55,44.26,4.78,0.083
Sussex,2024,4,Worthing,Possession Of Weapons,31,1759789,23,42.9,4.58,0.0176
Sussex,2024,4,Worthing,Public Order,206,1759789,48,41.72,4.57,0.1171
Sussex,2024,4,Worthing,Robbery,17,1759789,13,39.08,4.41,0.0097
Sussex,2024,4,Worthing,Shoplifting,550,1759789,27,46.42,5.09,0.3125
Sussex,2024,4,Worthing,Theft From The Person,13,1759789,8,32.76,4.0,0.0074
Sussex,2024,4,Worthing,Vehicle Crime,106,1759789,43,58.19,5.81,0.0602
Sussex,2024,4,Worthing,Violence And Sexual Offences,784,1759789,67,46.64,4.95,0.4455
Sussex,2025,1,Adur,Bicycle Theft,6,1777273,6,60.54,6.17,0.0034
Sussex,2025,1,Adur,Burglary,35,1777273,20,60.24,5.97,0.0197
Sussex,2025,1,Adur,Criminal Damage And Arson,92,1777273,29,50.79,5.07,0.0518
Sussex,2025,1,Adur,Drugs,29,1777273,17,58.57,5.76,0.0163
Sussex,2025,1,Adur,Other Crime,43,1777273,25,55.57,5.63,0.0242
Sussex,2025,1,Adur,Other Theft,62,1777273,27,60.41,5.89,0.0349
Sussex,2025,1,Adur,Possession Of Weapons,11,1777273,11,52.37,5.27,0.0062
Sussex,2025,1,Adur,Public Order,108,1777273,33,45.22,4.57,0.0608
Sussex,2025,1,Adur,Robbery,4,1777273,3,35.52,4.0,0.0023
Sussex,2025,1,Adur,Shoplifting,217,1777273,10,40.36,4.11,0.1221
Sussex,2025,1,Adur,Vehicle Crime,43,1777273,25,55.95,5.67,0.0242
Sussex,2025,1,Adur,Violence And Sexual Offences,353,1777273,39,50.65,5.17,0.1986
Sussex,2025,1,Arun,Bicycle Theft,27,1777273,18,39.65,4.7,0.0152
Sussex,2025,1,Arun,Burglary,165,1777273,63,43.47,5.21,0.0928
Sussex,2025,1,Arun,Criminal Damage And Arson,270,1777273,84,40.6,4.93,0.1519
Sussex,2025,1,Arun,Drugs,84,1777273,47,39.72,4.62,0.0473
Sussex,2025,1,Arun,Other Crime,134,1777273,59,47.31,5.85,0.0754
Sussex,2025,1,Arun,Other Theft,211,1777273,67,38.18,4.86,0.1187
Sussex,2025,1,Arun,Possession Of Weapons,41,1777273,29,37.95,4.39,0.0231
Sussex,2025,1,Arun,Public Order,234,1777273,78,37.68,4.63,0.1317
Sussex,2025,1,Arun,Robbery,20,1777273,14,29.19,3.5,0.0113
Sussex,2025,1,Arun,Shoplifting,496,1777273,42,33.6,4.44,0.2791
Sussex,2025,1,Arun,Theft From The Person,17,1777273,17,34.38,4.35,0.0096
Sussex,2025,1,Arun,Vehicle Crime,183,1777273,71,41.69,4.91,0.103
Sussex,2025,1,Arun,Violence And Sexual Offences,1134,1777273,97,38.09,4.67,0.6381
Sussex,2025,1,Ashford,Criminal Damage And Arson,1,1777273,1,34.7,7.0,0.0006
Sussex,2025,1,Ashford,Violence And Sexual Offences,1,1777273,1,9.83,2.0,0.0006
Sussex,2025,1,Brighton and Hove,Bicycle Theft,111,1777273,56,38.79,5.05,0.0625
Sussex,2025,1,Brighton and Hove,Burglary,262,1777273,103,43.52,5.33,0.1474
Sussex,2025,1,Brighton and Hove,Criminal Damage And Arson,583,1777273,136,37.28,4.57,0.328
Sussex,2025,1,Brighton and Hove,Drugs,330,1777273,105,34.39,4.52,0.1857
Sussex,2025,1,Brighton and Hove,Other Crime,211,1777273,87,36.18,4.73,0.1187
Sussex,2025,1,Brighton and Hove,Other Theft,609,1777273,136,38.39,4.92,0.3427
Sussex,2025,1,Brighton and Hove,Possession Of Weapons,105,1777273,53,38.34,4.74,0.0591
Sussex,2025,1,Brighton and Hove,Public Order,687,1777273,133,35.45,4.72,0.3865
Sussex,2025,1,Brighton and Hove,Robbery,53,1777273,23,31.77,4.83,0.0298
Sussex,2025,1,Brighton and Hove,Shoplifting,1247,1777273,56,29.35,4.3,0.7016
Sussex,2025,1,Brighton and Hove,Theft From The Person,61,1777273,23,25.15,4.49,0.0343
Sussex,2025,1,Brighton and Hove,Vehicle Crime,226,1777273,99,45.48,5.24,0.1272
Sussex,2025,1,Brighton and Hove,Violence And Sexual Offences,2524,1777273,164,36.03,4.57,1.4202
Sussex,2025,1,Bromley,Violence And Sexual Offences,1,1777273,1,62.01,6.0,0.0006
Sussex,2025,1,Chichester,Bicycle Theft,32,1777273,13,59.74,6.41,0.018
Sussex,2025,1,Chichester,Burglary,86,1777273,39,56.71,6.51,0.0484
Sussex,2025,1,Chichester,Criminal Damage And Arson,183,1777273,60,55.68,6.05,0.103
Sussex,2025,1,Chichester,Drugs,55,1777273,26,55.14,5.82,0.0309
Sussex,2025,1,Chichester,Other Crime,51,1777273,24,50.13,5.47,0.0287
Sussex,2025,1,Chichester,Other Theft,179,1777273,63,55.28,6.22,0.1007
Sussex,2025,1,Chichester,Possession Of Weapons,37,1777273,22,55.22,5.95,0.0208
Sussex,2025,1,Chichester,Public Order,191,1777273,51,52.21,5.55,0.1075
Sussex,2025,1,Chichester,Robbery,10,1777273,7,58.49,6.3,0.0056
Sussex,2025,1,Chichester,Shoplifting,222,1777273,22,50.68,5.44,0.1249
Sussex,2025,1,Chichester,Theft From The Person,19,1777273,7,64.67,7.05,0.0107
Sussex,2025,1,Chichester,Vehicle Crime,115,1777273,43,49.84,6.37,0.0647
Sussex,2025,1,Chichester,Violence And Sexual Offences,747,1777273,73,52.05,5.73,0.4203
Sussex,2025,1,Crawley,Bicycle Theft,23,1777273,15,34.17,3.48,0.0129
Sussex,2025,1,Crawley,Burglary,79,1777273,36,38.07,3.91,0.0445
Sussex,2025,1,Crawley,Criminal Damage And Arson,215,1777273,58,39.36,4.17,0.121
Sussex,2025,1,Crawley,Drugs,157,1777273,45,33.75,3.62,0.0883
Sussex,2025,1,Crawley,Other Crime,97,1777273,44,37.38,3.99,0.0546
Sussex,2025,1,Crawley,Other Theft,288,1777273,59,36.83,4.07,0.162
Sussex,2025,1,Crawley,Possession Of Weapons,127,1777273,28,30.01,4.01,0.0715
Sussex,2025,1,Crawley,Public Order,319,1777273,53,34.29,3.71,0.1795
Sussex,2025,1,Crawley,Robbery,32,1777273,18,37.09,3.88,0.018
Sussex,2025,1,Crawley,Shoplifting,457,1777273,20,29.91,3.28,0.2571
Sussex,2025,1,Crawley,Theft From The Person,30,1777273,10,31.18,3.87,0.0169
Sussex,2025,1,Crawley,Vehicle Crime,128,1777273,53,45.84,4.7,0.072
Sussex,2025,1,Crawley,Violence And Sexual Offences,1261,1777273,67,36.5,3.9,0.7095
Sussex,2025,1,Croydon,Other Crime,1,1777273,1,45.03,4.0,0.0006
Sussex,2025,1,East Hampshire,Burglary,1,1777273,1,86.72,10.0,0.0006
Sussex,2025,1,East Hampshire,Violence And Sexual Offences,3,1777273,1,52.42,8.0,0.0017
Sussex,2025,1,Eastbourne,Bicycle Theft,21,1777273,13,25.37,2.9,0.0118
Sussex,2025,1,Eastbourne,Burglary,93,1777273,38,35.18,3.7,0.0523
Sussex,2025,1,Eastbourne,Criminal Damage And Arson,253,1777273,54,32.65,3.61,0.1424
Sussex,2025,1,Eastbourne,Drugs,87,1777273,31,26.84,3.25,0.049
Sussex,2025,1,Eastbourne,Other Crime,53,1777273,31,30.37,3.3,0.0298
Sussex,2025,1,Eastbourne,Other Theft,140,1777273,51,35.64,3.82,0.0788
Sussex,2025,1,Eastbourne,Possession Of Weapons,43,1777273,23,26.24,2.86,0.0242
Sussex,2025,1,Eastbourne,Public Order,215,1777273,46,28.3,3.15,0.121
Sussex,2025,1,Eastbourne,Robbery,33,1777273,20,29.95,3.21,0.0186
Sussex,2025,1,Eastbourne,Shoplifting,663,1777273,22,35.9,3.67,0.373
Sussex,2025,1,Eastbourne,Theft From The Person,20,1777273,10,19.52,2.35,0.0113
Sussex,2025,1,Eastbourne,Vehicle Crime,100,1777273,43,34.2,3.66,0.0563
Sussex,2025,1,Eastbourne,Violence And Sexual Offences,1014,1777273,59,30.82,3.39,0.5705
Sussex,2025,1,Elmbridge,Shoplifting,1,1777273,1,23.11,3.0,0.0006
Sussex,2025,1,Elmbridge,Violence And Sexual Offences,1,1777273,1,98.66,10.0,0.0006
Sussex,2025,1,Epsom and Ewell,Public Order,1,1777273,1,96.99,9.0,0.0006
Sussex,2025,1,Folkestone and Hythe,Other Crime,1,1777273,1,23.59,5.0,0.0006
Sussex,2025,1,Guildford,Other Theft,1,1777273,1,57.8,8.0,0.0006
Sussex,2025,1,Guildford,Shoplifting,1,1777273,1,35.41,4.0,0.0006
Sussex,2025,1,Hastings,Bicycle Theft,19,1777273,10,10.81,2.47,0.0107
Sussex,2025,1,Hastings,Burglary,66,1777273,26,17.22,3.12,0.0371
Sussex,2025,1,Hastings,Criminal Damage And Arson,278,1777273,49,16.65,2.81,0.1564
Sussex,2025,1,Hastings,Drugs,70,1777273,28,19.34,2.93,0.0394
Sussex,2025,1,Hastings,Other Crime,65,1777273,37,21.47,3.23,0.0366
Sussex,2025,1,Hastings,Other Theft,145,1777273,44,16.23,2.82,0.0816
Sussex,2025,1,Hastings,Possession Of Weapons,27,1777273,16,17.71,2.7,0.0152
Sussex,2025,1,Hastings,Public Order,195,1777273,44,15.42,2.58,0.1097
Sussex,2025,1,Hastings,Robbery,14,1777273,12,13.57,2.43,0.0079
Sussex,2025,1,Hastings,Shoplifting,295,1777273,22,17.18,2.93,0.166
Sussex,2025,1,Hastings,Theft From The Person,9,1777273,7,10.37,2.22,0.0051
Sussex,2025,1,Hastings,Vehicle Crime,92,1777273,45,20.3,3.21,0.0518
Sussex,2025,1,Hastings,Violence And Sexual Offences,946,1777273,52,16.41,2.75,0.5323
Sussex,2025,1,Havant,Criminal Damage And Arson,1,1777273,1,82.61,7.0,0.0006
Sussex,2025,1,Hillingdon,Other Crime,2,1777273,1,16.8,2.0,0.0011
Sussex,2025,1,Horsham,Bicycle Theft,11,1777273,8,75.45,6.82,0.0062
Sussex,2025,1,Horsham,Burglary,82,1777273,47,72.95,7.56,0.0461
Sussex,2025,1,Horsham,Criminal Damage And Arson,162,1777273,65,67.0,6.62,0.0912
Sussex,2025,1,Horsham,Drugs,36,1777273,25,63.64,6.33,0.0203
Sussex,2025,1,Horsham,Other Crime,48,1777273,37,69.05,7.0,0.027
Sussex,2025,1,Horsham,Other Theft,123,1777273,55,65.58,6.85,0.0692
Sussex,2025,1,Horsham,Possession Of Weapons,32,1777273,18,66.91,6.75,0.018
Sussex,2025,1,Horsham,Public Order,152,1777273,59,67.19,6.76,0.0855
Sussex,2025,1,Horsham,Robbery,7,1777273,6,56.23,5.71,0.0039
Sussex,2025,1,Horsham,Shoplifting,253,1777273,24,65.01,6.45,0.1424
Sussex,2025,1,Horsham,Theft From The Person,16,1777273,5,37.14,4.0,0.009
Sussex,2025,1,Horsham,Vehicle Crime,97,1777273,55,76.25,7.44,0.0546
Sussex,2025,1,Horsham,Violence And Sexual Offences,640,1777273,84,68.34,6.81,0.3601
Sussex,2025,1,Kingston upon Thames,Vehicle Crime,1,1777273,1,66.47,5.0,0.0006
Sussex,2025,1,Lewes,Bicycle Theft,3,1777273,3,63.33,6.33,0.0017
Sussex,2025,1,Lewes,Burglary,49,1777273,28,55.77,5.84,0.0276
Sussex,2025,1,Lewes,Criminal Damage And Arson,129,1777273,48,47.31,5.16,0.0726
Sussex,2025,1,Lewes,Drugs,41,1777273,24,49.82,5.32,0.0231
Sussex,2025,1,Lewes,Other Crime,51,1777273,32,51.58,5.65,0.0287
Sussex,2025,1,Lewes,Other Theft,102,1777273,44,47.89,5.19,0.0574
Sussex,2025,1,Lewes,Possession Of Weapons,29,1777273,25,51.51,5.38,0.0163
Sussex,2025,1,Lewes,Public Order,128,1777273,46,44.15,4.58,0.072
Sussex,2025,1,Lewes,Robbery,2,1777273,2,47.93,5.0,0.0011
Sussex,2025,1,Lewes,Shoplifting,129,1777273,14,43.02,4.33,0.0726
Sussex,2025,1,Lewes,Theft From The Person,3,1777273,3,45.35,4.0,0.0017
Sussex,2025,1,Lewes,Vehicle Crime,56,1777273,30,41.31,4.29,0.0315
Sussex,2025,1,Lewes,Violence And Sexual Offences,596,1777273,62,47.42,5.08,0.3353
Sussex,2025,1,Mid Sussex,Bicycle Theft,6,1777273,5,82.16,7.83,0.0034
Sussex,2025,1,Mid Sussex,Burglary,116,1777273,47,74.7,7.54,0.0653
Sussex,2025,1,Mid Sussex,Criminal Damage And Arson,189,1777273,69,74.11,7.24,0.1063
Sussex,2025,1,Mid Sussex,Drugs,35,1777273,26,70.63,7.14,0.0197
Sussex,2025,1,Mid Sussex,Other Crime,64,1777273,42,71.5,6.91,0.036
Sussex,2025,1,Mid Sussex,Other Theft,163,1777273,59,76.21,7.66,0.0917
Sussex,2025,1,Mid Sussex,Possession Of Weapons,18,1777273,14,68.02,6.39,0.0101
Sussex,2025,1,Mid Sussex,Public Order,189,1777273,66,73.51,7.0,0.1063
Sussex,2025,1,Mid Sussex,Robbery,17,1777273,12,75.13,7.47,0.0096
Sussex,2025,1,Mid Sussex,Shoplifting,197,1777273,30,75.17,7.28,0.1108
Sussex,2025,1,Mid Sussex,Theft From The Person,13,1777273,13,76.47,7.0,0.0073
Sussex,2025,1,Mid Sussex,Vehicle Crime,117,1777273,57,76.44,7.55,0.0658
Sussex,2025,1,Mid Sussex,Violence And Sexual Offences,774,1777273,91,73.07,7.06,0.4355
Sussex,2025,1,Mole Valley,Criminal Damage And Arson,1,1777273,1,56.74,8.0,0.0006
Sussex,2025,1,Mole Valley,Drugs,1,1777273,1,56.74,8.0,0.0006
Sussex,2025,1,Mole Valley,Other Crime,1,1777273,1,56.74,8.0,0.0006
Sussex,2025,1,Mole Valley,Vehicle Crime,1,1777273,1,56.74,8.0,0.0006
Sussex,2025,1,Portsmouth,Burglary,1,1777273,1,37.41,4.0,0.0006
Sussex,2025,1,Portsmouth,Vehicle Crime,1,1777273,1,62.37,6.0,0.0006
Sussex,2025,1,Portsmouth,Violence And Sexual Offences,1,1777273,1,12.77,5.0,0.0006
Sussex,2025,1,Reigate and Banstead,Criminal Damage And Arson,1,1777273,1,51.49,5.0,0.0006
Sussex,2025,1,Reigate and Banstead,Drugs,3,1777273,3,45.21,4.67,0.0017
Sussex,2025,1,Reigate and Banstead,Other Crime,1,1777273,1,64.98,6.0,0.0006
Sussex,2025,1,Reigate and Banstead,Public Order,1,1777273,1,89.54,8.0,0.0006
Sussex,2025,1,Reigate and Banstead,Vehicle Crime,1,1777273,1,63.31,7.0,0.0006
Sussex,2025,1,Reigate and Banstead,Violence And Sexual Offences,5,1777273,5,57.79,5.8,0.0028
Sussex,2025,1,Rother,Bicycle Theft,3,1777273,2,50.81,6.33,0.0017
Sussex,2025,1,Rother,Burglary,54,1777273,30,37.12,5.46,0.0304
Sussex,2025,1,Rother,Criminal Damage And Arson,155,1777273,49,31.3,4.32,0.0872
Sussex,2025,1,Rother,Drugs,31,1777273,21,37.8,4.9,0.0174
Sussex,2025,1,Rother,Other Crime,40,1777273,28,36.21,4.82,0.0225
Sussex,2025,1,Rother,Other Theft,74,1777273,43,38.1,5.31,0.0416
Sussex,2025,1,Rother,Possession Of Weapons,13,1777273,12,38.28,5.0,0.0073
Sussex,2025,1,Rother,Public Order,110,1777273,45,34.54,4.57,0.0619
Sussex,2025,1,Rother,Robbery,9,1777273,8,32.78,4.33,0.0051
Sussex,2025,1,Rother,Shoplifting,206,1777273,15,27.04,3.8,0.1159
Sussex,2025,1,Rother,Theft From The Person,7,1777273,7,43.19,5.0,0.0039
Sussex,2025,1,Rother,Vehicle Crime,63,1777273,29,41.06,5.41,0.0354
Sussex,2025,1,Rother,Violence And Sexual Offences,570,1777273,58,37.04,4.84,0.3207
Sussex,2025,1,Runnymede,Vehicle Crime,1,1777273,1,84.13,9.0,0.0006
Sussex,2025,1,Sevenoaks,Public Order,1,1777273,1,38.96,4.0,0.0006
Sussex,2025,1,Sevenoaks,Vehicle Crime,1,1777273,1,47.3,8.0,0.0006
Sussex,2025,1,Sevenoaks,Violence And Sexual Offences,2,1777273,2,38.59,5.0,0.0011
Sussex,2025,1,Slough,Drugs,37,1777273,1,59.47,5.0,0.0208
Sussex,2025,1,Spelthorne,Violence And Sexual Offences,1,1777273,1,30.88,3.0,0.0006
Sussex,2025,1,Surrey Heath,Violence And Sexual Offences,1,1777273,1,82.94,9.0,0.0006
Sussex,2025,1,Sutton,Violence And Sexual Offences,1,1777273,1,70.2,6.0,0.0006
Sussex,2025,1,Tandridge,Criminal Damage And Arson,1,1777273,1,73.25,8.0,0.0006
Sussex,2025,1,Tandridge,Drugs,2,1777273,2,45.3,5.5,0.0011
Sussex,2025,1,Tandridge,Other Crime,1,1777273,1,42.11,6.0,0.0006
Sussex,2025,1,Tandridge,Other Theft,2,1777273,1,73.25,8.0,0.0011
Sussex,2025,1,Tandridge,Public Order,2,1777273,1,73.25,8.0,0.0011
Sussex,2025,1,Tandridge,Shoplifting,2,1777273,1,73.25,8.0,0.0011
Sussex,2025,1,Tandridge,Vehicle Crime,3,1777273,2,72.1,8.33,0.0017
Sussex,2025,1,Tandridge,Violence And Sexual Offences,6,1777273,5,63.8,7.5,0.0034
Sussex,2025,1,Tunbridge Wells,Burglary,1,1777273,1,79.44,7.0,0.0006
Sussex,2025,1,Tunbridge Wells,Criminal Damage And Arson,1,1777273,1,42.21,6.0,0.0006
Sussex,2025,1,Tunbridge Wells,Other Crime,1,1777273,1,51.44,9.0,0.0006
Sussex,2025,1,Tunbridge Wells,Possession Of Weapons,1,1777273,1,75.5,9.0,0.0006
Sussex,2025,1,Tunbridge Wells,Violence And Sexual Offences,3,1777273,3,52.18,6.33,0.0017
Sussex,2025,1,Wealden,Bicycle Theft,8,1777273,8,69.98,7.88,0.0045
Sussex,2025,1,Wealden,Burglary,86,1777273,47,66.31,7.45,0.0484
Sussex,2025,1,Wealden,Criminal Damage And Arson,193,1777273,76,63.36,6.75,0.1086
Sussex,2025,1,Wealden,Drugs,46,1777273,31,68.56,6.93,0.0259
Sussex,2025,1,Wealden,Other Crime,59,1777273,44,59.58,6.32,0.0332
Sussex,2025,1,Wealden,Other Theft,146,1777273,71,63.99,6.77,0.0821
Sussex,2025,1,Wealden,Possession Of Weapons,25,1777273,20,68.33,7.36,0.0141
Sussex,2025,1,Wealden,Public Order,126,1777273,63,64.82,6.73,0.0709
Sussex,2025,1,Wealden,Robbery,4,1777273,4,59.22,5.75,0.0023
Sussex,2025,1,Wealden,Shoplifting,207,1777273,23,57.68,5.72,0.1165
Sussex,2025,1,Wealden,Theft From The Person,5,1777273,5,57.8,5.4,0.0028
Sussex,2025,1,Wealden,Vehicle Crime,96,1777273,52,65.19,6.98,0.054
Sussex,2025,1,Wealden,Violence And Sexual Offences,649,1777273,95,60.7,6.43,0.3652
Sussex,2025,1,Worthing,Bicycle Theft,30,1777273,21,51.68,5.3,0.0169
Sussex,2025,1,Worthing,Burglary,48,1777273,30,50.31,5.27,0.027
Sussex,2025,1,Worthing,Criminal Damage And Arson,197,1777273,54,47.41,5.16,0.1108
Sussex,2025,1,Worthing,Drugs,85,1777273,39,45.58,4.76,0.0478
Sussex,2025,1,Worthing,Other Crime,63,1777273,35,47.56,4.94,0.0354
Sussex,2025,1,Worthing,Other Theft,128,1777273,51,45.68,4.75,0.072
Sussex,2025,1,Worthing,Possession Of Weapons,38,1777273,21,44.67,4.89,0.0214
Sussex,2025,1,Worthing,Public Order,194,1777273,50,44.26,4.8,0.1092
Sussex,2025,1,Worthing,Robbery,14,1777273,10,54.43,5.71,0.0079
Sussex,2025,1,Worthing,Shoplifting,514,1777273,26,50.28,5.45,0.2892
Sussex,2025,1,Worthing,Theft From The Person,12,1777273,7,35.12,4.17,0.0068
Sussex,2025,1,Worthing,Vehicle Crime,134,1777273,47,63.34,6.22,0.0754
Sussex,2025,1,Worthing,Violence And Sexual Offences,795,1777273,67,47.22,4.97,0.4473
Sussex,2025,2,Adur,Bicycle Theft,7,1777273,4,49.2,5.14,0.0039
Sussex,2025,2,Adur,Burglary,29,1777273,17,55.24,5.38,0.0163
Sussex,2025,2,Adur,Criminal Damage And Arson,103,1777273,36,52.91,5.36,0.058
Sussex,2025,2,Adur,Drugs,18,1777273,13,42.25,4.39,0.0101
Sussex,2025,2,Adur,Other Crime,30,1777273,17,57.56,5.67,0.0169
Sussex,2025,2,Adur,Other Theft,62,1777273,25,52.08,5.27,0.0349
Sussex,2025,2,Adur,Possession Of Weapons,13,1777273,10,55.04,5.69,0.0073
Sussex,2025,2,Adur,Public Order,99,1777273,35,48.69,4.87,0.0557
Sussex,2025,2,Adur,Robbery,11,1777273,5,33.55,3.82,0.0062
Sussex,2025,2,Adur,Shoplifting,209,1777273,14,40.91,4.27,0.1176
Sussex,2025,2,Adur,Theft From The Person,5,1777273,5,37.79,4.2,0.0028
Sussex,2025,2,Adur,Vehicle Crime,42,1777273,21,53.2,5.36,0.0236
Sussex,2025,2,Adur,Violence And Sexual Offences,394,1777273,42,52.47,5.23,0.2217
Sussex,2025,2,Arun,Bicycle Theft,32,1777273,25,46.96,5.41,0.018
Sussex,2025,2,Arun,Burglary,163,1777273,58,39.84,5.0,0.0917
Sussex,2025,2,Arun,Criminal Damage And Arson,330,1777273,83,36.71,4.56,0.1857
Sussex,2025,2,Arun,Drugs,83,1777273,43,38.23,4.58,0.0467
Sussex,2025,2,Arun,Other Crime,95,1777273,52,38.47,4.69,0.0535
Sussex,2025,2,Arun,Other Theft,230,1777273,74,39.19,4.83,0.1294
Sussex,2025,2,Arun,Possession Of Weapons,57,1777273,31,30.66,3.93,0.0321
Sussex,2025,2,Arun,Public Order,310,1777273,88,38.01,4.7,0.1744
Sussex,2025,2,Arun,Robbery,43,1777273,29,33.78,4.21,0.0242
Sussex,2025,2,Arun,Shoplifting,372,1777273,42,34.75,4.41,0.2093
Sussex,2025,2,Arun,Theft From The Person,13,1777273,12,29.33,3.92,0.0073
Sussex,2025,2,Arun,Vehicle Crime,184,1777273,73,46.38,5.42,0.1035
Sussex,2025,2,Arun,Violence And Sexual Offences,1347,1777273,98,38.59,4.65,0.7579
Sussex,2025,2,Ashford,Drugs,1,1777273,1,63.93,6.0,0.0006
Sussex,2025,2,Ashford,Violence And Sexual Offences,4,1777273,4,57.38,7.5,0.0023
Sussex,2025,2,Brighton and Hove,Bicycle Theft,100,1777273,43,40.96,5.4,0.0563
Sussex,2025,2,Brighton and Hove,Burglary,232,1777273,101,39.98,4.85,0.1305
Sussex,2025,2,Brighton and Hove,Criminal Damage And Arson,545,1777273,137,37.5,4.53,0.3066
Sussex,2025,2,Brighton and Hove,Drugs,366,1777273,108,34.24,4.56,0.2059
Sussex,2025,2,Brighton and Hove,Other Crime,177,1777273,80,34.95,4.5,0.0996
Sussex,2025,2,Brighton and Hove,Other Theft,685,1777273,137,37.98,4.89,0.3854
Sussex,2025,2,Brighton and Hove,Possession Of Weapons,111,1777273,56,33.82,4.33,0.0625
Sussex,2025,2,Brighton and Hove,Public Order,867,1777273,133,34.02,4.52,0.4878
Sussex,2025,2,Brighton and Hove,Robbery,148,1777273,55,31.95,4.68,0.0833
Sussex,2025,2,Brighton and Hove,Shoplifting,1271,1777273,54,29.73,4.47,0.7151
Sussex,2025,2,Brighton and Hove,Theft From The Person,135,1777273,31,33.98,5.37,0.076
Sussex,2025,2,Brighton and Hove,Vehicle Crime,254,1777273,109,43.48,5.06,0.1429
Sussex,2025,2,Brighton and Hove,Violence And Sexual Offences,2842,1777273,163,34.99,4.53,1.5991
Sussex,2025,2,Chichester,Bicycle Theft,35,1777273,15,56.17,6.29,0.0197
Sussex,2025,2,Chichester,Burglary,98,1777273,41,54.88,6.89,0.0551
Sussex,2025,2,Chichester,Criminal Damage And Arson,243,1777273,65,53.85,6.03,0.1367
Sussex,2025,2,Chichester,Drugs,60,1777273,29,50.87,5.73,0.0338
Sussex,2025,2,Chichester,Other Crime,44,1777273,29,53.01,5.82,0.0248
Sussex,2025,2,Chichester,Other Theft,147,1777273,60,55.53,6.5,0.0827
Sussex,2025,2,Chichester,Possession Of Weapons,34,1777273,23,45.08,5.12,0.0191
Sussex,2025,2,Chichester,Public Order,231,1777273,58,52.48,5.7,0.13
Sussex,2025,2,Chichester,Robbery,20,1777273,12,51.4,5.95,0.0113
Sussex,2025,2,Chichester,Shoplifting,266,1777273,28,50.17,5.55,0.1497
Sussex,2025,2,Chichester,Theft From The Person,18,1777273,7,55.86,6.61,0.0101
Sussex,2025,2,Chichester,Vehicle Crime,98,1777273,40,49.38,6.02,0.0551
Sussex,2025,2,Chichester,Violence And Sexual Offences,844,1777273,74,52.4,5.79,0.4749
Sussex,2025,2,Crawley,Bicycle Theft,39,1777273,18,36.56,3.85,0.0219
Sussex,2025,2,Crawley,Burglary,70,1777273,31,41.28,4.34,0.0394
Sussex,2025,2,Crawley,Criminal Damage And Arson,234,1777273,58,36.45,3.88,0.1317
Sussex,2025,2,Crawley,Drugs,185,1777273,51,36.09,3.8,0.1041
Sussex,2025,2,Crawley,Other Crime,89,1777273,43,37.68,3.94,0.0501
Sussex,2025,2,Crawley,Other Theft,359,1777273,56,34.33,3.96,0.202
Sussex,2025,2,Crawley,Possession Of Weapons,141,1777273,32,32.11,4.06,0.0793
Sussex,2025,2,Crawley,Public Order,317,1777273,60,35.96,3.88,0.1784
Sussex,2025,2,Crawley,Robbery,49,1777273,25,36.92,3.88,0.0276
Sussex,2025,2,Crawley,Shoplifting,540,1777273,23,31.31,3.38,0.3038
Sussex,2025,2,Crawley,Theft From The Person,30,1777273,14,36.27,4.27,0.0169
Sussex,2025,2,Crawley,Vehicle Crime,126,1777273,45,41.58,4.44,0.0709
Sussex,2025,2,Crawley,Violence And Sexual Offences,1409,1777273,65,36.27,3.9,0.7928
Sussex,2025,2,Croydon,Public Order,1,1777273,1,61.37,6.0,0.0006
Sussex,2025,2,Croydon,Violence And Sexual Offences,4,1777273,3,33.76,3.0,0.0023
Sussex,2025,2,East Hampshire,Criminal Damage And Arson,1,1777273,1,83.71,9.0,0.0006
Sussex,2025,2,East Hampshire,Other Theft,3,1777273,3,90.49,9.33,0.0017
Sussex,2025,2,East Hampshire,Public Order,2,1777273,2,91.71,9.5,0.0011
Sussex,2025,2,East Hampshire,Violence And Sexual Offences,1,1777273,1,83.71,9.0,0.0006
Sussex,2025,2,Eastbourne,Bicycle Theft,30,1777273,18,24.31,2.7,0.0169
Sussex,2025,2,Eastbourne,Burglary,74,1777273,29,37.39,3.84,0.0416
Sussex,2025,2,Eastbourne,Criminal Damage And Arson,260,1777273,54,31.75,3.38,0.1463
Sussex,2025,2,Eastbourne,Drugs,96,1777273,26,23.93,2.78,0.054
Sussex,2025,2,Eastbourne,Other Crime,67,1777273,37,32.46,3.55,0.0377
Sussex,2025,2,Eastbourne,Other Theft,200,1777273,48,31.76,3.54,0.1125
Sussex,2025,2,Eastbourne,Possession Of Weapons,49,1777273,24,35.32,3.76,0.0276
Sussex,2025,2,Eastbourne,Public Order,295,1777273,52,30.62,3.37,0.166
Sussex,2025,2,Eastbourne,Robbery,47,1777273,22,23.45,2.77,0.0264
Sussex,2025,2,Eastbourne,Shoplifting,781,1777273,23,48.91,4.65,0.4394
Sussex,2025,2,Eastbourne,Theft From The Person,21,1777273,7,27.34,3.38,0.0118
Sussex,2025,2,Eastbourne,Vehicle Crime,75,1777273,35,37.26,3.93,0.0422
Sussex,2025,2,Eastbourne,Violence And Sexual Offences,1156,1777273,59,29.99,3.31,0.6504
Sussex,2025,2,Elmbridge,Violence And Sexual Offences,1,1777273,1,77.63,7.0,0.0006
Sussex,2025,2,Fareham,Violence And Sexual Offences,1,1777273,1,82.27,8.0,0.0006
Sussex,2025,2,Folkestone and Hythe,Violence And Sexual Offences,3,1777273,3,24.46,5.0,0.0017
Sussex,2025,2,Gosport,Violence And Sexual Offences,2,1777273,1,15.68,2.0,0.0011
Sussex,2025,2,Guildford,Other Theft,1,1777273,1,40.63,4.0,0.0006
Sussex,2025,2,Hastings,Bicycle Theft,25,1777273,13,11.2,2.44,0.0141
Sussex,2025,2,Hastings,Burglary,57,1777273,28,14.67,2.81,0.0321
Sussex,2025,2,Hastings,Criminal Damage And Arson,242,1777273,50,16.1,2.76,0.1362
Sussex,2025,2,Hastings,Drugs,96,1777273,29,15.79,2.75,0.054
Sussex,2025,2,Hastings,Other Crime,63,1777273,30,17.83,2.87,0.0354
Sussex,2025,2,Hastings,Other Theft,164,1777273,43,16.64,2.87,0.0923
Sussex,2025,2,Hastings,Possession Of Weapons,64,1777273,29,13.62,2.53,0.036
Sussex,2025,2,Hastings,Public Order,226,1777273,47,17.21,2.83,0.1272
Sussex,2025,2,Hastings,Robbery,33,1777273,20,14.03,2.7,0.0186
Sussex,2025,2,Hastings,Shoplifting,348,1777273,29,16.72,2.84,0.1958
Sussex,2025,2,Hastings,Theft From The Person,14,1777273,10,11.0,2.64,0.0079
Sussex,2025,2,Hastings,Vehicle Crime,93,1777273,40,16.58,2.98,0.0523
Sussex,2025,2,Hastings,Violence And Sexual Offences,1116,1777273,53,17.14,2.83,0.6279
Sussex,2025,2,Havant,Other Crime,1,1777273,1,58.43,8.0,0.0006
Sussex,2025,2,Havant,Violence And Sexual Offences,1,1777273,1,74.1,8.0,0.0006
Sussex,2025,2,Horsham,Bicycle Theft,14,1777273,9,60.63,6.0,0.0079
Sussex,2025,2,Horsham,Burglary,69,1777273,40,69.01,7.12,0.0388
Sussex,2025,2,Horsham,Criminal Damage And Arson,176,1777273,61,64.24,6.55,0.099
Sussex,2025,2,Horsham,Drugs,53,1777273,33,65.63,6.55,0.0298
Sussex,2025,2,Horsham,Other Crime,53,1777273,32,69.05,7.55,0.0298
Sussex,2025,2,Horsham,Other Theft,135,1777273,62,69.15,7.01,0.076
Sussex,2025,2,Horsham,Possession Of Weapons,31,1777273,22,64.82,6.61,0.0174
Sussex,2025,2,Horsham,Public Order,189,1777273,63,65.68,6.67,0.1063
Sussex,2025,2,Horsham,Robbery,20,1777273,10,58.2,6.1,0.0113
Sussex,2025,2,Horsham,Shoplifting,316,1777273,22,64.06,6.32,0.1778
Sussex,2025,2,Horsham,Theft From The Person,12,1777273,7,46.72,5.08,0.0068
Sussex,2025,2,Horsham,Vehicle Crime,78,1777273,44,69.78,7.24,0.0439
Sussex,2025,2,Horsham,Violence And Sexual Offences,763,1777273,86,67.59,6.71,0.4293
Sussex,2025,2,Lewes,Bicycle Theft,13,1777273,11,48.82,5.15,0.0073
Sussex,2025,2,Lewes,Burglary,41,1777273,24,58.71,6.12,0.0231
Sussex,2025,2,Lewes,Criminal Damage And Arson,170,1777273,41,48.57,5.15,0.0957
Sussex,2025,2,Lewes,Drugs,49,1777273,29,51.24,5.27,0.0276
Sussex,2025,2,Lewes,Other Crime,56,1777273,23,45.81,5.2,0.0315
Sussex,2025,2,Lewes,Other Theft,111,1777273,43,50.7,5.34,0.0625
Sussex,2025,2,Lewes,Possession Of Weapons,27,1777273,22,42.6,4.56,0.0152
Sussex,2025,2,Lewes,Public Order,158,1777273,48,47.02,4.93,0.0889
Sussex,2025,2,Lewes,Robbery,14,1777273,8,49.59,5.14,0.0079
Sussex,2025,2,Lewes,Shoplifting,185,1777273,16,39.6,4.11,0.1041
Sussex,2025,2,Lewes,Theft From The Person,6,1777273,6,45.48,4.67,0.0034
Sussex,2025,2,Lewes,Vehicle Crime,54,1777273,31,56.21,6.0,0.0304
Sussex,2025,2,Lewes,Violence And Sexual Offences,714,1777273,62,48.24,5.11,0.4017
Sussex,2025,2,Merton,Other Theft,1,1777273,1,45.09,4.0,0.0006
Sussex,2025,2,Mid Sussex,Bicycle Theft,17,1777273,14,78.22,8.06,0.0096
Sussex,2025,2,Mid Sussex,Burglary,86,1777273,47,76.02,7.55,0.0484
Sussex,2025,2,Mid Sussex,Criminal Damage And Arson,208,1777273,68,69.32,6.83,0.117
Sussex,2025,2,Mid Sussex,Drugs,51,1777273,33,74.18,7.61,0.0287
Sussex,2025,2,Mid Sussex,Other Crime,66,1777273,39,73.19,7.36,0.0371
Sussex,2025,2,Mid Sussex,Other Theft,126,1777273,67,76.05,7.63,0.0709
Sussex,2025,2,Mid Sussex,Possession Of Weapons,30,1777273,27,72.84,7.07,0.0169
Sussex,2025,2,Mid Sussex,Public Order,187,1777273,72,71.53,6.9,0.1052
Sussex,2025,2,Mid Sussex,Robbery,21,1777273,12,67.23,6.48,0.0118
Sussex,2025,2,Mid Sussex,Shoplifting,149,1777273,26,77.54,7.53,0.0838
Sussex,2025,2,Mid Sussex,Theft From The Person,12,1777273,9,70.57,6.75,0.0068
Sussex,2025,2,Mid Sussex,Vehicle Crime,139,1777273,61,75.91,7.63,0.0782
Sussex,2025,2,Mid Sussex,Violence And Sexual Offences,858,1777273,88,72.54,6.94,0.4828
Sussex,2025,2,Mole Valley,Burglary,1,1777273,1,63.9,7.0,0.0006
Sussex,2025,2,Mole Valley,Drugs,1,1777273,1,47.21,6.0,0.0006
Sussex,2025,2,Mole Valley,Other Crime,3,1777273,3,61.83,7.33,0.0017
Sussex,2025,2,Mole Valley,Other Theft,1,1777273,1,56.74,8.0,0.0006
Sussex,2025,2,Mole Valley,Vehicle Crime,4,1777273,1,56.74,8.0,0.0023
Sussex,2025,2,Mole Valley,Violence And Sexual Offences,2,1777273,2,60.32,7.5,0.0011
Sussex,2025,2,Portsmouth,Public Order,1,1777273,1,7.21,2.0,0.0006
Sussex,2025,2,Portsmouth,Violence And Sexual Offences,2,1777273,2,40.89,4.5,0.0011
Sussex,2025,2,Reigate and Banstead,Burglary,1,1777273,1,65.74,8.0,0.0006
Sussex,2025,2,Reigate and Banstead,Criminal Damage And Arson,1,1777273,1,68.12,5.0,0.0006
Sussex,2025,2,Reigate and Banstead,Drugs,3,1777273,3,51.55,5.33,0.0017
Sussex,2025,2,Reigate and Banstead,Other Theft,2,1777273,2,88.21,9.0,0.0011
Sussex,2025,2,Reigate and Banstead,Possession Of Weapons,1,1777273,1,47.23,5.0,0.0006
Sussex,2025,2,Reigate and Banstead,Public Order,4,1777273,2,44.84,5.0,0.0023
Sussex,2025,2,Reigate and Banstead,Shoplifting,1,1777273,1,88.28,8.0,0.0006
Sussex,2025,2,Reigate and Banstead,Vehicle Crime,1,1777273,1,82.25,7.0,0.0006
Sussex,2025,2,Reigate and Banstead,Violence And Sexual Offences,8,1777273,7,70.0,6.62,0.0045
Sussex,2025,2,Rother,Bicycle Theft,7,1777273,6,47.56,6.14,0.0039
Sussex,2025,2,Rother,Burglary,44,1777273,31,38.84,5.3,0.0248
Sussex,2025,2,Rother,Criminal Damage And Arson,194,1777273,50,33.33,4.4,0.1092
Sussex,2025,2,Rother,Drugs,25,1777273,18,34.86,4.92,0.0141
Sussex,2025,2,Rother,Other Crime,50,1777273,29,30.07,4.16,0.0281
Sussex,2025,2,Rother,Other Theft,111,1777273,48,33.16,4.63,0.0625
Sussex,2025,2,Rother,Possession Of Weapons,23,1777273,16,25.84,3.74,0.0129
Sussex,2025,2,Rother,Public Order,141,1777273,46,34.23,4.46,0.0793
Sussex,2025,2,Rother,Robbery,11,1777273,6,21.39,3.0,0.0062
Sussex,2025,2,Rother,Shoplifting,181,1777273,18,28.01,3.85,0.1018
Sussex,2025,2,Rother,Theft From The Person,6,1777273,6,36.36,4.33,0.0034
Sussex,2025,2,Rother,Vehicle Crime,54,1777273,34,39.0,5.22,0.0304
Sussex,2025,2,Rother,Violence And Sexual Offences,642,1777273,56,33.21,4.48,0.3612
Sussex,2025,2,Runnymede,Violence And Sexual Offences,1,1777273,1,52.15,5.0,0.0006
Sussex,2025,2,Sevenoaks,Other Crime,1,1777273,1,76.26,7.0,0.0006
Sussex,2025,2,Slough,Drugs,16,1777273,1,59.47,5.0,0.009
Sussex,2025,2,Surrey Heath,Violence And Sexual Offences,1,1777273,1,82.94,9.0,0.0006
Sussex,2025,2,Sutton,Other Crime,1,1777273,1,54.13,5.0,0.0006
Sussex,2025,2,Sutton,Violence And Sexual Offences,5,1777273,5,56.99,5.2,0.0028
Sussex,2025,2,Tandridge,Criminal Damage And Arson,1,1777273,1,73.25,8.0,0.0006
Sussex,2025,2,Tandridge,Drugs,1,1777273,1,72.04,7.0,0.0006
Sussex,2025,2,Tandridge,Other Crime,2,1777273,2,41.79,6.0,0.0011
Sussex,2025,2,Tandridge,Other Theft,1,1777273,1,73.25,8.0,0.0006
Sussex,2025,2,Tandridge,Violence And Sexual Offences,10,1777273,6,61.63,7.0,0.0056
Sussex,2025,2,Tonbridge and Malling,Violence And Sexual Offences,1,1777273,1,86.33,8.0,0.0006
Sussex,2025,2,Tunbridge Wells,Burglary,1,1777273,1,75.5,9.0,0.0006
Sussex,2025,2,Tunbridge Wells,Criminal Damage And Arson,1,1777273,1,13.96,2.0,0.0006
Sussex,2025,2,Tunbridge Wells,Other Crime,1,1777273,1,79.44,7.0,0.0006
Sussex,2025,2,Tunbridge Wells,Other Theft,3,1777273,3,61.76,7.67,0.0017
Sussex,2025,2,Tunbridge Wells,Possession Of Weapons,1,1777273,1,65.73,10.0,0.0006
Sussex,2025,2,Tunbridge Wells,Violence And Sexual Offences,6,1777273,6,51.22,6.17,0.0034
Sussex,2025,2,Waverley,Other Crime,1,1777273,1,96.44,10.0,0.0006
Sussex,2025,2,Waverley,Vehicle Crime,2,1777273,2,76.26,7.5,0.0011
Sussex,2025,2,Waverley,Violence And Sexual Offences,3,1777273,2,82.42,8.33,0.0017
Sussex,2025,2,Wealden,Bicycle Theft,4,1777273,3,54.51,5.75,0.0023
Sussex,2025,2,Wealden,Burglary,91,1777273,53,65.05,7.13,0.0512
Sussex,2025,2,Wealden,Criminal Damage And Arson,183,1777273,74,61.3,6.4,0.103
Sussex,2025,2,Wealden,Drugs,30,1777273,25,58.89,6.4,0.0169
Sussex,2025,2,Wealden,Other Crime,57,1777273,41,59.49,6.32,0.0321
Sussex,2025,2,Wealden,Other Theft,144,1777273,73,60.15,6.8,0.081
Sussex,2025,2,Wealden,Possession Of Weapons,30,1777273,25,63.42,6.93,0.0169
Sussex,2025,2,Wealden,Public Order,165,1777273,69,60.66,6.45,0.0928
Sussex,2025,2,Wealden,Robbery,8,1777273,7,58.15,6.0,0.0045
Sussex,2025,2,Wealden,Shoplifting,237,1777273,20,60.22,5.89,0.1334
Sussex,2025,2,Wealden,Theft From The Person,4,1777273,4,68.57,7.0,0.0023
Sussex,2025,2,Wealden,Vehicle Crime,56,1777273,39,63.74,7.09,0.0315
Sussex,2025,2,Wealden,Violence And Sexual Offences,850,1777273,97,60.59,6.26,0.4783
Sussex,2025,2,Worthing,Bicycle Theft,44,1777273,21,40.62,4.66,0.0248
Sussex,2025,2,Worthing,Burglary,54,1777273,39,47.9,5.15,0.0304
Sussex,2025,2,Worthing,Criminal Damage And Arson,151,1777273,54,47.78,5.01,0.085
Sussex,2025,2,Worthing,Drugs,81,1777273,34,42.07,4.41,0.0456
Sussex,2025,2,Worthing,Other Crime,53,1777273,29,50.34,5.17,0.0298
Sussex,2025,2,Worthing,Other Theft,103,1777273,45,48.42,5.1,0.058
Sussex,2025,2,Worthing,Possession Of Weapons,36,1777273,24,50.48,5.31,0.0203
Sussex,2025,2,Worthing,Public Order,235,1777273,53,43.89,4.74,0.1322
Sussex,2025,2,Worthing,Robbery,31,1777273,22,49.48,5.42,0.0174
Sussex,2025,2,Worthing,Shoplifting,340,1777273,26,51.28,5.6,0.1913
Sussex,2025,2,Worthing,Theft From The Person,13,1777273,8,35.01,4.31,0.0073
Sussex,2025,2,Worthing,Vehicle Crime,94,1777273,48,51.62,5.31,0.0529
Sussex,2025,2,Worthing,Violence And Sexual Offences,935,1777273,68,47.94,5.07,0.5261
Sussex,2025,3,Adur,Bicycle Theft,5,1777273,4,40.8,4.2,0.0028
Sussex,2025,3,Adur,Burglary,32,1777273,23,52.36,5.19,0.018
Sussex,2025,3,Adur,Criminal Damage And Arson,76,1777273,31,48.74,4.87,0.0428
Sussex,2025,3,Adur,Drugs,30,1777273,17,46.12,4.73,0.0169
Sussex,2025,3,Adur,Other Crime,24,1777273,18,52.31,5.38,0.0135
Sussex,2025,3,Adur,Other Theft,80,1777273,31,58.19,5.95,0.045
Sussex,2025,3,Adur,Possession Of Weapons,12,1777273,9,46.29,4.67,0.0068
Sussex,2025,3,Adur,Public Order,101,1777273,34,52.0,5.32,0.0568
Sussex,2025,3,Adur,Robbery,20,1777273,16,45.79,4.65,0.0113
Sussex,2025,3,Adur,Shoplifting,159,1777273,9,39.4,4.3,0.0895
Sussex,2025,3,Adur,Theft From The Person,2,1777273,2,48.26,5.5,0.0011
Sussex,2025,3,Adur,Vehicle Crime,39,1777273,22,56.78,5.31,0.0219
Sussex,2025,3,Adur,Violence And Sexual Offences,352,1777273,40,50.47,5.16,0.1981
Sussex,2025,3,Arun,Bicycle Theft,54,1777273,31,30.16,3.89,0.0304
Sussex,2025,3,Arun,Burglary,139,1777273,62,40.99,4.98,0.0782
Sussex,2025,3,Arun,Criminal Damage And Arson,313,1777273,85,39.35,4.78,0.1761
Sussex,2025,3,Arun,Drugs,91,1777273,46,31.2,3.99,0.0512
Sussex,2025,3,Arun,Other Crime,71,1777273,37,38.53,4.72,0.0399
Sussex,2025,3,Arun,Other Theft,227,1777273,77,39.03,4.89,0.1277
Sussex,2025,3,Arun,Possession Of Weapons,42,1777273,25,40.53,4.79,0.0236
Sussex,2025,3,Arun,Public Order,281,1777273,81,38.92,4.83,0.1581
Sussex,2025,3,Arun,Robbery,64,1777273,23,29.15,3.81,0.036
Sussex,2025,3,Arun,Shoplifting,379,1777273,42,33.0,4.32,0.2132
Sussex,2025,3,Arun,Theft From The Person,10,1777273,8,33.08,4.4,0.0056
Sussex,2025,3,Arun,Vehicle Crime,135,1777273,63,44.22,5.27,0.076
Sussex,2025,3,Arun,Violence And Sexual Offences,1328,1777273,98,37.85,4.59,0.7472
Sussex,2025,3,Ashford,Public Order,1,1777273,1,30.11,4.0,0.0006
Sussex,2025,3,Ashford,Vehicle Crime,1,1777273,1,34.7,7.0,0.0006
Sussex,2025,3,Ashford,Violence And Sexual Offences,1,1777273,1,34.7,7.0,0.0006
Sussex,2025,3,Brighton and Hove,Bicycle Theft,118,1777273,55,40.15,5.28,0.0664
Sussex,2025,3,Brighton and Hove,Burglary,235,1777273,94,36.11,4.64,0.1322
Sussex,2025,3,Brighton and Hove,Criminal Damage And Arson,548,1777273,135,38.18,4.69,0.3083
Sussex,2025,3,Brighton and Hove,Drugs,404,1777273,101,34.01,4.62,0.2273
Sussex,2025,3,Brighton and Hove,Other Crime,167,1777273,71,34.68,4.77,0.094
Sussex,2025,3,Brighton and Hove,Other Theft,619,1777273,128,37.27,5.03,0.3483
Sussex,2025,3,Brighton and Hove,Possession Of Weapons,121,1777273,60,34.29,4.51,0.0681
Sussex,2025,3,Brighton and Hove,Public Order,867,1777273,135,33.12,4.55,0.4878
Sussex,2025,3,Brighton and Hove,Robbery,131,1777273,44,32.28,4.71,0.0737
Sussex,2025,3,Brighton and Hove,Shoplifting,1203,1777273,56,31.92,4.58,0.6769
Sussex,2025,3,Brighton and Hove,Theft From The Person,166,1777273,38,35.57,5.77,0.0934
Sussex,2025,3,Brighton and Hove,Vehicle Crime,230,1777273,119,45.69,5.26,0.1294
Sussex,2025,3,Brighton and Hove,Violence And Sexual Offences,2700,1777273,163,34.39,4.46,1.5192
Sussex,2025,3,Chichester,Bicycle Theft,44,1777273,15,57.85,6.27,0.0248
Sussex,2025,3,Chichester,Burglary,76,1777273,41,56.32,6.42,0.0428
Sussex,2025,3,Chichester,Criminal Damage And Arson,233,1777273,55,53.08,5.89,0.1311
Sussex,2025,3,Chichester,Drugs,40,1777273,19,53.47,5.68,0.0225
Sussex,2025,3,Chichester,Other Crime,33,1777273,21,52.62,5.3,0.0186
Sussex,2025,3,Chichester,Other Theft,165,1777273,57,54.99,6.15,0.0928
Sussex,2025,3,Chichester,Possession Of Weapons,22,1777273,14,52.7,5.59,0.0124
Sussex,2025,3,Chichester,Public Order,239,1777273,59,54.33,6.16,0.1345
Sussex,2025,3,Chichester,Robbery,30,1777273,17,50.59,5.4,0.0169
Sussex,2025,3,Chichester,Shoplifting,233,1777273,28,48.92,5.34,0.1311
Sussex,2025,3,Chichester,Theft From The Person,14,1777273,10,52.82,5.86,0.0079
Sussex,2025,3,Chichester,Vehicle Crime,74,1777273,40,52.5,6.26,0.0416
Sussex,2025,3,Chichester,Violence And Sexual Offences,773,1777273,74,53.38,5.91,0.4349
Sussex,2025,3,Crawley,Bicycle Theft,28,1777273,13,32.03,3.39,0.0158
Sussex,2025,3,Crawley,Burglary,105,1777273,40,45.32,4.63,0.0591
Sussex,2025,3,Crawley,Criminal Damage And Arson,227,1777273,58,37.61,3.9,0.1277
Sussex,2025,3,Crawley,Drugs,166,1777273,46,36.45,3.89,0.0934
Sussex,2025,3,Crawley,Other Crime,79,1777273,36,37.9,4.05,0.0445
Sussex,2025,3,Crawley,Other Theft,307,1777273,56,36.08,4.08,0.1727
Sussex,2025,3,Crawley,Possession Of Weapons,214,1777273,36,30.05,4.01,0.1204
Sussex,2025,3,Crawley,Public Order,374,1777273,60,37.56,4.03,0.2104
Sussex,2025,3,Crawley,Robbery,44,1777273,21,35.71,3.66,0.0248
Sussex,2025,3,Crawley,Shoplifting,443,1777273,22,33.47,3.51,0.2493
Sussex,2025,3,Crawley,Theft From The Person,36,1777273,12,32.96,4.08,0.0203
Sussex,2025,3,Crawley,Vehicle Crime,126,1777273,50,41.93,4.37,0.0709
Sussex,2025,3,Crawley,Violence And Sexual Offences,1260,1777273,67,36.9,3.92,0.709
Sussex,2025,3,Croydon,Violence And Sexual Offences,1,1777273,1,19.71,2.0,0.0006
Sussex,2025,3,East Hampshire,Other Theft,1,1777273,1,97.41,10.0,0.0006
Sussex,2025,3,East Hampshire,Violence And Sexual Offences,2,1777273,2,81.37,8.0,0.0011
Sussex,2025,3,Eastbourne,Bicycle Theft,34,1777273,21,34.69,3.62,0.0191
Sussex,2025,3,Eastbourne,Burglary,99,1777273,32,26.17,2.99,0.0557
Sussex,2025,3,Eastbourne,Criminal Damage And Arson,221,1777273,52,29.53,3.29,0.1243
Sussex,2025,3,Eastbourne,Drugs,120,1777273,32,30.14,3.38,0.0675
Sussex,2025,3,Eastbourne,Other Crime,67,1777273,32,26.85,2.93,0.0377
Sussex,2025,3,Eastbourne,Other Theft,209,1777273,50,29.96,3.3,0.1176
Sussex,2025,3,Eastbourne,Possession Of Weapons,48,1777273,24,22.92,2.67,0.027
Sussex,2025,3,Eastbourne,Public Order,290,1777273,49,33.81,3.54,0.1632
Sussex,2025,3,Eastbourne,Robbery,47,1777273,19,25.55,2.98,0.0264
Sussex,2025,3,Eastbourne,Shoplifting,476,1777273,24,39.96,3.93,0.2678
Sussex,2025,3,Eastbourne,Theft From The Person,22,1777273,8,15.3,2.09,0.0124
Sussex,2025,3,Eastbourne,Vehicle Crime,59,1777273,29,32.29,3.63,0.0332
Sussex,2025,3,Eastbourne,Violence And Sexual Offences,1073,1777273,60,30.78,3.4,0.6037
Sussex,2025,3,Elmbridge,Other Theft,1,1777273,1,61.54,5.0,0.0006
Sussex,2025,3,Elmbridge,Violence And Sexual Offences,1,1777273,1,99.75,10.0,0.0006
Sussex,2025,3,Epsom and Ewell,Violence And Sexual Offences,1,1777273,1,88.25,8.0,0.0006
Sussex,2025,3,Guildford,Violence And Sexual Offences,1,1777273,1,98.49,10.0,0.0006
Sussex,2025,3,Hart,Violence And Sexual Offences,1,1777273,1,74.96,6.0,0.0006
Sussex,2025,3,Hastings,Bicycle Theft,23,1777273,13,10.35,2.35,0.0129
Sussex,2025,3,Hastings,Burglary,85,1777273,39,19.89,3.33,0.0478
Sussex,2025,3,Hastings,Criminal Damage And Arson,230,1777273,45,15.9,2.71,0.1294
Sussex,2025,3,Hastings,Drugs,88,1777273,27,11.92,2.34,0.0495
Sussex,2025,3,Hastings,Other Crime,47,1777273,22,19.69,2.94,0.0264
Sussex,2025,3,Hastings,Other Theft,180,1777273,46,19.04,3.24,0.1013
Sussex,2025,3,Hastings,Possession Of Weapons,33,1777273,21,14.24,2.61,0.0186
Sussex,2025,3,Hastings,Public Order,265,1777273,48,16.36,2.81,0.1491
Sussex,2025,3,Hastings,Robbery,34,1777273,22,16.58,2.88,0.0191
Sussex,2025,3,Hastings,Shoplifting,454,1777273,25,15.17,2.68,0.2554
Sussex,2025,3,Hastings,Theft From The Person,10,1777273,7,14.96,2.4,0.0056
Sussex,2025,3,Hastings,Vehicle Crime,122,1777273,47,21.32,3.52,0.0686
Sussex,2025,3,Hastings,Violence And Sexual Offences,1062,1777273,53,16.99,2.83,0.5975
Sussex,2025,3,Havant,Bicycle Theft,1,1777273,1,66.46,7.0,0.0006
Sussex,2025,3,Havant,Other Crime,1,1777273,1,79.02,8.0,0.0006
Sussex,2025,3,Havant,Other Theft,1,1777273,1,66.46,7.0,0.0006
Sussex,2025,3,Havant,Shoplifting,1,1777273,1,66.46,7.0,0.0006
Sussex,2025,3,Horsham,Bicycle Theft,14,1777273,10,61.27,6.0,0.0079
Sussex,2025,3,Horsham,Burglary,72,1777273,42,68.59,7.42,0.0405
Sussex,2025,3,Horsham,Criminal Damage And Arson,191,1777273,62,62.93,6.6,0.1075
Sussex,2025,3,Horsham,Drugs,36,1777273,22,67.13,6.81,0.0203
Sussex,2025,3,Horsham,Other Crime,39,1777273,32,71.01,7.21,0.0219
Sussex,2025,3,Horsham,Other Theft,112,1777273,56,70.37,7.12,0.063
Sussex,2025,3,Horsham,Possession Of Weapons,21,1777273,19,73.36,7.38,0.0118
Sussex,2025,3,Horsham,Public Order,188,1777273,72,69.01,7.06,0.1058
Sussex,2025,3,Horsham,Robbery,19,1777273,8,66.26,6.26,0.0107
Sussex,2025,3,Horsham,Shoplifting,239,1777273,28,59.5,5.89,0.1345
Sussex,2025,3,Horsham,Theft From The Person,4,1777273,3,44.38,4.75,0.0023
Sussex,2025,3,Horsham,Vehicle Crime,69,1777273,44,72.48,7.64,0.0388
Sussex,2025,3,Horsham,Violence And Sexual Offences,695,1777273,89,66.2,6.72,0.391
Sussex,2025,3,Lewes,Bicycle Theft,11,1777273,8,50.33,5.36,0.0062
Sussex,2025,3,Lewes,Burglary,41,1777273,26,48.44,5.17,0.0231
Sussex,2025,3,Lewes,Criminal Damage And Arson,138,1777273,43,45.51,4.97,0.0776
Sussex,2025,3,Lewes,Drugs,47,1777273,19,40.08,4.34,0.0264
Sussex,2025,3,Lewes,Other Crime,56,1777273,29,48.64,5.64,0.0315
Sussex,2025,3,Lewes,Other Theft,95,1777273,42,47.35,5.02,0.0535
Sussex,2025,3,Lewes,Possession Of Weapons,17,1777273,12,36.24,3.82,0.0096
Sussex,2025,3,Lewes,Public Order,155,1777273,47,44.86,4.65,0.0872
Sussex,2025,3,Lewes,Robbery,19,1777273,11,38.0,4.0,0.0107
Sussex,2025,3,Lewes,Shoplifting,167,1777273,14,43.35,4.44,0.094
Sussex,2025,3,Lewes,Theft From The Person,10,1777273,8,45.23,4.8,0.0056
Sussex,2025,3,Lewes,Vehicle Crime,41,1777273,29,43.64,4.71,0.0231
Sussex,2025,3,Lewes,Violence And Sexual Offences,635,1777273,61,47.81,5.07,0.3573
Sussex,2025,3,Mid Sussex,Bicycle Theft,12,1777273,10,66.75,6.83,0.0068
Sussex,2025,3,Mid Sussex,Burglary,79,1777273,42,69.79,6.72,0.0445
Sussex,2025,3,Mid Sussex,Criminal Damage And Arson,205,1777273,65,72.87,7.23,0.1153
Sussex,2025,3,Mid Sussex,Drugs,56,1777273,36,73.72,7.23,0.0315
Sussex,2025,3,Mid Sussex,Other Crime,44,1777273,33,70.58,6.8,0.0248
Sussex,2025,3,Mid Sussex,Other Theft,154,1777273,65,77.66,7.66,0.0866
Sussex,2025,3,Mid Sussex,Possession Of Weapons,33,1777273,25,73.36,7.3,0.0186
Sussex,2025,3,Mid Sussex,Public Order,212,1777273,68,71.26,6.8,0.1193
Sussex,2025,3,Mid Sussex,Robbery,19,1777273,10,70.88,6.37,0.0107
Sussex,2025,3,Mid Sussex,Shoplifting,129,1777273,30,71.57,7.11,0.0726
Sussex,2025,3,Mid Sussex,Theft From The Person,5,1777273,5,60.29,5.8,0.0028
Sussex,2025,3,Mid Sussex,Vehicle Crime,77,1777273,44,75.46,7.39,0.0433
Sussex,2025,3,Mid Sussex,Violence And Sexual Offences,762,1777273,88,73.08,7.07,0.4287
Sussex,2025,3,Mole Valley,Criminal Damage And Arson,2,1777273,1,56.74,8.0,0.0011
Sussex,2025,3,Mole Valley,Other Crime,2,1777273,2,53.57,5.0,0.0011
Sussex,2025,3,Mole Valley,Other Theft,1,1777273,1,47.21,6.0,0.0006
Sussex,2025,3,Mole Valley,Violence And Sexual Offences,1,1777273,1,63.9,7.0,0.0006
Sussex,2025,3,Portsmouth,Other Crime,1,1777273,1,53.56,6.0,0.0006
Sussex,2025,3,Portsmouth,Violence And Sexual Offences,2,1777273,2,39.49,4.5,0.0011
Sussex,2025,3,Reigate and Banstead,Drugs,2,1777273,2,51.58,5.5,0.0011
Sussex,2025,3,Reigate and Banstead,Other Crime,1,1777273,1,73.14,8.0,0.0006
Sussex,2025,3,Reigate and Banstead,Other Theft,1,1777273,1,64.98,6.0,0.0006
Sussex,2025,3,Reigate and Banstead,Possession Of Weapons,1,1777273,1,88.28,8.0,0.0006
Sussex,2025,3,Reigate and Banstead,Public Order,3,1777273,2,53.61,5.0,0.0017
Sussex,2025,3,Reigate and Banstead,Shoplifting,1,1777273,1,88.28,8.0,0.0006
Sussex,2025,3,Reigate and Banstead,Vehicle Crime,1,1777273,1,23.94,3.0,0.0006
Sussex,2025,3,Reigate and Banstead,Violence And Sexual Offences,2,1777273,2,65.87,6.0,0.0011
Sussex,2025,3,Rother,Bicycle Theft,13,1777273,8,24.43,3.54,0.0073
Sussex,2025,3,Rother,Burglary,50,1777273,34,41.82,5.96,0.0281
Sussex,2025,3,Rother,Criminal Damage And Arson,167,1777273,48,35.43,4.82,0.094
Sussex,2025,3,Rother,Drugs,25,1777273,22,36.77,4.92,0.0141
Sussex,2025,3,Rother,Other Crime,33,1777273,21,47.35,5.7,0.0186
Sussex,2025,3,Rother,Other Theft,89,1777273,44,36.97,4.99,0.0501
Sussex,2025,3,Rother,Possession Of Weapons,15,1777273,13,31.56,4.13,0.0084
Sussex,2025,3,Rother,Public Order,146,1777273,45,31.89,4.32,0.0821
Sussex,2025,3,Rother,Robbery,18,1777273,10,26.69,3.22,0.0101
Sussex,2025,3,Rother,Shoplifting,188,1777273,15,23.74,3.23,0.1058
Sussex,2025,3,Rother,Theft From The Person,3,1777273,2,37.73,4.0,0.0017
Sussex,2025,3,Rother,Vehicle Crime,52,1777273,34,39.91,5.31,0.0293
Sussex,2025,3,Rother,Violence And Sexual Offences,618,1777273,58,36.55,4.92,0.3477
Sussex,2025,3,Runnymede,Violence And Sexual Offences,1,1777273,1,74.39,7.0,0.0006
Sussex,2025,3,Rushmoor,Other Theft,1,1777273,1,67.37,6.0,0.0006
Sussex,2025,3,Slough,Drugs,57,1777273,1,59.47,5.0,0.0321
Sussex,2025,3,Slough,Other Crime,1,1777273,1,59.47,5.0,0.0006
Sussex,2025,3,Spelthorne,Violence And Sexual Offences,1,1777273,1,77.59,7.0,0.0006
Sussex,2025,3,Surrey Heath,Vehicle Crime,1,1777273,1,45.66,7.0,0.0006
Sussex,2025,3,Sutton,Other Crime,1,1777273,1,94.58,10.0,0.0006
Sussex,2025,3,Sutton,Violence And Sexual Offences,1,1777273,1,27.21,2.0,0.0006
Sussex,2025,3,Tandridge,Criminal Damage And Arson,2,1777273,2,41.79,6.0,0.0011
Sussex,2025,3,Tandridge,Drugs,1,1777273,1,73.25,8.0,0.0006
Sussex,2025,3,Tandridge,Other Theft,5,1777273,3,68.96,8.0,0.0028
Sussex,2025,3,Tandridge,Public Order,1,1777273,1,73.25,8.0,0.0006
Sussex,2025,3,Tandridge,Vehicle Crime,2,1777273,2,39.0,5.5,0.0011
Sussex,2025,3,Tandridge,Violence And Sexual Offences,11,1777273,7,58.66,7.09,0.0062
Sussex,2025,3,Tonbridge and Malling,Public Order,1,1777273,1,49.38,5.0,0.0006
Sussex,2025,3,Tunbridge Wells,Burglary,1,1777273,1,92.5,9.0,0.0006
Sussex,2025,3,Tunbridge Wells,Criminal Damage And Arson,1,1777273,1,72.62,8.0,0.0006
Sussex,2025,3,Tunbridge Wells,Drugs,1,1777273,1,39.67,5.0,0.0006
Sussex,2025,3,Tunbridge Wells,Public Order,1,1777273,1,75.91,8.0,0.0006
Sussex,2025,3,Tunbridge Wells,Robbery,1,1777273,1,38.0,4.0,0.0006
Sussex,2025,3,Tunbridge Wells,Violence And Sexual Offences,2,1777273,2,89.71,9.5,0.0011
Sussex,2025,3,Waverley,Drugs,1,1777273,1,40.87,5.0,0.0006
Sussex,2025,3,Waverley,Other Theft,1,1777273,1,71.71,8.0,0.0006
Sussex,2025,3,Waverley,Vehicle Crime,1,1777273,1,87.43,9.0,0.0006
Sussex,2025,3,Waverley,Violence And Sexual Offences,4,1777273,4,64.52,6.0,0.0023
Sussex,2025,3,Wealden,Burglary,71,1777273,48,62.91,6.62,0.0399
Sussex,2025,3,Wealden,Criminal Damage And Arson,192,1777273,74,61.87,6.33,0.108
Sussex,2025,3,Wealden,Drugs,27,1777273,22,58.97,6.04,0.0152
Sussex,2025,3,Wealden,Other Crime,59,1777273,36,56.15,6.14,0.0332
Sussex,2025,3,Wealden,Other Theft,141,1777273,71,62.39,6.5,0.0793
Sussex,2025,3,Wealden,Possession Of Weapons,20,1777273,16,56.68,5.95,0.0113
Sussex,2025,3,Wealden,Public Order,192,1777273,73,61.98,6.34,0.108
Sussex,2025,3,Wealden,Robbery,11,1777273,8,59.74,6.09,0.0062
Sussex,2025,3,Wealden,Shoplifting,171,1777273,22,59.63,5.88,0.0962
Sussex,2025,3,Wealden,Theft From The Person,4,1777273,4,72.37,7.0,0.0023
Sussex,2025,3,Wealden,Vehicle Crime,78,1777273,49,61.01,6.36,0.0439
Sussex,2025,3,Wealden,Violence And Sexual Offences,768,1777273,98,61.11,6.31,0.4321
Sussex,2025,3,Woking,Drugs,1,1777273,1,31.69,3.0,0.0006
Sussex,2025,3,Woking,Violence And Sexual Offences,1,1777273,1,62.79,5.0,0.0006
Sussex,2025,3,Worthing,Bicycle Theft,45,1777273,22,51.31,5.4,0.0253
Sussex,2025,3,Worthing,Burglary,57,1777273,38,53.2,5.42,0.0321
Sussex,2025,3,Worthing,Criminal Damage And Arson,207,1777273,63,49.22,5.19,0.1165
Sussex,2025,3,Worthing,Drugs,97,1777273,45,48.38,5.07,0.0546
Sussex,2025,3,Worthing,Other Crime,52,1777273,33,50.6,5.12,0.0293
Sussex,2025,3,Worthing,Other Theft,117,1777273,47,48.92,5.15,0.0658
Sussex,2025,3,Worthing,Possession Of Weapons,31,1777273,23,43.5,4.45,0.0174
Sussex,2025,3,Worthing,Public Order,217,1777273,56,47.06,5.16,0.1221
Sussex,2025,3,Worthing,Robbery,30,1777273,17,43.31,4.77,0.0169
Sussex,2025,3,Worthing,Shoplifting,423,1777273,28,43.29,4.87,0.238
Sussex,2025,3,Worthing,Theft From The Person,4,1777273,3,35.25,4.25,0.0023
Sussex,2025,3,Worthing,Vehicle Crime,95,1777273,48,56.32,5.89,0.0535
Sussex,2025,3,Worthing,Violence And Sexual Offences,942,1777273,67,46.0,4.96,0.53
Sussex,2025,4,Adur,Bicycle Theft,3,1777273,3,58.19,6.33,0.0017
Sussex,2025,4,Adur,Burglary,29,1777273,18,59.36,5.79,0.0163
Sussex,2025,4,Adur,Criminal Damage And Arson,67,1777273,27,51.31,5.15,0.0377
Sussex,2025,4,Adur,Drugs,27,1777273,22,56.5,5.67,0.0152
Sussex,2025,4,Adur,Other Crime,24,1777273,17,52.58,5.5,0.0135
Sussex,2025,4,Adur,Other Theft,72,1777273,30,54.57,5.56,0.0405
Sussex,2025,4,Adur,Possession Of Weapons,9,1777273,7,49.1,5.22,0.0051
Sussex,2025,4,Adur,Public Order,71,1777273,32,53.49,5.25,0.0399
Sussex,2025,4,Adur,Robbery,14,1777273,9,46.57,4.5,0.0079
Sussex,2025,4,Adur,Shoplifting,130,1777273,12,44.1,4.6,0.0731
Sussex,2025,4,Adur,Theft From The Person,2,1777273,2,78.93,8.5,0.0011
Sussex,2025,4,Adur,Vehicle Crime,32,1777273,22,51.02,5.09,0.018
Sussex,2025,4,Adur,Violence And Sexual Offences,356,1777273,41,52.13,5.3,0.2003
Sussex,2025,4,Arun,Bicycle Theft,32,1777273,24,36.95,4.53,0.018
Sussex,2025,4,Arun,Burglary,115,1777273,58,39.44,4.88,0.0647
Sussex,2025,4,Arun,Criminal Damage And Arson,308,1777273,75,33.92,4.26,0.1733
Sussex,2025,4,Arun,Drugs,109,1777273,42,34.86,4.28,0.0613
Sussex,2025,4,Arun,Other Crime,72,1777273,49,39.49,4.85,0.0405
Sussex,2025,4,Arun,Other Theft,235,1777273,74,39.3,4.77,0.1322
Sussex,2025,4,Arun,Possession Of Weapons,49,1777273,31,43.73,5.0,0.0276
Sussex,2025,4,Arun,Public Order,209,1777273,76,36.93,4.5,0.1176
Sussex,2025,4,Arun,Robbery,41,1777273,23,28.04,3.61,0.0231
Sussex,2025,4,Arun,Shoplifting,299,1777273,39,38.11,4.87,0.1682
Sussex,2025,4,Arun,Theft From The Person,15,1777273,9,20.25,3.27,0.0084
Sussex,2025,4,Arun,Vehicle Crime,163,1777273,69,40.68,4.91,0.0917
Sussex,2025,4,Arun,Violence And Sexual Offences,1173,1777273,99,37.74,4.58,0.66
Sussex,2025,4,Ashford,Other Theft,1,1777273,1,63.61,7.0,0.0006
Sussex,2025,4,Ashford,Shoplifting,1,1777273,1,20.28,3.0,0.0006
Sussex,2025,4,Brighton and Hove,Bicycle Theft,94,1777273,55,40.32,5.09,0.0529
Sussex,2025,4,Brighton and Hove,Burglary,178,1777273,90,39.38,4.81,0.1002
Sussex,2025,4,Brighton and Hove,Criminal Damage And Arson,520,1777273,138,39.93,4.86,0.2926
Sussex,2025,4,Brighton and Hove,Drugs,341,1777273,104,33.9,4.53,0.1919
Sussex,2025,4,Brighton and Hove,Other Crime,125,1777273,71,42.39,5.14,0.0703
Sussex,2025,4,Brighton and Hove,Other Theft,571,1777273,138,39.32,5.02,0.3213
Sussex,2025,4,Brighton and Hove,Possession Of Weapons,90,1777273,50,34.52,4.44,0.0506
Sussex,2025,4,Brighton and Hove,Public Order,640,1777273,130,34.74,4.52,0.3601
Sussex,2025,4,Brighton and Hove,Robbery,96,1777273,41,36.15,5.05,0.054
Sussex,2025,4,Brighton and Hove,Shoplifting,1154,1777273,48,29.01,4.57,0.6493
Sussex,2025,4,Brighton and Hove,Theft From The Person,109,1777273,40,35.01,5.53,0.0613
Sussex,2025,4,Brighton and Hove,Vehicle Crime,172,1777273,92,41.71,4.89,0.0968
Sussex,2025,4,Brighton and Hove,Violence And Sexual Offences,2410,1777273,163,36.08,4.64,1.356
Sussex,2025,4,Chichester,Bicycle Theft,28,1777273,10,63.94,7.18,0.0158
Sussex,2025,4,Chichester,Burglary,89,1777273,42,58.72,6.74,0.0501
Sussex,2025,4,Chichester,Criminal Damage And Arson,231,1777273,60,54.26,6.0,0.13
Sussex,2025,4,Chichester,Drugs,56,1777273,28,54.38,5.91,0.0315
Sussex,2025,4,Chichester,Other Crime,36,1777273,23,51.52,5.86,0.0203
Sussex,2025,4,Chichester,Other Theft,159,1777273,49,57.42,6.02,0.0895
Sussex,2025,4,Chichester,Possession Of Weapons,30,1777273,16,50.93,5.67,0.0169
Sussex,2025,4,Chichester,Public Order,195,1777273,52,55.93,6.02,0.1097
Sussex,2025,4,Chichester,Robbery,26,1777273,11,55.71,6.12,0.0146
Sussex,2025,4,Chichester,Shoplifting,260,1777273,31,55.46,5.95,0.1463
Sussex,2025,4,Chichester,Theft From The Person,13,1777273,5,58.06,6.15,0.0073
Sussex,2025,4,Chichester,Vehicle Crime,62,1777273,40,57.64,6.81,0.0349
Sussex,2025,4,Chichester,Violence And Sexual Offences,693,1777273,70,52.5,5.8,0.3899
Sussex,2025,4,Crawley,Bicycle Theft,18,1777273,13,34.95,3.61,0.0101
Sussex,2025,4,Crawley,Burglary,104,1777273,41,38.55,4.0,0.0585
Sussex,2025,4,Crawley,Criminal Damage And Arson,222,1777273,60,36.27,3.86,0.1249
Sussex,2025,4,Crawley,Drugs,273,1777273,50,33.13,3.55,0.1536
Sussex,2025,4,Crawley,Other Crime,65,1777273,33,38.34,4.12,0.0366
Sussex,2025,4,Crawley,Other Theft,267,1777273,53,34.53,3.94,0.1502
Sussex,2025,4,Crawley,Possession Of Weapons,166,1777273,24,28.03,3.88,0.0934
Sussex,2025,4,Crawley,Public Order,294,1777273,54,34.01,3.68,0.1654
Sussex,2025,4,Crawley,Robbery,58,1777273,21,35.88,3.67,0.0326
Sussex,2025,4,Crawley,Shoplifting,525,1777273,23,32.2,3.45,0.2954
Sussex,2025,4,Crawley,Theft From The Person,32,1777273,9,30.32,4.0,0.018
Sussex,2025,4,Crawley,Vehicle Crime,119,1777273,44,40.47,4.3,0.067
Sussex,2025,4,Crawley,Violence And Sexual Offences,1270,1777273,67,36.32,3.89,0.7146
Sussex,2025,4,East Hampshire,Burglary,2,1777273,1,86.72,10.0,0.0011
Sussex,2025,4,East Hampshire,Criminal Damage And Arson,1,1777273,1,72.83,7.0,0.0006
Sussex,2025,4,East Hampshire,Public Order,1,1777273,1,86.72,10.0,0.0006
Sussex,2025,4,East Hampshire,Violence And Sexual Offences,1,1777273,1,62.27,5.0,0.0006
Sussex,2025,4,Eastbourne,Bicycle Theft,26,1777273,13,28.23,3.19,0.0146
Sussex,2025,4,Eastbourne,Burglary,55,1777273,30,35.68,3.93,0.0309
Sussex,2025,4,Eastbourne,Criminal Damage And Arson,226,1777273,47,28.84,3.21,0.1272
Sussex,2025,4,Eastbourne,Drugs,171,1777273,40,29.0,3.15,0.0962
Sussex,2025,4,Eastbourne,Other Crime,41,1777273,30,29.92,3.37,0.0231
Sussex,2025,4,Eastbourne,Other Theft,156,1777273,42,28.16,3.1,0.0878
Sussex,2025,4,Eastbourne,Possession Of Weapons,44,1777273,25,29.76,3.32,0.0248
Sussex,2025,4,Eastbourne,Public Order,229,1777273,41,29.11,3.23,0.1288
Sussex,2025,4,Eastbourne,Robbery,40,1777273,16,26.3,3.0,0.0225
Sussex,2025,4,Eastbourne,Shoplifting,565,1777273,23,36.47,3.78,0.3179
Sussex,2025,4,Eastbourne,Theft From The Person,12,1777273,10,22.17,2.83,0.0068
Sussex,2025,4,Eastbourne,Vehicle Crime,99,1777273,39,31.02,3.39,0.0557
Sussex,2025,4,Eastbourne,Violence And Sexual Offences,1049,1777273,60,31.28,3.43,0.5902
Sussex,2025,4,Guildford,Drugs,1,1777273,1,92.61,8.0,0.0006
Sussex,2025,4,Hastings,Bicycle Theft,18,1777273,12,13.74,2.67,0.0101
Sussex,2025,4,Hastings,Burglary,73,1777273,29,12.41,2.42,0.0411
Sussex,2025,4,Hastings,Criminal Damage And Arson,229,1777273,49,15.96,2.71,0.1288
Sussex,2025,4,Hastings,Drugs,90,1777273,30,11.49,2.1,0.0506
Sussex,2025,4,Hastings,Other Crime,52,1777273,31,19.06,3.1,0.0293
Sussex,2025,4,Hastings,Other Theft,144,1777273,43,16.31,2.83,0.081
Sussex,2025,4,Hastings,Possession Of Weapons,32,1777273,19,9.07,2.09,0.018
Sussex,2025,4,Hastings,Public Order,226,1777273,45,15.14,2.63,0.1272
Sussex,2025,4,Hastings,Robbery,38,1777273,16,9.84,2.05,0.0214
Sussex,2025,4,Hastings,Shoplifting,413,1777273,29,14.36,2.51,0.2324
Sussex,2025,4,Hastings,Theft From The Person,9,1777273,5,6.83,1.67,0.0051
Sussex,2025,4,Hastings,Vehicle Crime,139,1777273,45,20.22,3.27,0.0782
Sussex,2025,4,Hastings,Violence And Sexual Offences,927,1777273,53,17.21,2.82,0.5216
Sussex,2025,4,Havant,Other Crime,1,1777273,1,58.43,8.0,0.0006
Sussex,2025,4,Horsham,Bicycle Theft,12,1777273,8,61.58,6.58,0.0068
Sussex,2025,4,Horsham,Burglary,64,1777273,39,71.11,7.66,0.036
Sussex,2025,4,Horsham,Criminal Damage And Arson,179,1777273,59,67.54,6.87,0.1007
Sussex,2025,4,Horsham,Drugs,43,1777273,28,67.54,6.65,0.0242
Sussex,2025,4,Horsham,Other Crime,51,1777273,35,74.03,7.39,0.0287
Sussex,2025,4,Horsham,Other Theft,135,1777273,59,67.97,6.96,0.076
Sussex,2025,4,Horsham,Possession Of Weapons,21,1777273,16,65.19,7.24,0.0118
Sussex,2025,4,Horsham,Public Order,120,1777273,59,64.7,6.72,0.0675
Sussex,2025,4,Horsham,Robbery,13,1777273,8,61.06,5.85,0.0073
Sussex,2025,4,Horsham,Shoplifting,202,1777273,25,55.83,5.5,0.1137
Sussex,2025,4,Horsham,Theft From The Person,7,1777273,7,72.45,7.14,0.0039
Sussex,2025,4,Horsham,Vehicle Crime,64,1777273,39,72.23,7.2,0.036
Sussex,2025,4,Horsham,Violence And Sexual Offences,656,1777273,86,68.04,6.89,0.3691
Sussex,2025,4,Kingston upon Thames,Possession Of Weapons,1,1777273,1,47.58,4.0,0.0006
Sussex,2025,4,Lewes,Bicycle Theft,7,1777273,6,51.54,5.14,0.0039
Sussex,2025,4,Lewes,Burglary,42,1777273,25,51.6,5.45,0.0236
Sussex,2025,4,Lewes,Criminal Damage And Arson,154,1777273,50,49.35,5.32,0.0866
Sussex,2025,4,Lewes,Drugs,62,1777273,34,42.68,4.6,0.0349
Sussex,2025,4,Lewes,Other Crime,56,1777273,29,50.27,5.75,0.0315
Sussex,2025,4,Lewes,Other Theft,82,1777273,34,48.23,4.98,0.0461
Sussex,2025,4,Lewes,Possession Of Weapons,15,1777273,12,42.9,4.53,0.0084
Sussex,2025,4,Lewes,Public Order,129,1777273,42,45.85,4.77,0.0726
Sussex,2025,4,Lewes,Robbery,7,1777273,6,50.29,5.29,0.0039
Sussex,2025,4,Lewes,Shoplifting,142,1777273,17,42.14,4.47,0.0799
Sussex,2025,4,Lewes,Theft From The Person,10,1777273,8,38.4,4.0,0.0056
Sussex,2025,4,Lewes,Vehicle Crime,33,1777273,26,48.7,5.3,0.0186
Sussex,2025,4,Lewes,Violence And Sexual Offences,562,1777273,61,48.99,5.21,0.3162
Sussex,2025,4,Merton,Bicycle Theft,1,1777273,1,87.45,7.0,0.0006
Sussex,2025,4,Mid Sussex,Bicycle Theft,8,1777273,8,73.81,7.25,0.0045
Sussex,2025,4,Mid Sussex,Burglary,99,1777273,56,77.27,7.93,0.0557
Sussex,2025,4,Mid Sussex,Criminal Damage And Arson,205,1777273,66,73.33,7.37,0.1153
Sussex,2025,4,Mid Sussex,Drugs,53,1777273,37,73.29,7.04,0.0298
Sussex,2025,4,Mid Sussex,Other Crime,46,1777273,33,70.28,6.67,0.0259
Sussex,2025,4,Mid Sussex,Other Theft,155,1777273,63,75.61,7.52,0.0872
Sussex,2025,4,Mid Sussex,Possession Of Weapons,23,1777273,18,70.0,6.96,0.0129
Sussex,2025,4,Mid Sussex,Public Order,157,1777273,62,73.73,7.03,0.0883
Sussex,2025,4,Mid Sussex,Robbery,17,1777273,11,69.6,6.76,0.0096
Sussex,2025,4,Mid Sussex,Shoplifting,194,1777273,30,65.42,7.13,0.1092
Sussex,2025,4,Mid Sussex,Theft From The Person,6,1777273,5,76.65,7.33,0.0034
Sussex,2025,4,Mid Sussex,Vehicle Crime,96,1777273,48,74.42,7.49,0.054
Sussex,2025,4,Mid Sussex,Violence And Sexual Offences,750,1777273,90,72.86,7.13,0.422
Sussex,2025,4,Mole Valley,Criminal Damage And Arson,1,1777273,1,56.74,8.0,0.0006
Sussex,2025,4,Mole Valley,Other Theft,1,1777273,1,56.74,8.0,0.0006
Sussex,2025,4,Mole Valley,Public Order,2,1777273,1,56.74,8.0,0.0011
Sussex,2025,4,Mole Valley,Vehicle Crime,1,1777273,1,56.74,8.0,0.0006
Sussex,2025,4,Mole Valley,Violence And Sexual Offences,3,1777273,3,65.03,8.33,0.0017
Sussex,2025,4,Reigate and Banstead,Other Theft,1,1777273,1,61.32,5.0,0.0006
Sussex,2025,4,Reigate and Banstead,Public Order,3,1777273,2,58.71,6.0,0.0017
Sussex,2025,4,Reigate and Banstead,Theft From The Person,1,1777273,1,73.14,8.0,0.0006
Sussex,2025,4,Reigate and Banstead,Violence And Sexual Offences,6,1777273,6,59.99,5.83,0.0034
Sussex,2025,4,Rother,Bicycle Theft,8,1777273,7,32.72,4.38,0.0045
Sussex,2025,4,Rother,Burglary,54,1777273,32,40.56,5.87,0.0304
Sussex,2025,4,Rother,Criminal Damage And Arson,141,1777273,49,35.84,4.69,0.0793
Sussex,2025,4,Rother,Drugs,29,1777273,23,42.21,5.52,0.0163
Sussex,2025,4,Rother,Other Crime,30,1777273,22,38.17,5.0,0.0169
Sussex,2025,4,Rother,Other Theft,89,1777273,42,37.41,4.91,0.0501
Sussex,2025,4,Rother,Possession Of Weapons,25,1777273,18,36.21,4.84,0.0141
Sussex,2025,4,Rother,Public Order,113,1777273,47,36.31,4.65,0.0636
Sussex,2025,4,Rother,Robbery,7,1777273,6,47.59,5.29,0.0039
Sussex,2025,4,Rother,Shoplifting,170,1777273,18,26.27,3.54,0.0957
Sussex,2025,4,Rother,Theft From The Person,5,1777273,4,23.68,3.6,0.0028
Sussex,2025,4,Rother,Vehicle Crime,61,1777273,32,36.22,4.84,0.0343
Sussex,2025,4,Rother,Violence And Sexual Offences,548,1777273,58,38.41,4.96,0.3083
Sussex,2025,4,Sevenoaks,Criminal Damage And Arson,1,1777273,1,47.3,8.0,0.0006
Sussex,2025,4,Sevenoaks,Vehicle Crime,1,1777273,1,49.43,7.0,0.0006
Sussex,2025,4,Sevenoaks,Violence And Sexual Offences,3,1777273,3,72.82,9.33,0.0017
Sussex,2025,4,Spelthorne,Violence And Sexual Offences,1,1777273,1,47.08,8.0,0.0006
Sussex,2025,4,Sutton,Bicycle Theft,1,1777273,1,70.2,6.0,0.0006
Sussex,2025,4,Tandridge,Burglary,2,1777273,1,73.25,8.0,0.0011
Sussex,2025,4,Tandridge,Criminal Damage And Arson,1,1777273,1,41.48,6.0,0.0006
Sussex,2025,4,Tandridge,Drugs,1,1777273,1,42.11,6.0,0.0006
Sussex,2025,4,Tandridge,Other Crime,4,1777273,4,52.24,6.75,0.0023
Sussex,2025,4,Tandridge,Other Theft,1,1777273,1,73.25,8.0,0.0006
Sussex,2025,4,Tandridge,Violence And Sexual Offences,10,1777273,3,67.58,7.6,0.0056
Sussex,2025,4,Tunbridge Wells,Other Crime,1,1777273,1,57.85,8.0,0.0006
Sussex,2025,4,Tunbridge Wells,Public Order,1,1777273,1,87.12,8.0,0.0006
Sussex,2025,4,Tunbridge Wells,Vehicle Crime,1,1777273,1,92.5,9.0,0.0006
Sussex,2025,4,Tunbridge Wells,Violence And Sexual Offences,3,1777273,3,69.45,7.67,0.0017
Sussex,2025,4,Waverley,Vehicle Crime,1,1777273,1,40.87,5.0,0.0006
Sussex,2025,4,Waverley,Violence And Sexual Offences,2,1777273,2,64.15,7.0,0.0011
Sussex,2025,4,Wealden,Bicycle Theft,6,1777273,5,60.95,6.17,0.0034
Sussex,2025,4,Wealden,Burglary,109,1777273,53,67.31,7.51,0.0613
Sussex,2025,4,Wealden,Criminal Damage And Arson,160,1777273,74,61.1,6.22,0.09
Sussex,2025,4,Wealden,Drugs,38,1777273,26,62.86,6.61,0.0214
Sussex,2025,4,Wealden,Other Crime,50,1777273,39,65.63,7.1,0.0281
Sussex,2025,4,Wealden,Other Theft,141,1777273,72,63.13,6.97,0.0793
Sussex,2025,4,Wealden,Possession Of Weapons,28,1777273,21,58.72,6.0,0.0158
Sussex,2025,4,Wealden,Public Order,141,1777273,72,62.1,6.57,0.0793
Sussex,2025,4,Wealden,Robbery,13,1777273,9,57.07,5.46,0.0073
Sussex,2025,4,Wealden,Shoplifting,162,1777273,20,61.45,6.08,0.0912
Sussex,2025,4,Wealden,Theft From The Person,5,1777273,5,57.38,6.0,0.0028
Sussex,2025,4,Wealden,Vehicle Crime,56,1777273,41,64.59,7.14,0.0315
Sussex,2025,4,Wealden,Violence And Sexual Offences,726,1777273,96,60.6,6.25,0.4085
Sussex,2025,4,Woking,Violence And Sexual Offences,2,1777273,2,45.6,5.5,0.0011
Sussex,2025,4,Worthing,Bicycle Theft,46,1777273,23,43.77,4.8,0.0259
Sussex,2025,4,Worthing,Burglary,57,1777273,34,59.1,5.96,0.0321
Sussex,2025,4,Worthing,Criminal Damage And Arson,168,1777273,52,49.8,5.21,0.0945
Sussex,2025,4,Worthing,Drugs,72,1777273,34,45.39,4.78,0.0405
Sussex,2025,4,Worthing,Other Crime,45,1777273,32,50.51,5.11,0.0253
Sussex,2025,4,Worthing,Other Theft,121,1777273,49,47.79,5.21,0.0681
Sussex,2025,4,Worthing,Possession Of Weapons,38,1777273,26,50.63,5.29,0.0214
Sussex,2025,4,Worthing,Public Order,233,1777273,49,44.09,4.94,0.1311
Sussex,2025,4,Worthing,Robbery,41,1777273,23,48.68,5.27,0.0231
Sussex,2025,4,Worthing,Shoplifting,532,1777273,27,48.89,5.47,0.2993
Sussex,2025,4,Worthing,Theft From The Person,7,1777273,7,38.63,4.43,0.0039
Sussex,2025,4,Worthing,Vehicle Crime,89,1777273,49,58.5,5.87,0.0501
Sussex,2025,4,Worthing,Violence And Sexual Offences,789,1777273,68,45.51,4.82,0.4439
Sussex,2026,1,Adur,Bicycle Theft,3,1794930,3,77.73,8.0,0.0017
Sussex,2026,1,Adur,Burglary,10,1794930,10,66.32,6.2,0.0056
Sussex,2026,1,Adur,Criminal Damage And Arson,22,1794930,17,59.3,5.82,0.0123
Sussex,2026,1,Adur,Drugs,8,1794930,7,54.2,5.75,0.0045
Sussex,2026,1,Adur,Other Crime,13,1794930,10,57.44,5.85,0.0072
Sussex,2026,1,Adur,Other Theft,23,1794930,18,50.48,5.04,0.0128
Sussex,2026,1,Adur,Possession Of Weapons,4,1794930,3,49.93,4.5,0.0022
Sussex,2026,1,Adur,Public Order,21,1794930,15,44.34,4.62,0.0117
Sussex,2026,1,Adur,Robbery,6,1794930,6,49.57,5.0,0.0033
Sussex,2026,1,Adur,Shoplifting,47,1794930,7,40.92,4.45,0.0262
Sussex,2026,1,Adur,Theft From The Person,1,1794930,1,29.29,3.0,0.0006
Sussex,2026,1,Adur,Vehicle Crime,3,1794930,3,48.93,5.0,0.0017
Sussex,2026,1,Adur,Violence And Sexual Offences,116,1794930,33,51.84,5.22,0.0646
Sussex,2026,1,Arun,Bicycle Theft,10,1794930,10,42.65,5.1,0.0056
Sussex,2026,1,Arun,Burglary,34,1794930,26,43.5,5.56,0.0189
Sussex,2026,1,Arun,Criminal Damage And Arson,101,1794930,47,36.83,4.5,0.0563
Sussex,2026,1,Arun,Drugs,32,1794930,23,31.95,3.91,0.0178
Sussex,2026,1,Arun,Other Crime,20,1794930,15,39.56,5.1,0.0111
Sussex,2026,1,Arun,Other Theft,73,1794930,41,37.03,4.84,0.0407
Sussex,2026,1,Arun,Possession Of Weapons,19,1794930,13,32.97,4.26,0.0106
Sussex,2026,1,Arun,Public Order,64,1794930,40,33.74,4.28,0.0357
Sussex,2026,1,Arun,Robbery,17,1794930,11,29.22,3.88,0.0095
Sussex,2026,1,Arun,Shoplifting,131,1794930,25,37.86,4.58,0.073
Sussex,2026,1,Arun,Theft From The Person,3,1794930,3,25.87,3.33,0.0017
Sussex,2026,1,Arun,Vehicle Crime,42,1794930,26,35.15,4.45,0.0234
Sussex,2026,1,Arun,Violence And Sexual Offences,365,1794930,89,38.6,4.73,0.2034
Sussex,2026,1,Ashford,Other Crime,1,1794930,1,62.27,9.0,0.0006
Sussex,2026,1,Brighton and Hove,Bicycle Theft,17,1794930,15,37.36,4.65,0.0095
Sussex,2026,1,Brighton and Hove,Burglary,74,1794930,45,40.86,5.18,0.0412
Sussex,2026,1,Brighton and Hove,Criminal Damage And Arson,166,1794930,87,38.43,4.65,0.0925
Sussex,2026,1,Brighton and Hove,Drugs,112,1794930,59,37.43,4.99,0.0624
Sussex,2026,1,Brighton and Hove,Other Crime,73,1794930,48,38.54,4.92,0.0407
Sussex,2026,1,Brighton and Hove,Other Theft,191,1794930,78,38.52,5.18,0.1064
Sussex,2026,1,Brighton and Hove,Possession Of Weapons,36,1794930,22,35.36,4.58,0.0201
Sussex,2026,1,Brighton and Hove,Public Order,215,1794930,82,34.09,4.66,0.1198
Sussex,2026,1,Brighton and Hove,Robbery,36,1794930,21,42.52,5.39,0.0201
Sussex,2026,1,Brighton and Hove,Shoplifting,364,1794930,36,28.01,4.57,0.2028
Sussex,2026,1,Brighton and Hove,Theft From The Person,21,1794930,14,32.82,4.9,0.0117
Sussex,2026,1,Brighton and Hove,Vehicle Crime,52,1794930,44,47.32,5.23,0.029
Sussex,2026,1,Brighton and Hove,Violence And Sexual Offences,772,1794930,144,35.35,4.45,0.4301
Sussex,2026,1,Chichester,Bicycle Theft,4,1794930,2,60.03,6.5,0.0022
Sussex,2026,1,Chichester,Burglary,33,1794930,22,60.01,6.7,0.0184
Sussex,2026,1,Chichester,Criminal Damage And Arson,41,1794930,24,57.3,6.54,0.0228
Sussex,2026,1,Chichester,Drugs,11,1794930,7,67.13,7.09,0.0061
Sussex,2026,1,Chichester,Other Crime,9,1794930,9,40.24,4.67,0.005
Sussex,2026,1,Chichester,Other Theft,37,1794930,31,57.08,6.57,0.0206
Sussex,2026,1,Chichester,Possession Of Weapons,16,1794930,12,57.72,5.88,0.0089
Sussex,2026,1,Chichester,Public Order,37,1794930,19,55.69,6.05,0.0206
Sussex,2026,1,Chichester,Robbery,2,1794930,1,61.04,7.0,0.0011
Sussex,2026,1,Chichester,Shoplifting,40,1794930,14,52.63,5.75,0.0223
Sussex,2026,1,Chichester,Vehicle Crime,19,1794930,14,64.35,7.47,0.0106
Sussex,2026,1,Chichester,Violence And Sexual Offences,266,1794930,63,55.35,5.97,0.1482
Sussex,2026,1,Crawley,Bicycle Theft,9,1794930,5,28.44,3.33,0.005
Sussex,2026,1,Crawley,Burglary,29,1794930,20,42.89,4.52,0.0162
Sussex,2026,1,Crawley,Criminal Damage And Arson,92,1794930,35,36.27,3.91,0.0513
Sussex,2026,1,Crawley,Drugs,48,1794930,25,38.32,3.94,0.0267
Sussex,2026,1,Crawley,Other Crime,16,1794930,13,32.53,3.62,0.0089
Sussex,2026,1,Crawley,Other Theft,103,1794930,29,32.78,3.87,0.0574
Sussex,2026,1,Crawley,Possession Of Weapons,50,1794930,12,30.56,4.06,0.0279
Sussex,2026,1,Crawley,Public Order,102,1794930,27,34.16,3.63,0.0568
Sussex,2026,1,Crawley,Robbery,20,1794930,13,31.59,3.4,0.0111
Sussex,2026,1,Crawley,Shoplifting,186,1794930,15,33.59,3.51,0.1036
Sussex,2026,1,Crawley,Theft From The Person,6,1794930,5,35.33,3.5,0.0033
Sussex,2026,1,Crawley,Vehicle Crime,41,1794930,20,39.01,4.27,0.0228
Sussex,2026,1,Crawley,Violence And Sexual Offences,392,1794930,61,35.47,3.83,0.2184
Sussex,2026,1,Eastbourne,Bicycle Theft,7,1794930,5,23.77,2.71,0.0039
Sussex,2026,1,Eastbourne,Burglary,27,1794930,14,34.99,3.74,0.015
Sussex,2026,1,Eastbourne,Criminal Damage And Arson,79,1794930,35,29.52,3.14,0.044
Sussex,2026,1,Eastbourne,Drugs,38,1794930,25,29.36,3.11,0.0212
Sussex,2026,1,Eastbourne,Other Crime,22,1794930,15,35.09,3.59,0.0123
Sussex,2026,1,Eastbourne,Other Theft,47,1794930,27,30.49,3.32,0.0262
Sussex,2026,1,Eastbourne,Possession Of Weapons,16,1794930,12,31.22,3.31,0.0089
Sussex,2026,1,Eastbourne,Public Order,64,1794930,32,30.3,3.33,0.0357
Sussex,2026,1,Eastbourne,Robbery,16,1794930,9,13.2,1.75,0.0089
Sussex,2026,1,Eastbourne,Shoplifting,187,1794930,17,40.11,4.03,0.1042
Sussex,2026,1,Eastbourne,Theft From The Person,8,1794930,6,28.03,2.88,0.0045
Sussex,2026,1,Eastbourne,Vehicle Crime,39,1794930,23,36.1,3.85,0.0217
Sussex,2026,1,Eastbourne,Violence And Sexual Offences,357,1794930,52,31.34,3.36,0.1989
Sussex,2026,1,Guildford,Public Order,1,1794930,1,75.77,7.0,0.0006
Sussex,2026,1,Guildford,Violence And Sexual Offences,1,1794930,1,97.75,10.0,0.0006
Sussex,2026,1,Hastings,Bicycle Theft,6,1794930,5,10.12,2.17,0.0033
Sussex,2026,1,Hastings,Burglary,24,1794930,18,30.39,4.33,0.0134
Sussex,2026,1,Hastings,Criminal Damage And Arson,63,1794930,34,21.99,3.35,0.0351
Sussex,2026,1,Hastings,Drugs,38,1794930,20,14.97,2.53,0.0212
Sussex,2026,1,Hastings,Other Crime,22,1794930,17,20.63,3.05,0.0123
Sussex,2026,1,Hastings,Other Theft,51,1794930,27,16.17,2.92,0.0284
Sussex,2026,1,Hastings,Possession Of Weapons,16,1794930,11,14.11,2.5,0.0089
Sussex,2026,1,Hastings,Public Order,57,1794930,29,18.49,3.0,0.0318
Sussex,2026,1,Hastings,Robbery,16,1794930,10,11.89,2.31,0.0089
Sussex,2026,1,Hastings,Shoplifting,153,1794930,18,12.55,2.27,0.0852
Sussex,2026,1,Hastings,Theft From The Person,5,1794930,4,3.26,1.4,0.0028
Sussex,2026,1,Hastings,Vehicle Crime,66,1794930,26,17.8,3.02,0.0368
Sussex,2026,1,Hastings,Violence And Sexual Offences,316,1794930,51,17.69,2.86,0.1761
Sussex,2026,1,Havant,Criminal Damage And Arson,1,1794930,1,66.46,7.0,0.0006
Sussex,2026,1,Horsham,Bicycle Theft,3,1794930,2,65.55,7.67,0.0017
Sussex,2026,1,Horsham,Burglary,33,1794930,22,71.27,7.82,0.0184
Sussex,2026,1,Horsham,Criminal Damage And Arson,49,1794930,31,59.93,6.24,0.0273
Sussex,2026,1,Horsham,Drugs,11,1794930,10,70.71,7.27,0.0061
Sussex,2026,1,Horsham,Other Crime,8,1794930,7,70.42,6.88,0.0045
Sussex,2026,1,Horsham,Other Theft,35,1794930,24,68.07,7.31,0.0195
Sussex,2026,1,Horsham,Possession Of Weapons,2,1794930,2,66.09,6.0,0.0011
Sussex,2026,1,Horsham,Public Order,37,1794930,23,63.48,6.62,0.0206
Sussex,2026,1,Horsham,Robbery,2,1794930,2,55.23,5.0,0.0011
Sussex,2026,1,Horsham,Shoplifting,57,1794930,15,59.68,5.79,0.0318
Sussex,2026,1,Horsham,Theft From The Person,6,1794930,6,66.11,6.67,0.0033
Sussex,2026,1,Horsham,Vehicle Crime,35,1794930,25,67.6,7.26,0.0195
Sussex,2026,1,Horsham,Violence And Sexual Offences,210,1794930,72,65.83,6.55,0.117
Sussex,2026,1,Lewes,Bicycle Theft,6,1794930,2,49.95,4.67,0.0033
Sussex,2026,1,Lewes,Burglary,28,1794930,18,58.54,6.07,0.0156
Sussex,2026,1,Lewes,Criminal Damage And Arson,46,1794930,24,36.17,3.91,0.0256
Sussex,2026,1,Lewes,Drugs,25,1794930,18,43.97,4.68,0.0139
Sussex,2026,1,Lewes,Other Crime,25,1794930,16,46.63,5.16,0.0139
Sussex,2026,1,Lewes,Other Theft,12,1794930,11,54.65,5.58,0.0067
Sussex,2026,1,Lewes,Possession Of Weapons,6,1794930,6,45.88,5.17,0.0033
Sussex,2026,1,Lewes,Public Order,28,1794930,20,45.61,4.86,0.0156
Sussex,2026,1,Lewes,Shoplifting,42,1794930,9,47.96,5.05,0.0234
Sussex,2026,1,Lewes,Vehicle Crime,9,1794930,7,40.68,4.22,0.005
Sussex,2026,1,Lewes,Violence And Sexual Offences,216,1794930,53,44.74,4.81,0.1203
Sussex,2026,1,Mid Sussex,Bicycle Theft,3,1794930,3,64.36,6.67,0.0017
Sussex,2026,1,Mid Sussex,Burglary,43,1794930,28,77.11,7.72,0.024
Sussex,2026,1,Mid Sussex,Criminal Damage And Arson,55,1794930,34,73.62,7.38,0.0306
Sussex,2026,1,Mid Sussex,Drugs,14,1794930,11,77.03,7.5,0.0078
Sussex,2026,1,Mid Sussex,Other Crime,26,1794930,22,73.33,7.65,0.0145
Sussex,2026,1,Mid Sussex,Other Theft,40,1794930,31,76.7,7.68,0.0223
Sussex,2026,1,Mid Sussex,Possession Of Weapons,10,1794930,10,82.94,8.2,0.0056
Sussex,2026,1,Mid Sussex,Public Order,58,1794930,38,72.93,7.22,0.0323
Sussex,2026,1,Mid Sussex,Robbery,3,1794930,3,58.73,6.67,0.0017
Sussex,2026,1,Mid Sussex,Shoplifting,45,1794930,13,66.58,7.02,0.0251
Sussex,2026,1,Mid Sussex,Theft From The Person,1,1794930,1,75.68,7.0,0.0006
Sussex,2026,1,Mid Sussex,Vehicle Crime,29,1794930,20,73.57,7.0,0.0162
Sussex,2026,1,Mid Sussex,Violence And Sexual Offences,245,1794930,75,73.8,7.08,0.1365
Sussex,2026,1,Mole Valley,Drugs,1,1794930,1,56.74,8.0,0.0006
Sussex,2026,1,Mole Valley,Other Theft,1,1794930,1,56.74,8.0,0.0006
Sussex,2026,1,Mole Valley,Shoplifting,1,1794930,1,56.74,8.0,0.0006
Sussex,2026,1,Mole Valley,Violence And Sexual Offences,1,1794930,1,56.74,8.0,0.0006
Sussex,2026,1,Reigate and Banstead,Other Crime,2,1794930,2,60.42,6.5,0.0011
Sussex,2026,1,Reigate and Banstead,Vehicle Crime,1,1794930,1,38.19,5.0,0.0006
Sussex,2026,1,Reigate and Banstead,Violence And Sexual Offences,3,1794930,2,42.62,5.0,0.0017
Sussex,2026,1,Rother,Burglary,22,1794930,19,41.65,6.36,0.0123
Sussex,2026,1,Rother,Criminal Damage And Arson,46,1794930,28,32.93,4.35,0.0256
Sussex,2026,1,Rother,Drugs,16,1794930,13,32.31,4.31,0.0089
Sussex,2026,1,Rother,Other Crime,13,1794930,12,34.25,4.62,0.0072
Sussex,2026,1,Rother,Other Theft,18,1794930,15,35.69,4.5,0.01
Sussex,2026,1,Rother,Possession Of Weapons,9,1794930,9,19.7,3.44,0.005
Sussex,2026,1,Rother,Public Order,44,1794930,20,30.42,4.0,0.0245
Sussex,2026,1,Rother,Robbery,2,1794930,1,29.48,4.0,0.0011
Sussex,2026,1,Rother,Shoplifting,26,1794930,9,26.47,3.42,0.0145
Sussex,2026,1,Rother,Vehicle Crime,17,1794930,13,40.01,5.47,0.0095
Sussex,2026,1,Rother,Violence And Sexual Offences,177,1794930,49,33.55,4.45,0.0986
Sussex,2026,1,Sevenoaks,Violence And Sexual Offences,1,1794930,1,47.3,8.0,0.0006
Sussex,2026,1,Sutton,Violence And Sexual Offences,1,1794930,1,94.58,10.0,0.0006
Sussex,2026,1,Tandridge,Vehicle Crime,1,1794930,1,70.06,9.0,0.0006
Sussex,2026,1,Tandridge,Violence And Sexual Offences,3,1794930,2,79.69,9.33,0.0017
Sussex,2026,1,Tunbridge Wells,Other Theft,1,1794930,1,92.5,9.0,0.0006
Sussex,2026,1,Tunbridge Wells,Violence And Sexual Offences,1,1794930,1,56.76,6.0,0.0006
Sussex,2026,1,Waverley,Public Order,1,1794930,1,92.57,10.0,0.0006
Sussex,2026,1,Waverley,Violence And Sexual Offences,1,1794930,1,40.87,5.0,0.0006
Sussex,2026,1,Wealden,Bicycle Theft,1,1794930,1,36.39,4.0,0.0006
Sussex,2026,1,Wealden,Burglary,27,1794930,20,66.46,7.3,0.015
Sussex,2026,1,Wealden,Criminal Damage And Arson,57,1794930,38,64.72,6.74,0.0318
Sussex,2026,1,Wealden,Drugs,16,1794930,12,55.93,5.62,0.0089
Sussex,2026,1,Wealden,Other Crime,10,1794930,10,49.35,5.2,0.0056
Sussex,2026,1,Wealden,Other Theft,37,1794930,28,60.12,6.7,0.0206
Sussex,2026,1,Wealden,Possession Of Weapons,6,1794930,6,43.69,4.33,0.0033
Sussex,2026,1,Wealden,Public Order,41,1794930,28,64.23,6.68,0.0228
Sussex,2026,1,Wealden,Robbery,2,1794930,2,67.78,6.0,0.0011
Sussex,2026,1,Wealden,Shoplifting,59,1794930,13,61.26,6.0,0.0329
Sussex,2026,1,Wealden,Vehicle Crime,30,1794930,21,62.14,6.77,0.0167
Sussex,2026,1,Wealden,Violence And Sexual Offences,239,1794930,80,61.86,6.29,0.1332
Sussex,2026,1,Woking,Other Theft,1,1794930,1,26.46,2.0,0.0006
Sussex,2026,1,Worthing,Bicycle Theft,16,1794930,10,48.02,5.44,0.0089
Sussex,2026,1,Worthing,Burglary,10,1794930,9,57.62,5.8,0.0056
Sussex,2026,1,Worthing,Criminal Damage And Arson,54,1794930,33,48.28,5.13,0.0301
Sussex,2026,1,Worthing,Drugs,29,1794930,17,40.33,4.45,0.0162
Sussex,2026,1,Worthing,Other Crime,23,1794930,19,45.77,4.78,0.0128
Sussex,2026,1,Worthing,Other Theft,36,1794930,25,48.02,5.11,0.0201
Sussex,2026,1,Worthing,Possession Of Weapons,12,1794930,10,41.67,4.67,0.0067
Sussex,2026,1,Worthing,Public Order,87,1794930,34,45.78,4.97,0.0485
Sussex,2026,1,Worthing,Robbery,5,1794930,5,60.34,6.4,0.0028
Sussex,2026,1,Worthing,Shoplifting,172,1794930,25,49.24,5.44,0.0958
Sussex,2026,1,Worthing,Theft From The Person,1,1794930,1,55.34,7.0,0.0006
Sussex,2026,1,Worthing,Vehicle Crime,21,1794930,16,48.06,4.86,0.0117
Sussex,2026,1,Worthing,Violence And Sexual Offences,278,1794930,57,44.06,4.65,0.1549
West Midlands,2024,1,Birmingham,Bicycle Theft,202,3036605,114,28.36,4.16,0.0665
West Midlands,2024,1,Birmingham,Burglary,2025,3036605,553,24.2,3.09,0.6669
West Midlands,2024,1,Birmingham,Criminal Damage And Arson,2659,3036605,596,19.59,2.66,0.8756
West Midlands,2024,1,Birmingham,Drugs,848,3036605,355,20.1,3.17,0.2793
West Midlands,2024,1,Birmingham,Other Crime,596,3036605,350,18.05,2.41,0.1963
West Midlands,2024,1,Birmingham,Other Theft,2598,3036605,552,22.84,3.26,0.8556
West Midlands,2024,1,Birmingham,Possession Of Weapons,741,3036605,342,19.59,2.84,0.244
West Midlands,2024,1,Birmingham,Public Order,2178,3036605,544,21.56,3.03,0.7172
West Midlands,2024,1,Birmingham,Robbery,1071,3036605,382,20.35,3.06,0.3527
West Midlands,2024,1,Birmingham,Shoplifting,2255,3036605,238,28.78,3.96,0.7426
West Midlands,2024,1,Birmingham,Theft From The Person,447,3036605,149,25.08,4.35,0.1472
West Midlands,2024,1,Birmingham,Vehicle Crime,3574,3036605,632,25.15,3.14,1.177
West Midlands,2024,1,Birmingham,Violence And Sexual Offences,14707,3036605,655,18.39,2.56,4.8432
West Midlands,2024,1,Bromsgrove,Criminal Damage And Arson,3,3036605,2,69.84,8.0,0.001
West Midlands,2024,1,Bromsgrove,Drugs,1,3036605,1,71.4,8.0,0.0003
West Midlands,2024,1,Bromsgrove,Public Order,1,3036605,1,89.38,10.0,0.0003
West Midlands,2024,1,Bromsgrove,Vehicle Crime,1,3036605,1,88.82,9.0,0.0003
West Midlands,2024,1,Bromsgrove,Violence And Sexual Offences,4,3036605,3,77.32,8.25,0.0013
West Midlands,2024,1,Coventry,Bicycle Theft,85,3036605,39,40.51,5.72,0.028
West Midlands,2024,1,Coventry,Burglary,580,3036605,171,35.07,4.24,0.191
West Midlands,2024,1,Coventry,Criminal Damage And Arson,734,3036605,172,28.08,3.77,0.2417
West Midlands,2024,1,Coventry,Drugs,297,3036605,104,20.48,3.34,0.0978
West Midlands,2024,1,Coventry,Other Crime,183,3036605,97,26.17,3.33,0.0603
West Midlands,2024,1,Coventry,Other Theft,688,3036605,163,36.83,4.62,0.2266
West Midlands,2024,1,Coventry,Possession Of Weapons,153,3036605,82,25.6,3.76,0.0504
West Midlands,2024,1,Coventry,Public Order,494,3036605,147,28.62,4.05,0.1627
West Midlands,2024,1,Coventry,Robbery,182,3036605,88,24.89,3.86,0.0599
West Midlands,2024,1,Coventry,Shoplifting,660,3036605,77,35.4,4.83,0.2173
West Midlands,2024,1,Coventry,Theft From The Person,86,3036605,38,27.9,5.05,0.0283
West Midlands,2024,1,Coventry,Vehicle Crime,1253,3036605,196,38.46,4.45,0.4126
West Midlands,2024,1,Coventry,Violence And Sexual Offences,3666,3036605,198,26.68,3.61,1.2073
West Midlands,2024,1,Dudley,Bicycle Theft,8,3036605,8,27.63,3.0,0.0026
West Midlands,2024,1,Dudley,Burglary,431,3036605,153,40.68,4.18,0.1419
West Midlands,2024,1,Dudley,Criminal Damage And Arson,545,3036605,153,29.22,3.16,0.1795
West Midlands,2024,1,Dudley,Drugs,101,3036605,58,25.88,2.8,0.0333
West Midlands,2024,1,Dudley,Other Crime,138,3036605,79,32.35,3.34,0.0454
West Midlands,2024,1,Dudley,Other Theft,376,3036605,136,33.72,3.57,0.1238
West Midlands,2024,1,Dudley,Possession Of Weapons,95,3036605,62,27.88,2.97,0.0313
West Midlands,2024,1,Dudley,Public Order,333,3036605,127,30.21,3.18,0.1097
West Midlands,2024,1,Dudley,Robbery,81,3036605,45,30.25,3.33,0.0267
West Midlands,2024,1,Dudley,Shoplifting,549,3036605,69,32.22,3.5,0.1808
West Midlands,2024,1,Dudley,Theft From The Person,40,3036605,27,29.07,3.02,0.0132
West Midlands,2024,1,Dudley,Vehicle Crime,648,3036605,182,38.16,3.99,0.2134
West Midlands,2024,1,Dudley,Violence And Sexual Offences,2765,3036605,199,31.49,3.31,0.9106
West Midlands,2024,1,Lichfield,Criminal Damage And Arson,1,3036605,1,76.34,8.0,0.0003
West Midlands,2024,1,Lichfield,Other Crime,1,3036605,1,76.34,8.0,0.0003
West Midlands,2024,1,Lichfield,Public Order,1,3036605,1,98.7,10.0,0.0003
West Midlands,2024,1,Lichfield,Vehicle Crime,1,3036605,1,71.03,7.0,0.0003
West Midlands,2024,1,Lichfield,Violence And Sexual Offences,4,3036605,4,81.0,8.5,0.0013
West Midlands,2024,1,North Warwickshire,Public Order,1,3036605,1,40.71,7.0,0.0003
West Midlands,2024,1,North Warwickshire,Vehicle Crime,1,3036605,1,66.91,9.0,0.0003
West Midlands,2024,1,North Warwickshire,Violence And Sexual Offences,1,3036605,1,40.71,7.0,0.0003
West Midlands,2024,1,Nuneaton and Bedworth,Burglary,2,3036605,1,22.33,3.0,0.0007
West Midlands,2024,1,Nuneaton and Bedworth,Other Theft,2,3036605,2,42.93,4.5,0.0007
West Midlands,2024,1,Nuneaton and Bedworth,Public Order,1,3036605,1,59.84,6.0,0.0003
West Midlands,2024,1,Nuneaton and Bedworth,Robbery,1,3036605,1,57.28,5.0,0.0003
West Midlands,2024,1,Nuneaton and Bedworth,Shoplifting,1,3036605,1,22.33,3.0,0.0003
West Midlands,2024,1,Nuneaton and Bedworth,Vehicle Crime,6,3036605,1,26.02,3.0,0.002
West Midlands,2024,1,Nuneaton and Bedworth,Violence And Sexual Offences,4,3036605,3,50.75,5.0,0.0013
West Midlands,2024,1,Rugby,Criminal Damage And Arson,1,3036605,1,36.12,6.0,0.0003
West Midlands,2024,1,Rugby,Vehicle Crime,1,3036605,1,36.12,6.0,0.0003
West Midlands,2024,1,Rugby,Violence And Sexual Offences,3,3036605,1,36.12,6.0,0.001
West Midlands,2024,1,Sandwell,Bicycle Theft,26,3036605,19,17.55,2.27,0.0086
West Midlands,2024,1,Sandwell,Burglary,524,3036605,165,22.08,2.57,0.1726
West Midlands,2024,1,Sandwell,Criminal Damage And Arson,656,3036605,171,19.83,2.36,0.216
West Midlands,2024,1,Sandwell,Drugs,212,3036605,99,18.11,2.31,0.0698
West Midlands,2024,1,Sandwell,Other Crime,183,3036605,111,20.01,2.3,0.0603
West Midlands,2024,1,Sandwell,Other Theft,542,3036605,157,20.29,2.47,0.1785
West Midlands,2024,1,Sandwell,Possession Of Weapons,176,3036605,90,17.57,2.26,0.058
West Midlands,2024,1,Sandwell,Public Order,591,3036605,164,20.42,2.48,0.1946
West Midlands,2024,1,Sandwell,Robbery,241,3036605,101,19.87,2.51,0.0794
West Midlands,2024,1,Sandwell,Shoplifting,656,3036605,65,22.09,2.81,0.216
West Midlands,2024,1,Sandwell,Theft From The Person,70,3036605,37,14.73,2.11,0.0231
West Midlands,2024,1,Sandwell,Vehicle Crime,854,3036605,177,23.9,2.67,0.2812
West Midlands,2024,1,Sandwell,Violence And Sexual Offences,4013,3036605,190,19.46,2.34,1.3215
West Midlands,2024,1,Solihull,Bicycle Theft,29,3036605,16,52.18,5.28,0.0096
West Midlands,2024,1,Solihull,Burglary,275,3036605,111,63.85,6.49,0.0906
West Midlands,2024,1,Solihull,Criminal Damage And Arson,347,3036605,96,44.52,4.82,0.1143
West Midlands,2024,1,Solihull,Drugs,79,3036605,51,47.56,5.14,0.026
West Midlands,2024,1,Solihull,Other Crime,85,3036605,48,43.81,4.76,0.028
West Midlands,2024,1,Solihull,Other Theft,350,3036605,81,50.44,5.61,0.1153
West Midlands,2024,1,Solihull,Possession Of Weapons,66,3036605,40,47.97,5.29,0.0217
West Midlands,2024,1,Solihull,Public Order,265,3036605,98,50.64,5.29,0.0873
West Midlands,2024,1,Solihull,Robbery,64,3036605,33,47.23,5.02,0.0211
West Midlands,2024,1,Solihull,Shoplifting,547,3036605,42,50.87,5.39,0.1801
West Midlands,2024,1,Solihull,Theft From The Person,38,3036605,17,52.67,5.76,0.0125
West Midlands,2024,1,Solihull,Vehicle Crime,750,3036605,128,52.64,5.53,0.247
West Midlands,2024,1,Solihull,Violence And Sexual Offences,1467,3036605,128,46.8,4.89,0.4831
West Midlands,2024,1,South Staffordshire,Other Theft,2,3036605,1,41.14,7.0,0.0007
West Midlands,2024,1,South Staffordshire,Robbery,1,3036605,1,41.14,7.0,0.0003
West Midlands,2024,1,South Staffordshire,Vehicle Crime,5,3036605,4,65.41,8.0,0.0016
West Midlands,2024,1,South Staffordshire,Violence And Sexual Offences,8,3036605,6,71.97,7.5,0.0026
West Midlands,2024,1,Stratford-on-Avon,Violence And Sexual Offences,1,3036605,1,70.49,10.0,0.0003
West Midlands,2024,1,Walsall,Bicycle Theft,27,3036605,21,15.36,2.04,0.0089
West Midlands,2024,1,Walsall,Burglary,391,3036605,141,26.91,3.02,0.1288
West Midlands,2024,1,Walsall,Criminal Damage And Arson,589,3036605,150,20.11,2.43,0.194
West Midlands,2024,1,Walsall,Drugs,128,3036605,74,16.33,2.06,0.0422
West Midlands,2024,1,Walsall,Other Crime,153,3036605,91,24.67,2.87,0.0504
West Midlands,2024,1,Walsall,Other Theft,470,3036605,119,22.22,2.65,0.1548
West Midlands,2024,1,Walsall,Possession Of Weapons,112,3036605,64,14.05,1.84,0.0369
West Midlands,2024,1,Walsall,Public Order,404,3036605,118,20.16,2.46,0.133
West Midlands,2024,1,Walsall,Robbery,160,3036605,76,20.09,2.41,0.0527
West Midlands,2024,1,Walsall,Shoplifting,688,3036605,63,23.43,2.83,0.2266
West Midlands,2024,1,Walsall,Theft From The Person,49,3036605,20,10.73,1.67,0.0161
West Midlands,2024,1,Walsall,Vehicle Crime,768,3036605,157,27.8,3.15,0.2529
West Midlands,2024,1,Walsall,Violence And Sexual Offences,2910,3036605,168,20.84,2.47,0.9583
West Midlands,2024,1,Warwick,Vehicle Crime,1,3036605,1,52.43,8.0,0.0003
West Midlands,2024,1,Wolverhampton,Bicycle Theft,43,3036605,29,15.77,2.12,0.0142
West Midlands,2024,1,Wolverhampton,Burglary,326,3036605,120,21.58,2.6,0.1074
West Midlands,2024,1,Wolverhampton,Criminal Damage And Arson,609,3036605,145,18.13,2.27,0.2006
West Midlands,2024,1,Wolverhampton,Drugs,184,3036605,85,17.51,2.35,0.0606
West Midlands,2024,1,Wolverhampton,Other Crime,159,3036605,89,18.63,2.29,0.0524
West Midlands,2024,1,Wolverhampton,Other Theft,468,3036605,130,23.12,2.79,0.1541
West Midlands,2024,1,Wolverhampton,Possession Of Weapons,137,3036605,67,18.41,2.39,0.0451
West Midlands,2024,1,Wolverhampton,Public Order,437,3036605,129,19.5,2.48,0.1439
West Midlands,2024,1,Wolverhampton,Robbery,152,3036605,71,17.3,2.28,0.0501
West Midlands,2024,1,Wolverhampton,Shoplifting,800,3036605,60,22.63,2.85,0.2635
West Midlands,2024,1,Wolverhampton,Theft From The Person,74,3036605,30,13.55,2.15,0.0244
West Midlands,2024,1,Wolverhampton,Vehicle Crime,744,3036605,149,24.84,2.94,0.245
West Midlands,2024,1,Wolverhampton,Violence And Sexual Offences,3145,3036605,161,20.08,2.46,1.0357
West Midlands,2024,2,Birmingham,Bicycle Theft,193,3036605,138,28.48,3.68,0.0636
West Midlands,2024,2,Birmingham,Burglary,1874,3036605,543,23.19,3.04,0.6171
West Midlands,2024,2,Birmingham,Criminal Damage And Arson,2901,3036605,609,20.22,2.74,0.9553
West Midlands,2024,2,Birmingham,Drugs,906,3036605,354,16.86,2.56,0.2984
West Midlands,2024,2,Birmingham,Other Crime,717,3036605,403,18.33,2.4,0.2361
West Midlands,2024,2,Birmingham,Other Theft,2750,3036605,564,22.49,3.16,0.9056
West Midlands,2024,2,Birmingham,Possession Of Weapons,847,3036605,382,18.0,2.61,0.2789
West Midlands,2024,2,Birmingham,Public Order,2477,3036605,558,21.0,2.99,0.8157
West Midlands,2024,2,Birmingham,Robbery,1008,3036605,376,20.57,3.01,0.3319
West Midlands,2024,2,Birmingham,Shoplifting,2847,3036605,249,28.56,3.98,0.9376
West Midlands,2024,2,Birmingham,Theft From The Person,364,3036605,151,24.54,4.13,0.1199
West Midlands,2024,2,Birmingham,Vehicle Crime,3471,3036605,636,25.88,3.21,1.1431
West Midlands,2024,2,Birmingham,Violence And Sexual Offences,15751,3036605,658,18.47,2.57,5.187
West Midlands,2024,2,Bromsgrove,Bicycle Theft,1,3036605,1,77.11,7.0,0.0003
West Midlands,2024,2,Bromsgrove,Drugs,1,3036605,1,77.11,7.0,0.0003
West Midlands,2024,2,Bromsgrove,Public Order,3,3036605,2,69.84,8.0,0.001
West Midlands,2024,2,Bromsgrove,Vehicle Crime,4,3036605,3,80.12,8.0,0.0013
West Midlands,2024,2,Bromsgrove,Violence And Sexual Offences,16,3036605,6,70.65,7.81,0.0053
West Midlands,2024,2,Coventry,Bicycle Theft,106,3036605,51,27.58,4.76,0.0349
West Midlands,2024,2,Coventry,Burglary,554,3036605,163,31.68,3.97,0.1824
West Midlands,2024,2,Coventry,Criminal Damage And Arson,783,3036605,181,28.46,3.75,0.2579
West Midlands,2024,2,Coventry,Drugs,239,3036605,96,22.66,3.45,0.0787
West Midlands,2024,2,Coventry,Other Crime,241,3036605,124,26.06,3.28,0.0794
West Midlands,2024,2,Coventry,Other Theft,774,3036605,168,32.55,4.21,0.2549
West Midlands,2024,2,Coventry,Possession Of Weapons,184,3036605,91,25.72,3.79,0.0606
West Midlands,2024,2,Coventry,Public Order,582,3036605,151,28.28,4.02,0.1917
West Midlands,2024,2,Coventry,Robbery,209,3036605,90,25.69,4.08,0.0688
West Midlands,2024,2,Coventry,Shoplifting,984,3036605,84,32.01,4.84,0.324
West Midlands,2024,2,Coventry,Theft From The Person,95,3036605,38,22.75,4.41,0.0313
West Midlands,2024,2,Coventry,Vehicle Crime,1222,3036605,194,37.88,4.38,0.4024
West Midlands,2024,2,Coventry,Violence And Sexual Offences,4038,3036605,203,27.76,3.72,1.3298
West Midlands,2024,2,Dudley,Bicycle Theft,15,3036605,14,26.52,2.8,0.0049
West Midlands,2024,2,Dudley,Burglary,399,3036605,164,40.63,4.22,0.1314
West Midlands,2024,2,Dudley,Criminal Damage And Arson,568,3036605,167,30.67,3.3,0.1871
West Midlands,2024,2,Dudley,Drugs,116,3036605,66,22.23,2.53,0.0382
West Midlands,2024,2,Dudley,Other Crime,190,3036605,111,37.01,3.85,0.0626
West Midlands,2024,2,Dudley,Other Theft,407,3036605,145,36.8,3.85,0.134
West Midlands,2024,2,Dudley,Possession Of Weapons,118,3036605,67,29.23,3.19,0.0389
West Midlands,2024,2,Dudley,Public Order,440,3036605,145,32.04,3.38,0.1449
West Midlands,2024,2,Dudley,Robbery,95,3036605,61,33.95,3.57,0.0313
West Midlands,2024,2,Dudley,Shoplifting,694,3036605,80,37.89,4.08,0.2285
West Midlands,2024,2,Dudley,Theft From The Person,30,3036605,17,13.75,1.7,0.0099
West Midlands,2024,2,Dudley,Vehicle Crime,584,3036605,166,38.54,4.0,0.1923
West Midlands,2024,2,Dudley,Violence And Sexual Offences,2880,3036605,196,30.68,3.26,0.9484
West Midlands,2024,2,Lichfield,Criminal Damage And Arson,2,3036605,2,88.32,9.5,0.0007
West Midlands,2024,2,Lichfield,Public Order,1,3036605,1,97.16,10.0,0.0003
West Midlands,2024,2,Lichfield,Theft From The Person,1,3036605,1,71.03,7.0,0.0003
West Midlands,2024,2,Lichfield,Vehicle Crime,1,3036605,1,97.16,10.0,0.0003
West Midlands,2024,2,Lichfield,Violence And Sexual Offences,3,3036605,2,91.78,9.67,0.001
West Midlands,2024,2,North Warwickshire,Burglary,2,3036605,1,40.71,7.0,0.0007
West Midlands,2024,2,North Warwickshire,Criminal Damage And Arson,1,3036605,1,66.91,9.0,0.0003
West Midlands,2024,2,North Warwickshire,Other Theft,1,3036605,1,40.71,7.0,0.0003
West Midlands,2024,2,Nuneaton and Bedworth,Criminal Damage And Arson,3,3036605,2,55.02,5.67,0.001
West Midlands,2024,2,Nuneaton and Bedworth,Other Crime,1,3036605,1,45.36,5.0,0.0003
West Midlands,2024,2,Nuneaton and Bedworth,Robbery,1,3036605,1,22.33,3.0,0.0003
West Midlands,2024,2,Nuneaton and Bedworth,Vehicle Crime,10,3036605,1,26.02,3.0,0.0033
West Midlands,2024,2,Nuneaton and Bedworth,Violence And Sexual Offences,6,3036605,4,39.29,4.33,0.002
West Midlands,2024,2,Rugby,Criminal Damage And Arson,1,3036605,1,36.12,6.0,0.0003
West Midlands,2024,2,Rugby,Vehicle Crime,1,3036605,1,36.12,6.0,0.0003
West Midlands,2024,2,Rugby,Violence And Sexual Offences,1,3036605,1,36.12,6.0,0.0003
West Midlands,2024,2,Sandwell,Bicycle Theft,35,3036605,25,20.04,2.57,0.0115
West Midlands,2024,2,Sandwell,Burglary,446,3036605,157,21.41,2.53,0.1469
West Midlands,2024,2,Sandwell,Criminal Damage And Arson,811,3036605,177,19.2,2.33,0.2671
West Midlands,2024,2,Sandwell,Drugs,193,3036605,102,18.84,2.23,0.0636
West Midlands,2024,2,Sandwell,Other Crime,235,3036605,121,20.05,2.4,0.0774
West Midlands,2024,2,Sandwell,Other Theft,578,3036605,166,19.37,2.36,0.1903
West Midlands,2024,2,Sandwell,Possession Of Weapons,190,3036605,100,18.22,2.27,0.0626
West Midlands,2024,2,Sandwell,Public Order,662,3036605,165,20.39,2.44,0.218
West Midlands,2024,2,Sandwell,Robbery,247,3036605,114,19.81,2.46,0.0813
West Midlands,2024,2,Sandwell,Shoplifting,598,3036605,76,20.6,2.65,0.1969
West Midlands,2024,2,Sandwell,Theft From The Person,63,3036605,35,14.87,2.21,0.0207
West Midlands,2024,2,Sandwell,Vehicle Crime,876,3036605,183,23.98,2.76,0.2885
West Midlands,2024,2,Sandwell,Violence And Sexual Offences,4239,3036605,190,19.79,2.36,1.396
West Midlands,2024,2,Solihull,Bicycle Theft,38,3036605,21,58.76,5.89,0.0125
West Midlands,2024,2,Solihull,Burglary,239,3036605,95,57.76,6.0,0.0787
West Midlands,2024,2,Solihull,Criminal Damage And Arson,332,3036605,98,44.69,4.81,0.1093
West Midlands,2024,2,Solihull,Drugs,114,3036605,49,40.98,4.44,0.0375
West Midlands,2024,2,Solihull,Other Crime,104,3036605,58,40.44,4.33,0.0342
West Midlands,2024,2,Solihull,Other Theft,390,3036605,97,55.77,6.07,0.1284
West Midlands,2024,2,Solihull,Possession Of Weapons,90,3036605,43,40.14,4.41,0.0296
West Midlands,2024,2,Solihull,Public Order,304,3036605,98,47.7,4.95,0.1001
West Midlands,2024,2,Solihull,Robbery,75,3036605,42,44.8,4.65,0.0247
West Midlands,2024,2,Solihull,Shoplifting,676,3036605,44,59.32,6.0,0.2226
West Midlands,2024,2,Solihull,Theft From The Person,40,3036605,21,48.88,5.48,0.0132
West Midlands,2024,2,Solihull,Vehicle Crime,692,3036605,124,52.99,5.66,0.2279
West Midlands,2024,2,Solihull,Violence And Sexual Offences,1688,3036605,133,45.0,4.72,0.5559
West Midlands,2024,2,South Staffordshire,Burglary,3,3036605,3,68.29,8.0,0.001
West Midlands,2024,2,South Staffordshire,Other Theft,3,3036605,2,55.4,7.0,0.001
West Midlands,2024,2,South Staffordshire,Public Order,2,3036605,1,85.26,9.0,0.0007
West Midlands,2024,2,South Staffordshire,Vehicle Crime,6,3036605,3,55.59,7.5,0.002
West Midlands,2024,2,South Staffordshire,Violence And Sexual Offences,9,3036605,7,74.06,7.89,0.003
West Midlands,2024,2,Walsall,Bicycle Theft,29,3036605,20,13.29,1.69,0.0096
West Midlands,2024,2,Walsall,Burglary,334,3036605,125,25.9,2.93,0.11
West Midlands,2024,2,Walsall,Criminal Damage And Arson,759,3036605,147,19.28,2.36,0.25
West Midlands,2024,2,Walsall,Drugs,164,3036605,75,19.88,2.54,0.054
West Midlands,2024,2,Walsall,Other Crime,189,3036605,89,20.43,2.41,0.0622
West Midlands,2024,2,Walsall,Other Theft,448,3036605,129,19.93,2.44,0.1475
West Midlands,2024,2,Walsall,Possession Of Weapons,183,3036605,79,15.19,1.98,0.0603
West Midlands,2024,2,Walsall,Public Order,525,3036605,136,19.49,2.4,0.1729
West Midlands,2024,2,Walsall,Robbery,158,3036605,69,15.26,1.98,0.052
West Midlands,2024,2,Walsall,Shoplifting,965,3036605,63,23.89,2.83,0.3178
West Midlands,2024,2,Walsall,Theft From The Person,32,3036605,23,13.68,1.88,0.0105
West Midlands,2024,2,Walsall,Vehicle Crime,676,3036605,153,27.75,3.13,0.2226
West Midlands,2024,2,Walsall,Violence And Sexual Offences,3237,3036605,167,20.63,2.46,1.066
West Midlands,2024,2,Warwick,Burglary,1,3036605,1,84.52,9.0,0.0003
West Midlands,2024,2,Warwick,Other Crime,1,3036605,1,52.43,8.0,0.0003
West Midlands,2024,2,Warwick,Violence And Sexual Offences,1,3036605,1,52.43,8.0,0.0003
West Midlands,2024,2,Wolverhampton,Bicycle Theft,63,3036605,37,16.95,2.41,0.0207
West Midlands,2024,2,Wolverhampton,Burglary,364,3036605,121,23.36,2.77,0.1199
West Midlands,2024,2,Wolverhampton,Criminal Damage And Arson,616,3036605,135,18.25,2.25,0.2029
West Midlands,2024,2,Wolverhampton,Drugs,118,3036605,62,18.47,2.5,0.0389
West Midlands,2024,2,Wolverhampton,Other Crime,212,3036605,103,19.75,2.4,0.0698
West Midlands,2024,2,Wolverhampton,Other Theft,468,3036605,130,22.4,2.72,0.1541
West Midlands,2024,2,Wolverhampton,Possession Of Weapons,129,3036605,67,16.03,2.18,0.0425
West Midlands,2024,2,Wolverhampton,Public Order,510,3036605,126,20.01,2.51,0.168
West Midlands,2024,2,Wolverhampton,Robbery,152,3036605,73,19.96,2.61,0.0501
West Midlands,2024,2,Wolverhampton,Shoplifting,676,3036605,63,26.71,3.28,0.2226
West Midlands,2024,2,Wolverhampton,Theft From The Person,69,3036605,37,18.93,2.58,0.0227
West Midlands,2024,2,Wolverhampton,Vehicle Crime,768,3036605,153,25.77,3.04,0.2529
West Midlands,2024,2,Wolverhampton,Violence And Sexual Offences,3369,3036605,160,20.34,2.52,1.1095
West Midlands,2024,3,Birmingham,Bicycle Theft,232,3036605,128,30.03,3.99,0.0764
West Midlands,2024,3,Birmingham,Burglary,1921,3036605,550,24.27,3.12,0.6326
West Midlands,2024,3,Birmingham,Criminal Damage And Arson,2985,3036605,593,20.15,2.72,0.983
West Midlands,2024,3,Birmingham,Drugs,980,3036605,357,19.67,3.06,0.3227
West Midlands,2024,3,Birmingham,Other Crime,751,3036605,407,17.26,2.34,0.2473
West Midlands,2024,3,Birmingham,Other Theft,2758,3036605,577,23.17,3.21,0.9083
West Midlands,2024,3,Birmingham,Possession Of Weapons,831,3036605,363,18.06,2.65,0.2737
West Midlands,2024,3,Birmingham,Public Order,2381,3036605,569,20.67,2.9,0.7841
West Midlands,2024,3,Birmingham,Robbery,1045,3036605,379,19.96,2.96,0.3441
West Midlands,2024,3,Birmingham,Shoplifting,3362,3036605,245,32.87,4.55,1.1072
West Midlands,2024,3,Birmingham,Theft From The Person,342,3036605,132,22.29,3.89,0.1126
West Midlands,2024,3,Birmingham,Vehicle Crime,3343,3036605,629,26.1,3.25,1.1009
West Midlands,2024,3,Birmingham,Violence And Sexual Offences,15353,3036605,658,18.53,2.58,5.056
West Midlands,2024,3,Bromsgrove,Burglary,1,3036605,1,66.71,8.0,0.0003
West Midlands,2024,3,Bromsgrove,Criminal Damage And Arson,1,3036605,1,77.11,7.0,0.0003
West Midlands,2024,3,Bromsgrove,Drugs,1,3036605,1,51.19,8.0,0.0003
West Midlands,2024,3,Bromsgrove,Other Crime,1,3036605,1,89.38,10.0,0.0003
West Midlands,2024,3,Bromsgrove,Other Theft,1,3036605,1,94.85,10.0,0.0003
West Midlands,2024,3,Bromsgrove,Vehicle Crime,2,3036605,1,77.11,7.0,0.0007
West Midlands,2024,3,Bromsgrove,Violence And Sexual Offences,5,3036605,3,77.23,8.2,0.0016
West Midlands,2024,3,Coventry,Bicycle Theft,168,3036605,59,24.53,4.36,0.0553
West Midlands,2024,3,Coventry,Burglary,498,3036605,163,34.61,4.2,0.164
West Midlands,2024,3,Coventry,Criminal Damage And Arson,731,3036605,173,26.89,3.53,0.2407
West Midlands,2024,3,Coventry,Drugs,196,3036605,83,22.91,3.58,0.0645
West Midlands,2024,3,Coventry,Other Crime,184,3036605,104,27.86,3.58,0.0606
West Midlands,2024,3,Coventry,Other Theft,712,3036605,164,33.49,4.37,0.2345
West Midlands,2024,3,Coventry,Possession Of Weapons,149,3036605,80,22.68,3.26,0.0491
West Midlands,2024,3,Coventry,Public Order,563,3036605,149,27.8,4.07,0.1854
West Midlands,2024,3,Coventry,Robbery,154,3036605,78,26.85,4.01,0.0507
West Midlands,2024,3,Coventry,Shoplifting,991,3036605,80,38.24,5.37,0.3264
West Midlands,2024,3,Coventry,Theft From The Person,77,3036605,43,24.04,4.14,0.0254
West Midlands,2024,3,Coventry,Vehicle Crime,925,3036605,189,34.99,4.16,0.3046
West Midlands,2024,3,Coventry,Violence And Sexual Offences,3782,3036605,203,26.41,3.61,1.2455
West Midlands,2024,3,Dudley,Bicycle Theft,24,3036605,22,25.12,2.79,0.0079
West Midlands,2024,3,Dudley,Burglary,387,3036605,148,42.09,4.39,0.1274
West Midlands,2024,3,Dudley,Criminal Damage And Arson,585,3036605,152,29.49,3.2,0.1926
West Midlands,2024,3,Dudley,Drugs,123,3036605,66,26.84,2.89,0.0405
West Midlands,2024,3,Dudley,Other Crime,167,3036605,106,32.79,3.44,0.055
West Midlands,2024,3,Dudley,Other Theft,461,3036605,143,34.52,3.65,0.1518
West Midlands,2024,3,Dudley,Possession Of Weapons,134,3036605,71,27.69,3.04,0.0441
West Midlands,2024,3,Dudley,Public Order,425,3036605,137,29.67,3.11,0.14
West Midlands,2024,3,Dudley,Robbery,110,3036605,58,29.21,3.15,0.0362
West Midlands,2024,3,Dudley,Shoplifting,817,3036605,75,38.28,4.04,0.2691
West Midlands,2024,3,Dudley,Theft From The Person,29,3036605,24,28.43,3.07,0.0096
West Midlands,2024,3,Dudley,Vehicle Crime,729,3036605,183,41.55,4.34,0.2401
West Midlands,2024,3,Dudley,Violence And Sexual Offences,2806,3036605,201,31.01,3.31,0.9241
West Midlands,2024,3,Lichfield,Criminal Damage And Arson,3,3036605,3,82.55,8.67,0.001
West Midlands,2024,3,Lichfield,Vehicle Crime,2,3036605,2,84.86,8.5,0.0007
West Midlands,2024,3,Lichfield,Violence And Sexual Offences,4,3036605,2,72.76,7.5,0.0013
West Midlands,2024,3,North Warwickshire,Criminal Damage And Arson,1,3036605,1,72.94,9.0,0.0003
West Midlands,2024,3,North Warwickshire,Violence And Sexual Offences,1,3036605,1,40.71,7.0,0.0003
West Midlands,2024,3,Nuneaton and Bedworth,Burglary,3,3036605,2,33.98,3.67,0.001
West Midlands,2024,3,Nuneaton and Bedworth,Other Theft,2,3036605,2,39.8,4.0,0.0007
West Midlands,2024,3,Nuneaton and Bedworth,Vehicle Crime,4,3036605,1,26.02,3.0,0.0013
West Midlands,2024,3,Nuneaton and Bedworth,Violence And Sexual Offences,1,3036605,1,22.33,3.0,0.0003
West Midlands,2024,3,Rugby,Criminal Damage And Arson,2,3036605,1,36.12,6.0,0.0007
West Midlands,2024,3,Rugby,Drugs,1,3036605,1,36.12,6.0,0.0003
West Midlands,2024,3,Rugby,Violence And Sexual Offences,3,3036605,1,36.12,6.0,0.001
West Midlands,2024,3,Sandwell,Bicycle Theft,41,3036605,31,20.27,2.56,0.0135
West Midlands,2024,3,Sandwell,Burglary,431,3036605,148,21.91,2.61,0.1419
West Midlands,2024,3,Sandwell,Criminal Damage And Arson,750,3036605,173,19.49,2.36,0.247
West Midlands,2024,3,Sandwell,Drugs,201,3036605,101,19.37,2.38,0.0662
West Midlands,2024,3,Sandwell,Other Crime,232,3036605,122,19.77,2.34,0.0764
West Midlands,2024,3,Sandwell,Other Theft,587,3036605,159,18.73,2.35,0.1933
West Midlands,2024,3,Sandwell,Possession Of Weapons,150,3036605,86,17.57,2.23,0.0494
West Midlands,2024,3,Sandwell,Public Order,579,3036605,154,19.35,2.38,0.1907
West Midlands,2024,3,Sandwell,Robbery,236,3036605,113,21.01,2.63,0.0777
West Midlands,2024,3,Sandwell,Shoplifting,692,3036605,68,20.47,2.76,0.2279
West Midlands,2024,3,Sandwell,Theft From The Person,61,3036605,40,17.58,2.34,0.0201
West Midlands,2024,3,Sandwell,Vehicle Crime,834,3036605,181,25.19,2.82,0.2746
West Midlands,2024,3,Sandwell,Violence And Sexual Offences,4071,3036605,190,19.46,2.35,1.3406
West Midlands,2024,3,Solihull,Bicycle Theft,25,3036605,14,56.66,5.88,0.0082
West Midlands,2024,3,Solihull,Burglary,199,3036605,90,56.72,5.81,0.0655
West Midlands,2024,3,Solihull,Criminal Damage And Arson,391,3036605,96,43.94,4.62,0.1288
West Midlands,2024,3,Solihull,Drugs,104,3036605,52,38.46,4.39,0.0342
West Midlands,2024,3,Solihull,Other Crime,105,3036605,65,51.68,5.36,0.0346
West Midlands,2024,3,Solihull,Other Theft,391,3036605,94,53.2,5.78,0.1288
West Midlands,2024,3,Solihull,Possession Of Weapons,80,3036605,41,46.02,4.86,0.0263
West Midlands,2024,3,Solihull,Public Order,311,3036605,90,46.86,5.0,0.1024
West Midlands,2024,3,Solihull,Robbery,58,3036605,37,42.06,4.45,0.0191
West Midlands,2024,3,Solihull,Shoplifting,815,3036605,51,61.31,6.38,0.2684
West Midlands,2024,3,Solihull,Theft From The Person,22,3036605,12,58.1,5.73,0.0072
West Midlands,2024,3,Solihull,Vehicle Crime,627,3036605,118,50.67,5.37,0.2065
West Midlands,2024,3,Solihull,Violence And Sexual Offences,1627,3036605,133,47.35,4.96,0.5358
West Midlands,2024,3,South Staffordshire,Burglary,3,3036605,2,68.51,7.0,0.001
West Midlands,2024,3,South Staffordshire,Criminal Damage And Arson,2,3036605,2,63.2,8.0,0.0007
West Midlands,2024,3,South Staffordshire,Public Order,3,3036605,3,62.32,7.67,0.001
West Midlands,2024,3,South Staffordshire,Shoplifting,1,3036605,1,61.43,6.0,0.0003
West Midlands,2024,3,South Staffordshire,Violence And Sexual Offences,3,3036605,2,68.36,7.0,0.001
West Midlands,2024,3,Stratford-on-Avon,Vehicle Crime,1,3036605,1,78.0,9.0,0.0003
West Midlands,2024,3,Stratford-on-Avon,Violence And Sexual Offences,1,3036605,1,70.49,10.0,0.0003
West Midlands,2024,3,Walsall,Bicycle Theft,57,3036605,28,13.6,1.91,0.0188
West Midlands,2024,3,Walsall,Burglary,381,3036605,134,30.57,3.43,0.1255
West Midlands,2024,3,Walsall,Criminal Damage And Arson,699,3036605,146,21.2,2.56,0.2302
West Midlands,2024,3,Walsall,Drugs,205,3036605,73,11.95,1.78,0.0675
West Midlands,2024,3,Walsall,Other Crime,192,3036605,99,21.19,2.5,0.0632
West Midlands,2024,3,Walsall,Other Theft,444,3036605,133,20.99,2.54,0.1462
West Midlands,2024,3,Walsall,Possession Of Weapons,156,3036605,77,16.01,2.06,0.0514
West Midlands,2024,3,Walsall,Public Order,461,3036605,129,19.47,2.37,0.1518
West Midlands,2024,3,Walsall,Robbery,125,3036605,67,17.69,2.22,0.0412
West Midlands,2024,3,Walsall,Shoplifting,1147,3036605,65,26.03,3.08,0.3777
West Midlands,2024,3,Walsall,Theft From The Person,36,3036605,24,14.1,1.92,0.0119
West Midlands,2024,3,Walsall,Vehicle Crime,652,3036605,149,25.73,2.95,0.2147
West Midlands,2024,3,Walsall,Violence And Sexual Offences,3008,3036605,167,19.74,2.39,0.9906
West Midlands,2024,3,Warwick,Public Order,1,3036605,1,77.34,10.0,0.0003
West Midlands,2024,3,Wolverhampton,Bicycle Theft,94,3036605,33,13.54,2.05,0.031
West Midlands,2024,3,Wolverhampton,Burglary,351,3036605,122,26.67,3.07,0.1156
West Midlands,2024,3,Wolverhampton,Criminal Damage And Arson,615,3036605,139,19.52,2.35,0.2025
West Midlands,2024,3,Wolverhampton,Drugs,148,3036605,70,18.53,2.59,0.0487
West Midlands,2024,3,Wolverhampton,Other Crime,190,3036605,101,22.09,2.63,0.0626
West Midlands,2024,3,Wolverhampton,Other Theft,467,3036605,128,21.08,2.64,0.1538
West Midlands,2024,3,Wolverhampton,Possession Of Weapons,191,3036605,83,16.61,2.24,0.0629
West Midlands,2024,3,Wolverhampton,Public Order,458,3036605,129,20.12,2.53,0.1508
West Midlands,2024,3,Wolverhampton,Robbery,138,3036605,61,18.79,2.46,0.0454
West Midlands,2024,3,Wolverhampton,Shoplifting,952,3036605,67,29.6,3.55,0.3135
West Midlands,2024,3,Wolverhampton,Theft From The Person,63,3036605,34,14.34,2.16,0.0207
West Midlands,2024,3,Wolverhampton,Vehicle Crime,667,3036605,149,25.95,3.04,0.2197
West Midlands,2024,3,Wolverhampton,Violence And Sexual Offences,3342,3036605,160,20.71,2.52,1.1006
West Midlands,2024,4,Birmingham,Bicycle Theft,188,3036605,113,28.62,3.92,0.0619
West Midlands,2024,4,Birmingham,Burglary,2096,3036605,566,25.56,3.08,0.6902
West Midlands,2024,4,Birmingham,Criminal Damage And Arson,2475,3036605,566,18.92,2.61,0.8151
West Midlands,2024,4,Birmingham,Drugs,1121,3036605,378,16.52,2.63,0.3692
West Midlands,2024,4,Birmingham,Other Crime,666,3036605,380,17.84,2.33,0.2193
West Midlands,2024,4,Birmingham,Other Theft,2258,3036605,541,23.64,3.34,0.7436
West Midlands,2024,4,Birmingham,Possession Of Weapons,734,3036605,355,17.58,2.57,0.2417
West Midlands,2024,4,Birmingham,Public Order,1849,3036605,530,21.24,3.02,0.6089
West Midlands,2024,4,Birmingham,Robbery,879,3036605,345,20.81,3.17,0.2895
West Midlands,2024,4,Birmingham,Shoplifting,3389,3036605,235,30.59,4.26,1.116
West Midlands,2024,4,Birmingham,Theft From The Person,424,3036605,164,25.5,4.29,0.1396
West Midlands,2024,4,Birmingham,Vehicle Crime,2891,3036605,617,24.43,3.12,0.9521
West Midlands,2024,4,Birmingham,Violence And Sexual Offences,14596,3036605,654,18.59,2.6,4.8067
West Midlands,2024,4,Bromsgrove,Burglary,2,3036605,2,84.6,9.0,0.0007
West Midlands,2024,4,Bromsgrove,Criminal Damage And Arson,1,3036605,1,71.4,8.0,0.0003
West Midlands,2024,4,Bromsgrove,Public Order,1,3036605,1,71.4,8.0,0.0003
West Midlands,2024,4,Bromsgrove,Vehicle Crime,4,3036605,1,77.11,7.0,0.0013
West Midlands,2024,4,Bromsgrove,Violence And Sexual Offences,4,3036605,2,74.26,7.5,0.0013
West Midlands,2024,4,Coventry,Bicycle Theft,102,3036605,40,36.38,5.3,0.0336
West Midlands,2024,4,Coventry,Burglary,455,3036605,159,33.94,4.22,0.1498
West Midlands,2024,4,Coventry,Criminal Damage And Arson,696,3036605,171,28.81,3.72,0.2292
West Midlands,2024,4,Coventry,Drugs,273,3036605,102,22.95,3.71,0.0899
West Midlands,2024,4,Coventry,Other Crime,184,3036605,117,30.78,3.58,0.0606
West Midlands,2024,4,Coventry,Other Theft,661,3036605,177,32.59,4.37,0.2177
West Midlands,2024,4,Coventry,Possession Of Weapons,142,3036605,83,22.18,3.44,0.0468
West Midlands,2024,4,Coventry,Public Order,469,3036605,146,28.65,4.22,0.1544
West Midlands,2024,4,Coventry,Robbery,206,3036605,88,27.45,4.31,0.0678
West Midlands,2024,4,Coventry,Shoplifting,896,3036605,72,37.48,5.15,0.2951
West Midlands,2024,4,Coventry,Theft From The Person,88,3036605,41,23.35,4.6,0.029
West Midlands,2024,4,Coventry,Vehicle Crime,797,3036605,191,38.5,4.41,0.2625
West Midlands,2024,4,Coventry,Violence And Sexual Offences,3656,3036605,202,27.71,3.74,1.204
West Midlands,2024,4,Dudley,Bicycle Theft,25,3036605,17,27.95,3.08,0.0082
West Midlands,2024,4,Dudley,Burglary,398,3036605,159,40.58,4.17,0.1311
West Midlands,2024,4,Dudley,Criminal Damage And Arson,522,3036605,160,31.71,3.34,0.1719
West Midlands,2024,4,Dudley,Drugs,137,3036605,66,23.03,2.57,0.0451
West Midlands,2024,4,Dudley,Other Crime,154,3036605,95,33.79,3.55,0.0507
West Midlands,2024,4,Dudley,Other Theft,395,3036605,137,33.32,3.55,0.1301
West Midlands,2024,4,Dudley,Possession Of Weapons,102,3036605,60,27.63,3.04,0.0336
West Midlands,2024,4,Dudley,Public Order,349,3036605,122,29.05,3.11,0.1149
West Midlands,2024,4,Dudley,Robbery,97,3036605,58,27.68,3.03,0.0319
West Midlands,2024,4,Dudley,Shoplifting,887,3036605,69,32.03,3.46,0.2921
West Midlands,2024,4,Dudley,Theft From The Person,26,3036605,20,24.49,2.73,0.0086
West Midlands,2024,4,Dudley,Vehicle Crime,531,3036605,178,41.23,4.26,0.1749
West Midlands,2024,4,Dudley,Violence And Sexual Offences,2608,3036605,199,31.19,3.32,0.8589
West Midlands,2024,4,Lichfield,Other Crime,3,3036605,2,75.63,8.33,0.001
West Midlands,2024,4,Lichfield,Public Order,2,3036605,1,77.94,9.0,0.0007
West Midlands,2024,4,Lichfield,Violence And Sexual Offences,3,3036605,2,75.63,8.33,0.001
West Midlands,2024,4,North Warwickshire,Other Crime,2,3036605,1,72.94,9.0,0.0007
West Midlands,2024,4,North Warwickshire,Shoplifting,1,3036605,1,72.94,9.0,0.0003
West Midlands,2024,4,North Warwickshire,Vehicle Crime,1,3036605,1,66.91,9.0,0.0003
West Midlands,2024,4,North Warwickshire,Violence And Sexual Offences,2,3036605,1,40.71,7.0,0.0007
West Midlands,2024,4,Nuneaton and Bedworth,Burglary,1,3036605,1,59.84,6.0,0.0003
West Midlands,2024,4,Nuneaton and Bedworth,Criminal Damage And Arson,3,3036605,2,58.99,5.67,0.001
West Midlands,2024,4,Nuneaton and Bedworth,Other Crime,1,3036605,1,59.84,6.0,0.0003
West Midlands,2024,4,Nuneaton and Bedworth,Vehicle Crime,1,3036605,1,59.84,6.0,0.0003
West Midlands,2024,4,Nuneaton and Bedworth,Violence And Sexual Offences,2,3036605,2,35.69,4.0,0.0007
West Midlands,2024,4,Rugby,Burglary,1,3036605,1,36.12,6.0,0.0003
West Midlands,2024,4,Rugby,Criminal Damage And Arson,1,3036605,1,36.12,6.0,0.0003
West Midlands,2024,4,Rugby,Drugs,2,3036605,1,36.12,6.0,0.0007
West Midlands,2024,4,Rugby,Other Theft,1,3036605,1,36.12,6.0,0.0003
West Midlands,2024,4,Rugby,Possession Of Weapons,1,3036605,1,36.12,6.0,0.0003
West Midlands,2024,4,Rugby,Violence And Sexual Offences,1,3036605,1,36.12,6.0,0.0003
West Midlands,2024,4,Sandwell,Bicycle Theft,22,3036605,18,23.12,2.73,0.0072
West Midlands,2024,4,Sandwell,Burglary,392,3036605,146,22.44,2.57,0.1291
West Midlands,2024,4,Sandwell,Criminal Damage And Arson,702,3036605,172,19.27,2.36,0.2312
West Midlands,2024,4,Sandwell,Drugs,217,3036605,97,17.02,2.18,0.0715
West Midlands,2024,4,Sandwell,Other Crime,212,3036605,125,19.51,2.35,0.0698
West Midlands,2024,4,Sandwell,Other Theft,601,3036605,159,19.76,2.41,0.1979
West Midlands,2024,4,Sandwell,Possession Of Weapons,167,3036605,91,23.58,2.78,0.055
West Midlands,2024,4,Sandwell,Public Order,521,3036605,157,20.56,2.49,0.1716
West Midlands,2024,4,Sandwell,Robbery,191,3036605,95,20.13,2.48,0.0629
West Midlands,2024,4,Sandwell,Shoplifting,671,3036605,70,21.89,2.75,0.221
West Midlands,2024,4,Sandwell,Theft From The Person,68,3036605,42,18.28,2.41,0.0224
West Midlands,2024,4,Sandwell,Vehicle Crime,768,3036605,183,24.82,2.75,0.2529
West Midlands,2024,4,Sandwell,Violence And Sexual Offences,3714,3036605,190,19.44,2.34,1.2231
West Midlands,2024,4,Solihull,Bicycle Theft,18,3036605,10,53.6,5.39,0.0059
West Midlands,2024,4,Solihull,Burglary,242,3036605,105,54.96,5.59,0.0797
West Midlands,2024,4,Solihull,Criminal Damage And Arson,295,3036605,93,44.99,4.83,0.0971
West Midlands,2024,4,Solihull,Drugs,76,3036605,45,44.02,4.63,0.025
West Midlands,2024,4,Solihull,Other Crime,80,3036605,46,43.38,4.7,0.0263
West Midlands,2024,4,Solihull,Other Theft,283,3036605,91,52.16,5.65,0.0932
West Midlands,2024,4,Solihull,Possession Of Weapons,74,3036605,39,48.45,5.23,0.0244
West Midlands,2024,4,Solihull,Public Order,238,3036605,82,44.35,4.75,0.0784
West Midlands,2024,4,Solihull,Robbery,49,3036605,28,39.46,4.18,0.0161
West Midlands,2024,4,Solihull,Shoplifting,586,3036605,47,60.52,6.3,0.193
West Midlands,2024,4,Solihull,Theft From The Person,30,3036605,14,53.84,5.73,0.0099
West Midlands,2024,4,Solihull,Vehicle Crime,579,3036605,126,52.46,5.49,0.1907
West Midlands,2024,4,Solihull,Violence And Sexual Offences,1513,3036605,132,46.64,4.9,0.4983
West Midlands,2024,4,South Staffordshire,Burglary,1,3036605,1,41.14,7.0,0.0003
West Midlands,2024,4,South Staffordshire,Criminal Damage And Arson,1,3036605,1,64.82,7.0,0.0003
West Midlands,2024,4,South Staffordshire,Public Order,2,3036605,2,51.28,6.5,0.0007
West Midlands,2024,4,South Staffordshire,Robbery,1,3036605,1,61.43,6.0,0.0003
West Midlands,2024,4,South Staffordshire,Shoplifting,1,3036605,1,41.14,7.0,0.0003
West Midlands,2024,4,South Staffordshire,Vehicle Crime,2,3036605,1,41.14,7.0,0.0007
West Midlands,2024,4,South Staffordshire,Violence And Sexual Offences,4,3036605,2,80.15,8.5,0.0013
West Midlands,2024,4,Walsall,Bicycle Theft,33,3036605,25,15.84,2.21,0.0109
West Midlands,2024,4,Walsall,Burglary,281,3036605,117,30.94,3.48,0.0925
West Midlands,2024,4,Walsall,Criminal Damage And Arson,650,3036605,147,20.39,2.44,0.2141
West Midlands,2024,4,Walsall,Drugs,179,3036605,72,14.87,2.04,0.0589
West Midlands,2024,4,Walsall,Other Crime,176,3036605,96,21.28,2.49,0.058
West Midlands,2024,4,Walsall,Other Theft,430,3036605,129,22.38,2.65,0.1416
West Midlands,2024,4,Walsall,Possession Of Weapons,114,3036605,61,16.59,2.06,0.0375
West Midlands,2024,4,Walsall,Public Order,370,3036605,123,20.39,2.47,0.1218
West Midlands,2024,4,Walsall,Robbery,109,3036605,57,17.52,2.25,0.0359
West Midlands,2024,4,Walsall,Shoplifting,1082,3036605,63,20.19,2.58,0.3563
West Midlands,2024,4,Walsall,Theft From The Person,49,3036605,27,11.71,1.65,0.0161
West Midlands,2024,4,Walsall,Vehicle Crime,590,3036605,152,26.78,3.08,0.1943
West Midlands,2024,4,Walsall,Violence And Sexual Offences,2863,3036605,169,20.31,2.44,0.9428
West Midlands,2024,4,Warwick,Violence And Sexual Offences,1,3036605,1,77.34,10.0,0.0003
West Midlands,2024,4,Wolverhampton,Bicycle Theft,57,3036605,21,14.24,2.26,0.0188
West Midlands,2024,4,Wolverhampton,Burglary,332,3036605,123,24.22,2.95,0.1093
West Midlands,2024,4,Wolverhampton,Criminal Damage And Arson,582,3036605,145,19.84,2.44,0.1917
West Midlands,2024,4,Wolverhampton,Drugs,185,3036605,71,19.19,2.57,0.0609
West Midlands,2024,4,Wolverhampton,Other Crime,171,3036605,101,22.67,2.63,0.0563
West Midlands,2024,4,Wolverhampton,Other Theft,456,3036605,129,19.81,2.5,0.1502
West Midlands,2024,4,Wolverhampton,Possession Of Weapons,134,3036605,68,21.06,2.58,0.0441
West Midlands,2024,4,Wolverhampton,Public Order,379,3036605,117,19.49,2.58,0.1248
West Midlands,2024,4,Wolverhampton,Robbery,104,3036605,57,18.37,2.35,0.0342
West Midlands,2024,4,Wolverhampton,Shoplifting,841,3036605,67,29.18,3.47,0.277
West Midlands,2024,4,Wolverhampton,Theft From The Person,58,3036605,33,17.41,2.52,0.0191
West Midlands,2024,4,Wolverhampton,Vehicle Crime,606,3036605,144,24.86,2.91,0.1996
West Midlands,2024,4,Wolverhampton,Violence And Sexual Offences,2992,3036605,161,21.01,2.56,0.9853
West Midlands,2025,1,Birmingham,Bicycle Theft,150,3077114,95,30.06,4.12,0.0487
West Midlands,2025,1,Birmingham,Burglary,1702,3077114,543,27.0,3.35,0.5531
West Midlands,2025,1,Birmingham,Criminal Damage And Arson,2446,3077114,586,19.1,2.58,0.7949
West Midlands,2025,1,Birmingham,Drugs,1208,3077114,387,17.33,2.67,0.3926
West Midlands,2025,1,Birmingham,Other Crime,737,3077114,380,16.68,2.29,0.2395
West Midlands,2025,1,Birmingham,Other Theft,2031,3077114,525,21.82,3.06,0.66
West Midlands,2025,1,Birmingham,Possession Of Weapons,749,3077114,357,17.12,2.46,0.2434
West Midlands,2025,1,Birmingham,Public Order,1894,3077114,500,20.29,2.86,0.6155
West Midlands,2025,1,Birmingham,Robbery,707,3077114,341,21.23,3.09,0.2298
West Midlands,2025,1,Birmingham,Shoplifting,3362,3077114,226,33.27,4.62,1.0926
West Midlands,2025,1,Birmingham,Theft From The Person,294,3077114,145,23.34,3.81,0.0955
West Midlands,2025,1,Birmingham,Vehicle Crime,2875,3077114,621,23.27,2.9,0.9343
West Midlands,2025,1,Birmingham,Violence And Sexual Offences,14604,3077114,656,18.34,2.54,4.746
West Midlands,2025,1,Bromsgrove,Bicycle Theft,1,3077114,1,77.11,7.0,0.0003
West Midlands,2025,1,Bromsgrove,Burglary,2,3077114,1,89.38,10.0,0.0006
West Midlands,2025,1,Bromsgrove,Criminal Damage And Arson,1,3077114,1,49.08,6.0,0.0003
West Midlands,2025,1,Bromsgrove,Other Crime,2,3077114,1,77.11,7.0,0.0006
West Midlands,2025,1,Bromsgrove,Other Theft,1,3077114,1,77.11,7.0,0.0003
West Midlands,2025,1,Bromsgrove,Violence And Sexual Offences,3,3077114,2,67.77,6.67,0.001
West Midlands,2025,1,Coventry,Bicycle Theft,94,3077114,40,32.69,5.0,0.0305
West Midlands,2025,1,Coventry,Burglary,417,3077114,154,33.32,4.09,0.1355
West Midlands,2025,1,Coventry,Criminal Damage And Arson,645,3077114,167,27.56,3.68,0.2096
West Midlands,2025,1,Coventry,Drugs,258,3077114,97,21.72,3.18,0.0838
West Midlands,2025,1,Coventry,Other Crime,196,3077114,111,26.33,3.36,0.0637
West Midlands,2025,1,Coventry,Other Theft,533,3077114,160,33.62,4.47,0.1732
West Midlands,2025,1,Coventry,Possession Of Weapons,146,3077114,75,23.22,3.55,0.0474
West Midlands,2025,1,Coventry,Public Order,375,3077114,132,27.45,4.08,0.1219
West Midlands,2025,1,Coventry,Robbery,148,3077114,78,26.28,4.05,0.0481
West Midlands,2025,1,Coventry,Shoplifting,984,3077114,72,36.02,5.04,0.3198
West Midlands,2025,1,Coventry,Theft From The Person,72,3077114,39,27.63,4.75,0.0234
West Midlands,2025,1,Coventry,Vehicle Crime,702,3077114,182,38.96,4.52,0.2281
West Midlands,2025,1,Coventry,Violence And Sexual Offences,3444,3077114,201,27.09,3.68,1.1192
West Midlands,2025,1,Dudley,Bicycle Theft,11,3077114,11,52.14,5.27,0.0036
West Midlands,2025,1,Dudley,Burglary,346,3077114,149,42.21,4.36,0.1124
West Midlands,2025,1,Dudley,Criminal Damage And Arson,474,3077114,143,31.46,3.36,0.154
West Midlands,2025,1,Dudley,Drugs,128,3077114,66,23.4,2.62,0.0416
West Midlands,2025,1,Dudley,Other Crime,150,3077114,84,29.69,3.14,0.0487
West Midlands,2025,1,Dudley,Other Theft,361,3077114,136,35.53,3.74,0.1173
West Midlands,2025,1,Dudley,Possession Of Weapons,107,3077114,64,28.5,3.06,0.0348
West Midlands,2025,1,Dudley,Public Order,369,3077114,131,31.99,3.36,0.1199
West Midlands,2025,1,Dudley,Robbery,71,3077114,43,29.74,3.2,0.0231
West Midlands,2025,1,Dudley,Shoplifting,811,3077114,66,31.67,3.5,0.2636
West Midlands,2025,1,Dudley,Theft From The Person,38,3077114,26,25.54,2.87,0.0123
West Midlands,2025,1,Dudley,Vehicle Crime,579,3077114,174,42.89,4.4,0.1882
West Midlands,2025,1,Dudley,Violence And Sexual Offences,2650,3077114,199,30.95,3.27,0.8612
West Midlands,2025,1,Lichfield,Burglary,1,3077114,1,71.03,7.0,0.0003
West Midlands,2025,1,Lichfield,Criminal Damage And Arson,1,3077114,1,77.94,9.0,0.0003
West Midlands,2025,1,Lichfield,Other Theft,1,3077114,1,77.94,9.0,0.0003
West Midlands,2025,1,Lichfield,Vehicle Crime,1,3077114,1,71.03,7.0,0.0003
West Midlands,2025,1,Lichfield,Violence And Sexual Offences,1,3077114,1,71.03,7.0,0.0003
West Midlands,2025,1,North Warwickshire,Other Crime,2,3077114,1,72.94,9.0,0.0006
West Midlands,2025,1,North Warwickshire,Other Theft,2,3077114,1,40.71,7.0,0.0006
West Midlands,2025,1,North Warwickshire,Public Order,1,3077114,1,40.71,7.0,0.0003
West Midlands,2025,1,Nuneaton and Bedworth,Burglary,2,3077114,1,22.33,3.0,0.0006
West Midlands,2025,1,Nuneaton and Bedworth,Criminal Damage And Arson,1,3077114,1,26.02,3.0,0.0003
West Midlands,2025,1,Nuneaton and Bedworth,Other Theft,1,3077114,1,26.02,3.0,0.0003
West Midlands,2025,1,Nuneaton and Bedworth,Public Order,1,3077114,1,26.02,3.0,0.0003
West Midlands,2025,1,Nuneaton and Bedworth,Vehicle Crime,6,3077114,2,31.23,3.33,0.0019
West Midlands,2025,1,Nuneaton and Bedworth,Violence And Sexual Offences,9,3077114,3,54.07,5.56,0.0029
West Midlands,2025,1,Rugby,Criminal Damage And Arson,1,3077114,1,36.12,6.0,0.0003
West Midlands,2025,1,Rugby,Drugs,1,3077114,1,36.12,6.0,0.0003
West Midlands,2025,1,Rugby,Violence And Sexual Offences,1,3077114,1,36.12,6.0,0.0003
West Midlands,2025,1,Sandwell,Bicycle Theft,17,3077114,15,18.57,2.41,0.0055
West Midlands,2025,1,Sandwell,Burglary,296,3077114,131,21.56,2.54,0.0962
West Midlands,2025,1,Sandwell,Criminal Damage And Arson,691,3077114,166,19.11,2.26,0.2246
West Midlands,2025,1,Sandwell,Drugs,280,3077114,117,17.28,2.16,0.091
West Midlands,2025,1,Sandwell,Other Crime,236,3077114,115,19.29,2.32,0.0767
West Midlands,2025,1,Sandwell,Other Theft,472,3077114,152,19.78,2.42,0.1534
West Midlands,2025,1,Sandwell,Possession Of Weapons,170,3077114,96,18.62,2.32,0.0552
West Midlands,2025,1,Sandwell,Public Order,476,3077114,156,20.09,2.42,0.1547
West Midlands,2025,1,Sandwell,Robbery,200,3077114,98,19.06,2.42,0.065
West Midlands,2025,1,Sandwell,Shoplifting,805,3077114,78,21.55,2.72,0.2616
West Midlands,2025,1,Sandwell,Theft From The Person,49,3077114,30,20.5,2.86,0.0159
West Midlands,2025,1,Sandwell,Vehicle Crime,737,3077114,182,23.31,2.67,0.2395
West Midlands,2025,1,Sandwell,Violence And Sexual Offences,3727,3077114,189,20.28,2.39,1.2112
West Midlands,2025,1,Solihull,Bicycle Theft,19,3077114,12,49.84,5.21,0.0062
West Midlands,2025,1,Solihull,Burglary,199,3077114,97,63.43,6.33,0.0647
West Midlands,2025,1,Solihull,Criminal Damage And Arson,328,3077114,92,42.16,4.53,0.1066
West Midlands,2025,1,Solihull,Drugs,101,3077114,46,42.61,4.75,0.0328
West Midlands,2025,1,Solihull,Other Crime,98,3077114,61,51.18,5.34,0.0318
West Midlands,2025,1,Solihull,Other Theft,274,3077114,89,52.79,5.61,0.089
West Midlands,2025,1,Solihull,Possession Of Weapons,70,3077114,41,50.67,5.43,0.0227
West Midlands,2025,1,Solihull,Public Order,226,3077114,82,48.56,5.13,0.0734
West Midlands,2025,1,Solihull,Robbery,54,3077114,30,46.67,4.87,0.0175
West Midlands,2025,1,Solihull,Shoplifting,681,3077114,46,58.66,6.1,0.2213
West Midlands,2025,1,Solihull,Theft From The Person,19,3077114,9,64.33,6.63,0.0062
West Midlands,2025,1,Solihull,Vehicle Crime,495,3077114,117,51.4,5.39,0.1609
West Midlands,2025,1,Solihull,Violence And Sexual Offences,1522,3077114,128,44.17,4.65,0.4946
West Midlands,2025,1,South Staffordshire,Bicycle Theft,1,3077114,1,41.14,7.0,0.0003
West Midlands,2025,1,South Staffordshire,Burglary,1,3077114,1,61.43,6.0,0.0003
West Midlands,2025,1,South Staffordshire,Drugs,2,3077114,1,60.58,7.0,0.0006
West Midlands,2025,1,South Staffordshire,Other Theft,1,3077114,1,41.14,7.0,0.0003
West Midlands,2025,1,South Staffordshire,Vehicle Crime,5,3077114,2,45.88,7.0,0.0016
West Midlands,2025,1,South Staffordshire,Violence And Sexual Offences,3,3077114,1,64.82,7.0,0.001
West Midlands,2025,1,Stratford-on-Avon,Other Theft,1,3077114,1,78.0,9.0,0.0003
West Midlands,2025,1,Walsall,Bicycle Theft,27,3077114,20,17.08,2.19,0.0088
West Midlands,2025,1,Walsall,Burglary,271,3077114,120,28.72,3.25,0.0881
West Midlands,2025,1,Walsall,Criminal Damage And Arson,578,3077114,144,21.85,2.62,0.1878
West Midlands,2025,1,Walsall,Drugs,173,3077114,68,16.03,2.1,0.0562
West Midlands,2025,1,Walsall,Other Crime,151,3077114,95,29.45,3.27,0.0491
West Midlands,2025,1,Walsall,Other Theft,411,3077114,124,22.21,2.67,0.1336
West Midlands,2025,1,Walsall,Possession Of Weapons,135,3077114,68,16.4,2.05,0.0439
West Midlands,2025,1,Walsall,Public Order,330,3077114,115,21.01,2.58,0.1072
West Midlands,2025,1,Walsall,Robbery,77,3077114,45,15.08,2.01,0.025
West Midlands,2025,1,Walsall,Shoplifting,862,3077114,64,18.16,2.37,0.2801
West Midlands,2025,1,Walsall,Theft From The Person,40,3077114,17,12.16,1.88,0.013
West Midlands,2025,1,Walsall,Vehicle Crime,528,3077114,150,25.08,2.87,0.1716
West Midlands,2025,1,Walsall,Violence And Sexual Offences,2735,3077114,169,21.49,2.54,0.8888
West Midlands,2025,1,Warwick,Burglary,1,3077114,1,77.34,10.0,0.0003
West Midlands,2025,1,Warwick,Vehicle Crime,1,3077114,1,77.34,10.0,0.0003
West Midlands,2025,1,Warwick,Violence And Sexual Offences,2,3077114,2,75.34,9.5,0.0006
West Midlands,2025,1,Wolverhampton,Bicycle Theft,34,3077114,26,17.96,2.32,0.011
West Midlands,2025,1,Wolverhampton,Burglary,238,3077114,100,25.01,2.95,0.0773
West Midlands,2025,1,Wolverhampton,Criminal Damage And Arson,507,3077114,135,19.98,2.44,0.1648
West Midlands,2025,1,Wolverhampton,Drugs,157,3077114,66,18.12,2.45,0.051
West Midlands,2025,1,Wolverhampton,Other Crime,175,3077114,89,19.42,2.34,0.0569
West Midlands,2025,1,Wolverhampton,Other Theft,382,3077114,128,19.11,2.41,0.1241
West Midlands,2025,1,Wolverhampton,Possession Of Weapons,118,3077114,71,18.66,2.42,0.0383
West Midlands,2025,1,Wolverhampton,Public Order,338,3077114,116,21.4,2.66,0.1098
West Midlands,2025,1,Wolverhampton,Robbery,84,3077114,53,19.06,2.36,0.0273
West Midlands,2025,1,Wolverhampton,Shoplifting,703,3077114,59,25.43,3.15,0.2285
West Midlands,2025,1,Wolverhampton,Theft From The Person,58,3077114,28,14.97,2.26,0.0188
West Midlands,2025,1,Wolverhampton,Vehicle Crime,533,3077114,140,24.74,2.93,0.1732
West Midlands,2025,1,Wolverhampton,Violence And Sexual Offences,2898,3077114,160,20.03,2.45,0.9418
West Midlands,2025,2,Birmingham,Bicycle Theft,205,3077114,143,25.29,3.43,0.0666
West Midlands,2025,2,Birmingham,Burglary,1633,3077114,523,24.13,3.1,0.5307
West Midlands,2025,2,Birmingham,Criminal Damage And Arson,2795,3077114,599,19.3,2.59,0.9083
West Midlands,2025,2,Birmingham,Drugs,1138,3077114,386,18.87,2.94,0.3698
West Midlands,2025,2,Birmingham,Other Crime,665,3077114,379,18.03,2.37,0.2161
West Midlands,2025,2,Birmingham,Other Theft,2146,3077114,548,22.17,3.07,0.6974
West Midlands,2025,2,Birmingham,Possession Of Weapons,890,3077114,369,16.88,2.5,0.2892
West Midlands,2025,2,Birmingham,Public Order,2121,3077114,551,20.89,2.91,0.6893
West Midlands,2025,2,Birmingham,Robbery,969,3077114,352,20.55,3.04,0.3149
West Midlands,2025,2,Birmingham,Shoplifting,2996,3077114,244,31.12,4.38,0.9736
West Midlands,2025,2,Birmingham,Theft From The Person,374,3077114,189,21.68,3.56,0.1215
West Midlands,2025,2,Birmingham,Vehicle Crime,2990,3077114,623,25.42,3.13,0.9717
West Midlands,2025,2,Birmingham,Violence And Sexual Offences,15756,3077114,658,18.41,2.54,5.1204
West Midlands,2025,2,Bromsgrove,Burglary,1,3077114,1,97.79,10.0,0.0003
West Midlands,2025,2,Bromsgrove,Criminal Damage And Arson,1,3077114,1,66.71,8.0,0.0003
West Midlands,2025,2,Bromsgrove,Violence And Sexual Offences,6,3077114,4,67.07,7.5,0.0019
West Midlands,2025,2,Coventry,Bicycle Theft,138,3077114,55,29.38,4.72,0.0448
West Midlands,2025,2,Coventry,Burglary,368,3077114,160,32.49,3.97,0.1196
West Midlands,2025,2,Coventry,Criminal Damage And Arson,690,3077114,169,29.15,3.78,0.2242
West Midlands,2025,2,Coventry,Drugs,244,3077114,99,24.55,3.64,0.0793
West Midlands,2025,2,Coventry,Other Crime,176,3077114,97,27.94,3.61,0.0572
West Midlands,2025,2,Coventry,Other Theft,571,3077114,158,32.15,4.18,0.1856
West Midlands,2025,2,Coventry,Possession Of Weapons,184,3077114,103,26.68,3.52,0.0598
West Midlands,2025,2,Coventry,Public Order,491,3077114,150,29.15,4.29,0.1596
West Midlands,2025,2,Coventry,Robbery,179,3077114,86,27.23,4.25,0.0582
West Midlands,2025,2,Coventry,Shoplifting,821,3077114,72,34.0,4.81,0.2668
West Midlands,2025,2,Coventry,Theft From The Person,87,3077114,50,27.73,4.34,0.0283
West Midlands,2025,2,Coventry,Vehicle Crime,745,3077114,185,34.73,4.14,0.2421
West Midlands,2025,2,Coventry,Violence And Sexual Offences,3741,3077114,203,27.35,3.68,1.2157
West Midlands,2025,2,Dudley,Bicycle Theft,25,3077114,20,36.99,3.64,0.0081
West Midlands,2025,2,Dudley,Burglary,392,3077114,157,46.76,4.79,0.1274
West Midlands,2025,2,Dudley,Criminal Damage And Arson,589,3077114,168,30.93,3.29,0.1914
West Midlands,2025,2,Dudley,Drugs,115,3077114,66,28.16,2.97,0.0374
West Midlands,2025,2,Dudley,Other Crime,132,3077114,86,37.21,3.92,0.0429
West Midlands,2025,2,Dudley,Other Theft,358,3077114,130,33.48,3.55,0.1163
West Midlands,2025,2,Dudley,Possession Of Weapons,136,3077114,75,26.13,2.81,0.0442
West Midlands,2025,2,Dudley,Public Order,394,3077114,136,30.03,3.14,0.128
West Midlands,2025,2,Dudley,Robbery,86,3077114,55,28.01,3.09,0.0279
West Midlands,2025,2,Dudley,Shoplifting,793,3077114,76,37.76,4.04,0.2577
West Midlands,2025,2,Dudley,Theft From The Person,45,3077114,32,22.76,2.64,0.0146
West Midlands,2025,2,Dudley,Vehicle Crime,662,3077114,180,40.59,4.23,0.2151
West Midlands,2025,2,Dudley,Violence And Sexual Offences,2862,3077114,200,31.47,3.32,0.9301
West Midlands,2025,2,Lichfield,Burglary,1,3077114,1,71.03,7.0,0.0003
West Midlands,2025,2,Lichfield,Criminal Damage And Arson,1,3077114,1,77.94,9.0,0.0003
West Midlands,2025,2,Lichfield,Public Order,1,3077114,1,77.94,9.0,0.0003
West Midlands,2025,2,Lichfield,Vehicle Crime,1,3077114,1,76.34,8.0,0.0003
West Midlands,2025,2,Lichfield,Violence And Sexual Offences,1,3077114,1,77.94,9.0,0.0003
West Midlands,2025,2,North Warwickshire,Criminal Damage And Arson,1,3077114,1,40.71,7.0,0.0003
West Midlands,2025,2,North Warwickshire,Other Crime,1,3077114,1,50.53,8.0,0.0003
West Midlands,2025,2,North Warwickshire,Public Order,1,3077114,1,66.91,9.0,0.0003
West Midlands,2025,2,North Warwickshire,Vehicle Crime,1,3077114,1,40.71,7.0,0.0003
West Midlands,2025,2,Nuneaton and Bedworth,Burglary,3,3077114,1,22.33,3.0,0.001
West Midlands,2025,2,Nuneaton and Bedworth,Shoplifting,1,3077114,1,22.33,3.0,0.0003
West Midlands,2025,2,Nuneaton and Bedworth,Vehicle Crime,4,3077114,2,34.47,3.75,0.0013
West Midlands,2025,2,Nuneaton and Bedworth,Violence And Sexual Offences,5,3077114,4,34.66,3.8,0.0016
West Midlands,2025,2,Rugby,Other Theft,2,3077114,1,36.12,6.0,0.0006
West Midlands,2025,2,Rugby,Violence And Sexual Offences,1,3077114,1,36.12,6.0,0.0003
West Midlands,2025,2,Sandwell,Bicycle Theft,28,3077114,26,19.05,2.43,0.0091
West Midlands,2025,2,Sandwell,Burglary,322,3077114,139,23.91,2.72,0.1046
West Midlands,2025,2,Sandwell,Criminal Damage And Arson,697,3077114,171,19.4,2.34,0.2265
West Midlands,2025,2,Sandwell,Drugs,295,3077114,122,16.96,2.07,0.0959
West Midlands,2025,2,Sandwell,Other Crime,153,3077114,98,18.4,2.25,0.0497
West Midlands,2025,2,Sandwell,Other Theft,550,3077114,157,19.53,2.43,0.1787
West Midlands,2025,2,Sandwell,Possession Of Weapons,217,3077114,109,18.2,2.23,0.0705
West Midlands,2025,2,Sandwell,Public Order,504,3077114,156,20.42,2.43,0.1638
West Midlands,2025,2,Sandwell,Robbery,263,3077114,105,21.2,2.58,0.0855
West Midlands,2025,2,Sandwell,Shoplifting,906,3077114,82,23.02,2.81,0.2944
West Midlands,2025,2,Sandwell,Theft From The Person,49,3077114,35,16.55,2.27,0.0159
West Midlands,2025,2,Sandwell,Vehicle Crime,819,3077114,182,25.24,2.87,0.2662
West Midlands,2025,2,Sandwell,Violence And Sexual Offences,3944,3077114,190,19.85,2.35,1.2817
West Midlands,2025,2,Solihull,Bicycle Theft,32,3077114,21,53.86,5.56,0.0104
West Midlands,2025,2,Solihull,Burglary,268,3077114,101,60.7,6.23,0.0871
West Midlands,2025,2,Solihull,Criminal Damage And Arson,387,3077114,104,40.65,4.41,0.1258
West Midlands,2025,2,Solihull,Drugs,121,3077114,59,41.94,4.57,0.0393
West Midlands,2025,2,Solihull,Other Crime,95,3077114,60,47.61,5.05,0.0309
West Midlands,2025,2,Solihull,Other Theft,294,3077114,90,53.93,5.72,0.0955
West Midlands,2025,2,Solihull,Possession Of Weapons,77,3077114,44,41.59,4.45,0.025
West Midlands,2025,2,Solihull,Public Order,308,3077114,95,49.57,5.19,0.1001
West Midlands,2025,2,Solihull,Robbery,78,3077114,43,44.08,4.77,0.0253
West Midlands,2025,2,Solihull,Shoplifting,737,3077114,43,58.4,6.12,0.2395
West Midlands,2025,2,Solihull,Theft From The Person,33,3077114,22,55.55,5.67,0.0107
West Midlands,2025,2,Solihull,Vehicle Crime,553,3077114,118,54.44,5.73,0.1797
West Midlands,2025,2,Solihull,Violence And Sexual Offences,1616,3077114,129,44.12,4.64,0.5252
West Midlands,2025,2,South Staffordshire,Burglary,1,3077114,1,60.58,7.0,0.0003
West Midlands,2025,2,South Staffordshire,Other Theft,1,3077114,1,41.14,7.0,0.0003
West Midlands,2025,2,South Staffordshire,Public Order,2,3077114,2,51.28,6.5,0.0006
West Midlands,2025,2,South Staffordshire,Vehicle Crime,1,3077114,1,61.43,6.0,0.0003
West Midlands,2025,2,South Staffordshire,Violence And Sexual Offences,6,3077114,3,74.33,8.0,0.0019
West Midlands,2025,2,Walsall,Bicycle Theft,38,3077114,25,19.19,2.37,0.0123
West Midlands,2025,2,Walsall,Burglary,294,3077114,122,28.89,3.26,0.0955
West Midlands,2025,2,Walsall,Criminal Damage And Arson,642,3077114,138,20.59,2.46,0.2086
West Midlands,2025,2,Walsall,Drugs,179,3077114,72,13.98,1.93,0.0582
West Midlands,2025,2,Walsall,Other Crime,182,3077114,99,20.84,2.51,0.0591
West Midlands,2025,2,Walsall,Other Theft,437,3077114,126,23.35,2.77,0.142
West Midlands,2025,2,Walsall,Possession Of Weapons,148,3077114,69,17.8,2.25,0.0481
West Midlands,2025,2,Walsall,Public Order,372,3077114,127,22.19,2.62,0.1209
West Midlands,2025,2,Walsall,Robbery,118,3077114,64,18.08,2.28,0.0383
West Midlands,2025,2,Walsall,Shoplifting,1003,3077114,62,18.76,2.45,0.326
West Midlands,2025,2,Walsall,Theft From The Person,39,3077114,27,13.06,1.77,0.0127
West Midlands,2025,2,Walsall,Vehicle Crime,621,3077114,150,30.34,3.43,0.2018
West Midlands,2025,2,Walsall,Violence And Sexual Offences,2745,3077114,168,21.11,2.5,0.8921
West Midlands,2025,2,Warwick,Vehicle Crime,1,3077114,1,84.52,9.0,0.0003
West Midlands,2025,2,Warwick,Violence And Sexual Offences,1,3077114,1,77.34,10.0,0.0003
West Midlands,2025,2,Wolverhampton,Bicycle Theft,44,3077114,23,17.78,2.34,0.0143
West Midlands,2025,2,Wolverhampton,Burglary,276,3077114,112,28.8,3.34,0.0897
West Midlands,2025,2,Wolverhampton,Criminal Damage And Arson,563,3077114,143,21.81,2.61,0.183
West Midlands,2025,2,Wolverhampton,Drugs,153,3077114,68,15.99,2.23,0.0497
West Midlands,2025,2,Wolverhampton,Other Crime,133,3077114,80,20.43,2.44,0.0432
West Midlands,2025,2,Wolverhampton,Other Theft,403,3077114,120,20.12,2.44,0.131
West Midlands,2025,2,Wolverhampton,Possession Of Weapons,112,3077114,65,17.22,2.21,0.0364
West Midlands,2025,2,Wolverhampton,Public Order,376,3077114,116,19.78,2.51,0.1222
West Midlands,2025,2,Wolverhampton,Robbery,85,3077114,49,19.23,2.52,0.0276
West Midlands,2025,2,Wolverhampton,Shoplifting,883,3077114,59,31.36,3.69,0.287
West Midlands,2025,2,Wolverhampton,Theft From The Person,63,3077114,34,14.8,2.16,0.0205
West Midlands,2025,2,Wolverhampton,Vehicle Crime,537,3077114,141,25.55,2.99,0.1745
West Midlands,2025,2,Wolverhampton,Violence And Sexual Offences,3100,3077114,161,21.0,2.53,1.0074
West Midlands,2025,3,Birmingham,Bicycle Theft,213,3077114,141,25.38,3.66,0.0692
West Midlands,2025,3,Birmingham,Burglary,1599,3077114,534,24.0,3.09,0.5196
West Midlands,2025,3,Birmingham,Criminal Damage And Arson,2795,3077114,605,18.74,2.55,0.9083
West Midlands,2025,3,Birmingham,Drugs,1239,3077114,381,17.93,2.8,0.4027
West Midlands,2025,3,Birmingham,Other Crime,658,3077114,372,18.68,2.51,0.2138
West Midlands,2025,3,Birmingham,Other Theft,2309,3077114,559,22.55,3.12,0.7504
West Midlands,2025,3,Birmingham,Possession Of Weapons,917,3077114,400,16.9,2.43,0.298
West Midlands,2025,3,Birmingham,Public Order,2253,3077114,553,20.92,2.87,0.7322
West Midlands,2025,3,Birmingham,Robbery,1038,3077114,361,20.67,3.01,0.3373
West Midlands,2025,3,Birmingham,Shoplifting,3296,3077114,264,31.08,4.41,1.0711
West Midlands,2025,3,Birmingham,Theft From The Person,389,3077114,197,21.9,3.54,0.1264
West Midlands,2025,3,Birmingham,Vehicle Crime,3160,3077114,626,24.96,3.1,1.0269
West Midlands,2025,3,Birmingham,Violence And Sexual Offences,15699,3077114,657,17.75,2.48,5.1019
West Midlands,2025,3,Bromsgrove,Burglary,3,3077114,2,90.9,9.0,0.001
West Midlands,2025,3,Bromsgrove,Other Crime,1,3077114,1,66.71,8.0,0.0003
West Midlands,2025,3,Bromsgrove,Vehicle Crime,1,3077114,1,77.11,7.0,0.0003
West Midlands,2025,3,Bromsgrove,Violence And Sexual Offences,6,3077114,4,74.94,8.67,0.0019
West Midlands,2025,3,Coventry,Bicycle Theft,125,3077114,60,30.76,5.0,0.0406
West Midlands,2025,3,Coventry,Burglary,448,3077114,165,33.81,4.16,0.1456
West Midlands,2025,3,Coventry,Criminal Damage And Arson,699,3077114,173,28.21,3.62,0.2272
West Midlands,2025,3,Coventry,Drugs,261,3077114,98,22.55,3.32,0.0848
West Midlands,2025,3,Coventry,Other Crime,151,3077114,98,29.17,3.63,0.0491
West Midlands,2025,3,Coventry,Other Theft,557,3077114,150,31.22,4.32,0.181
West Midlands,2025,3,Coventry,Possession Of Weapons,167,3077114,83,24.72,3.51,0.0543
West Midlands,2025,3,Coventry,Public Order,476,3077114,141,27.85,4.2,0.1547
West Midlands,2025,3,Coventry,Robbery,189,3077114,80,26.57,4.17,0.0614
West Midlands,2025,3,Coventry,Shoplifting,857,3077114,77,32.76,4.65,0.2785
West Midlands,2025,3,Coventry,Theft From The Person,75,3077114,44,23.86,4.11,0.0244
West Midlands,2025,3,Coventry,Vehicle Crime,739,3077114,177,37.23,4.31,0.2402
West Midlands,2025,3,Coventry,Violence And Sexual Offences,3678,3077114,203,26.97,3.65,1.1953
West Midlands,2025,3,Dudley,Bicycle Theft,16,3077114,16,32.33,3.56,0.0052
West Midlands,2025,3,Dudley,Burglary,352,3077114,147,37.06,3.87,0.1144
West Midlands,2025,3,Dudley,Criminal Damage And Arson,554,3077114,153,30.98,3.26,0.18
West Midlands,2025,3,Dudley,Drugs,143,3077114,74,27.81,3.06,0.0465
West Midlands,2025,3,Dudley,Other Crime,135,3077114,85,32.4,3.49,0.0439
West Midlands,2025,3,Dudley,Other Theft,379,3077114,130,34.55,3.64,0.1232
West Midlands,2025,3,Dudley,Possession Of Weapons,136,3077114,79,30.52,3.26,0.0442
West Midlands,2025,3,Dudley,Public Order,382,3077114,132,30.2,3.24,0.1241
West Midlands,2025,3,Dudley,Robbery,92,3077114,54,24.65,2.76,0.0299
West Midlands,2025,3,Dudley,Shoplifting,629,3077114,72,32.84,3.58,0.2044
West Midlands,2025,3,Dudley,Theft From The Person,35,3077114,28,32.28,3.49,0.0114
West Midlands,2025,3,Dudley,Vehicle Crime,574,3077114,172,38.28,4.0,0.1865
West Midlands,2025,3,Dudley,Violence And Sexual Offences,2911,3077114,201,31.16,3.3,0.946
West Midlands,2025,3,Lichfield,Burglary,1,3077114,1,97.16,10.0,0.0003
West Midlands,2025,3,Lichfield,Other Theft,1,3077114,1,71.03,7.0,0.0003
West Midlands,2025,3,Lichfield,Vehicle Crime,1,3077114,1,77.94,9.0,0.0003
West Midlands,2025,3,Lichfield,Violence And Sexual Offences,2,3077114,1,71.03,7.0,0.0006
West Midlands,2025,3,North Warwickshire,Burglary,1,3077114,1,72.94,9.0,0.0003
West Midlands,2025,3,North Warwickshire,Violence And Sexual Offences,3,3077114,2,68.92,9.0,0.001
West Midlands,2025,3,Nuneaton and Bedworth,Burglary,1,3077114,1,22.33,3.0,0.0003
West Midlands,2025,3,Nuneaton and Bedworth,Criminal Damage And Arson,1,3077114,1,22.33,3.0,0.0003
West Midlands,2025,3,Nuneaton and Bedworth,Drugs,2,3077114,1,59.84,6.0,0.0006
West Midlands,2025,3,Nuneaton and Bedworth,Other Theft,6,3077114,4,48.34,5.0,0.0019
West Midlands,2025,3,Nuneaton and Bedworth,Public Order,1,3077114,1,57.28,5.0,0.0003
West Midlands,2025,3,Nuneaton and Bedworth,Robbery,1,3077114,1,22.33,3.0,0.0003
West Midlands,2025,3,Nuneaton and Bedworth,Shoplifting,1,3077114,1,22.33,3.0,0.0003
West Midlands,2025,3,Nuneaton and Bedworth,Vehicle Crime,2,3077114,1,26.02,3.0,0.0006
West Midlands,2025,3,Nuneaton and Bedworth,Violence And Sexual Offences,5,3077114,4,37.56,4.0,0.0016
West Midlands,2025,3,Rugby,Criminal Damage And Arson,1,3077114,1,36.12,6.0,0.0003
West Midlands,2025,3,Rugby,Drugs,1,3077114,1,36.12,6.0,0.0003
West Midlands,2025,3,Rugby,Public Order,1,3077114,1,36.12,6.0,0.0003
West Midlands,2025,3,Rugby,Vehicle Crime,1,3077114,1,36.12,6.0,0.0003
West Midlands,2025,3,Rugby,Violence And Sexual Offences,3,3077114,1,36.12,6.0,0.001
West Midlands,2025,3,Sandwell,Bicycle Theft,39,3077114,32,20.49,2.44,0.0127
West Midlands,2025,3,Sandwell,Burglary,284,3077114,136,21.8,2.55,0.0923
West Midlands,2025,3,Sandwell,Criminal Damage And Arson,684,3077114,167,19.55,2.34,0.2223
West Midlands,2025,3,Sandwell,Drugs,305,3077114,113,18.19,2.18,0.0991
West Midlands,2025,3,Sandwell,Other Crime,191,3077114,112,21.1,2.45,0.0621
West Midlands,2025,3,Sandwell,Other Theft,527,3077114,158,19.72,2.44,0.1713
West Midlands,2025,3,Sandwell,Possession Of Weapons,181,3077114,100,20.71,2.45,0.0588
West Midlands,2025,3,Sandwell,Public Order,558,3077114,158,19.35,2.32,0.1813
West Midlands,2025,3,Sandwell,Robbery,179,3077114,87,18.49,2.29,0.0582
West Midlands,2025,3,Sandwell,Shoplifting,797,3077114,78,20.51,2.68,0.259
West Midlands,2025,3,Sandwell,Theft From The Person,71,3077114,40,17.43,2.35,0.0231
West Midlands,2025,3,Sandwell,Vehicle Crime,761,3077114,179,25.89,2.9,0.2473
West Midlands,2025,3,Sandwell,Violence And Sexual Offences,4048,3077114,190,20.03,2.37,1.3155
West Midlands,2025,3,Solihull,Bicycle Theft,40,3077114,24,64.53,6.32,0.013
West Midlands,2025,3,Solihull,Burglary,214,3077114,89,65.95,6.5,0.0695
West Midlands,2025,3,Solihull,Criminal Damage And Arson,370,3077114,103,42.64,4.63,0.1202
West Midlands,2025,3,Solihull,Drugs,89,3077114,49,45.22,4.97,0.0289
West Midlands,2025,3,Solihull,Other Crime,105,3077114,59,50.93,5.5,0.0341
West Midlands,2025,3,Solihull,Other Theft,313,3077114,96,57.61,6.0,0.1017
West Midlands,2025,3,Solihull,Possession Of Weapons,83,3077114,49,40.12,4.31,0.027
West Midlands,2025,3,Solihull,Public Order,264,3077114,90,50.32,5.27,0.0858
West Midlands,2025,3,Solihull,Robbery,83,3077114,46,51.5,5.2,0.027
West Midlands,2025,3,Solihull,Shoplifting,651,3077114,51,62.09,6.34,0.2116
West Midlands,2025,3,Solihull,Theft From The Person,27,3077114,16,49.67,5.56,0.0088
West Midlands,2025,3,Solihull,Vehicle Crime,606,3077114,120,54.42,5.78,0.1969
West Midlands,2025,3,Solihull,Violence And Sexual Offences,1622,3077114,131,45.3,4.77,0.5271
West Midlands,2025,3,South Staffordshire,Drugs,1,3077114,1,64.82,7.0,0.0003
West Midlands,2025,3,South Staffordshire,Other Theft,1,3077114,1,41.14,7.0,0.0003
West Midlands,2025,3,South Staffordshire,Vehicle Crime,2,3077114,2,65.04,8.5,0.0006
West Midlands,2025,3,South Staffordshire,Violence And Sexual Offences,6,3077114,3,70.82,7.5,0.0019
West Midlands,2025,3,Walsall,Bicycle Theft,36,3077114,23,18.34,2.36,0.0117
West Midlands,2025,3,Walsall,Burglary,330,3077114,128,27.28,3.15,0.1072
West Midlands,2025,3,Walsall,Criminal Damage And Arson,676,3077114,141,20.47,2.46,0.2197
West Midlands,2025,3,Walsall,Drugs,200,3077114,70,13.96,1.92,0.065
West Midlands,2025,3,Walsall,Other Crime,174,3077114,97,22.92,2.72,0.0565
West Midlands,2025,3,Walsall,Other Theft,448,3077114,137,23.2,2.75,0.1456
West Midlands,2025,3,Walsall,Possession Of Weapons,136,3077114,67,15.77,2.09,0.0442
West Midlands,2025,3,Walsall,Public Order,381,3077114,120,19.24,2.33,0.1238
West Midlands,2025,3,Walsall,Robbery,121,3077114,55,16.4,2.07,0.0393
West Midlands,2025,3,Walsall,Shoplifting,801,3077114,69,18.66,2.41,0.2603
West Midlands,2025,3,Walsall,Theft From The Person,30,3077114,19,14.27,2.03,0.0097
West Midlands,2025,3,Walsall,Vehicle Crime,542,3077114,140,25.59,2.95,0.1761
West Midlands,2025,3,Walsall,Violence And Sexual Offences,2953,3077114,168,21.14,2.5,0.9597
West Midlands,2025,3,Warwick,Criminal Damage And Arson,4,3077114,1,77.34,10.0,0.0013
West Midlands,2025,3,Warwick,Vehicle Crime,1,3077114,1,66.16,10.0,0.0003
West Midlands,2025,3,Wolverhampton,Bicycle Theft,50,3077114,33,16.77,2.26,0.0162
West Midlands,2025,3,Wolverhampton,Burglary,257,3077114,120,28.88,3.31,0.0835
West Midlands,2025,3,Wolverhampton,Criminal Damage And Arson,584,3077114,136,18.89,2.34,0.1898
West Midlands,2025,3,Wolverhampton,Drugs,154,3077114,64,15.92,2.31,0.05
West Midlands,2025,3,Wolverhampton,Other Crime,146,3077114,86,20.39,2.39,0.0474
West Midlands,2025,3,Wolverhampton,Other Theft,432,3077114,126,20.59,2.6,0.1404
West Midlands,2025,3,Wolverhampton,Possession Of Weapons,146,3077114,75,17.85,2.29,0.0474
West Midlands,2025,3,Wolverhampton,Public Order,377,3077114,123,19.39,2.5,0.1225
West Midlands,2025,3,Wolverhampton,Robbery,105,3077114,54,19.41,2.49,0.0341
West Midlands,2025,3,Wolverhampton,Shoplifting,831,3077114,66,28.62,3.43,0.2701
West Midlands,2025,3,Wolverhampton,Theft From The Person,62,3077114,36,17.71,2.53,0.0201
West Midlands,2025,3,Wolverhampton,Vehicle Crime,564,3077114,150,24.41,2.88,0.1833
West Midlands,2025,3,Wolverhampton,Violence And Sexual Offences,3122,3077114,160,19.62,2.44,1.0146
West Midlands,2025,4,Birmingham,Bicycle Theft,154,3077114,108,29.86,3.89,0.05
West Midlands,2025,4,Birmingham,Burglary,1855,3077114,559,25.64,3.21,0.6028
West Midlands,2025,4,Birmingham,Criminal Damage And Arson,2664,3077114,591,18.96,2.59,0.8657
West Midlands,2025,4,Birmingham,Drugs,1159,3077114,382,19.67,3.08,0.3767
West Midlands,2025,4,Birmingham,Other Crime,635,3077114,354,19.55,2.61,0.2064
West Midlands,2025,4,Birmingham,Other Theft,2139,3077114,536,22.74,3.23,0.6951
West Midlands,2025,4,Birmingham,Possession Of Weapons,819,3077114,370,17.25,2.49,0.2662
West Midlands,2025,4,Birmingham,Public Order,1997,3077114,505,20.5,2.96,0.649
West Midlands,2025,4,Birmingham,Robbery,931,3077114,346,20.73,2.97,0.3026
West Midlands,2025,4,Birmingham,Shoplifting,3162,3077114,233,28.11,4.06,1.0276
West Midlands,2025,4,Birmingham,Theft From The Person,402,3077114,195,21.0,3.35,0.1306
West Midlands,2025,4,Birmingham,Vehicle Crime,2826,3077114,608,23.88,3.01,0.9184
West Midlands,2025,4,Birmingham,Violence And Sexual Offences,14747,3077114,656,18.48,2.57,4.7925
West Midlands,2025,4,Bromsgrove,Burglary,1,3077114,1,77.11,7.0,0.0003
West Midlands,2025,4,Bromsgrove,Other Crime,1,3077114,1,71.4,8.0,0.0003
West Midlands,2025,4,Bromsgrove,Other Theft,1,3077114,1,77.11,7.0,0.0003
West Midlands,2025,4,Bromsgrove,Public Order,1,3077114,1,49.08,6.0,0.0003
West Midlands,2025,4,Bromsgrove,Robbery,1,3077114,1,71.4,8.0,0.0003
West Midlands,2025,4,Bromsgrove,Vehicle Crime,3,3077114,2,75.21,7.33,0.001
West Midlands,2025,4,Bromsgrove,Violence And Sexual Offences,1,3077114,1,71.4,8.0,0.0003
West Midlands,2025,4,Coventry,Bicycle Theft,150,3077114,43,46.19,6.39,0.0487
West Midlands,2025,4,Coventry,Burglary,472,3077114,162,36.44,4.39,0.1534
West Midlands,2025,4,Coventry,Criminal Damage And Arson,659,3077114,161,28.67,3.74,0.2142
West Midlands,2025,4,Coventry,Drugs,247,3077114,89,22.37,3.29,0.0803
West Midlands,2025,4,Coventry,Other Crime,175,3077114,107,29.85,3.82,0.0569
West Midlands,2025,4,Coventry,Other Theft,590,3077114,148,33.69,4.58,0.1917
West Midlands,2025,4,Coventry,Possession Of Weapons,151,3077114,81,26.47,3.93,0.0491
West Midlands,2025,4,Coventry,Public Order,433,3077114,140,27.23,4.11,0.1407
West Midlands,2025,4,Coventry,Robbery,159,3077114,66,25.35,4.28,0.0517
West Midlands,2025,4,Coventry,Shoplifting,937,3077114,73,33.01,4.85,0.3045
West Midlands,2025,4,Coventry,Theft From The Person,83,3077114,40,22.91,4.17,0.027
West Midlands,2025,4,Coventry,Vehicle Crime,642,3077114,182,35.92,4.25,0.2086
West Midlands,2025,4,Coventry,Violence And Sexual Offences,3342,3077114,202,27.65,3.83,1.0861
West Midlands,2025,4,Dudley,Bicycle Theft,10,3077114,9,23.48,2.5,0.0032
West Midlands,2025,4,Dudley,Burglary,398,3077114,156,44.21,4.59,0.1293
West Midlands,2025,4,Dudley,Criminal Damage And Arson,502,3077114,154,32.52,3.43,0.1631
West Midlands,2025,4,Dudley,Drugs,176,3077114,84,27.59,2.95,0.0572
West Midlands,2025,4,Dudley,Other Crime,148,3077114,86,29.82,3.18,0.0481
West Midlands,2025,4,Dudley,Other Theft,352,3077114,121,31.64,3.37,0.1144
West Midlands,2025,4,Dudley,Possession Of Weapons,125,3077114,69,28.04,3.05,0.0406
West Midlands,2025,4,Dudley,Public Order,349,3077114,127,29.9,3.21,0.1134
West Midlands,2025,4,Dudley,Robbery,79,3077114,48,29.97,3.35,0.0257
West Midlands,2025,4,Dudley,Shoplifting,627,3077114,72,31.84,3.47,0.2038
West Midlands,2025,4,Dudley,Theft From The Person,44,3077114,35,35.17,3.7,0.0143
West Midlands,2025,4,Dudley,Vehicle Crime,596,3077114,189,43.09,4.45,0.1937
West Midlands,2025,4,Dudley,Violence And Sexual Offences,2685,3077114,198,32.0,3.37,0.8726
West Midlands,2025,4,Lichfield,Criminal Damage And Arson,3,3077114,1,77.94,9.0,0.001
West Midlands,2025,4,Lichfield,Other Crime,1,3077114,1,59.62,9.0,0.0003
West Midlands,2025,4,Lichfield,Shoplifting,1,3077114,1,77.94,9.0,0.0003
West Midlands,2025,4,Lichfield,Violence And Sexual Offences,4,3077114,3,87.92,9.25,0.0013
West Midlands,2025,4,North Warwickshire,Burglary,1,3077114,1,40.71,7.0,0.0003
West Midlands,2025,4,North Warwickshire,Other Theft,2,3077114,2,56.83,8.0,0.0006
West Midlands,2025,4,North Warwickshire,Public Order,1,3077114,1,72.94,9.0,0.0003
West Midlands,2025,4,North Warwickshire,Violence And Sexual Offences,2,3077114,2,53.81,8.0,0.0006
West Midlands,2025,4,Nuneaton and Bedworth,Burglary,3,3077114,3,35.21,3.67,0.001
West Midlands,2025,4,Nuneaton and Bedworth,Criminal Damage And Arson,3,3077114,2,46.86,4.33,0.001
West Midlands,2025,4,Nuneaton and Bedworth,Drugs,1,3077114,1,26.02,3.0,0.0003
West Midlands,2025,4,Nuneaton and Bedworth,Other Theft,2,3077114,1,59.84,6.0,0.0006
West Midlands,2025,4,Nuneaton and Bedworth,Vehicle Crime,2,3077114,1,26.02,3.0,0.0006
West Midlands,2025,4,Nuneaton and Bedworth,Violence And Sexual Offences,2,3077114,2,51.32,5.0,0.0006
West Midlands,2025,4,Rugby,Other Theft,1,3077114,1,36.12,6.0,0.0003
West Midlands,2025,4,Rugby,Public Order,1,3077114,1,36.12,6.0,0.0003
West Midlands,2025,4,Rugby,Violence And Sexual Offences,1,3077114,1,36.12,6.0,0.0003
West Midlands,2025,4,Sandwell,Bicycle Theft,31,3077114,24,17.37,2.26,0.0101
West Midlands,2025,4,Sandwell,Burglary,355,3077114,141,23.25,2.66,0.1154
West Midlands,2025,4,Sandwell,Criminal Damage And Arson,698,3077114,180,20.72,2.5,0.2268
West Midlands,2025,4,Sandwell,Drugs,309,3077114,116,17.35,2.13,0.1004
West Midlands,2025,4,Sandwell,Other Crime,206,3077114,124,21.61,2.46,0.0669
West Midlands,2025,4,Sandwell,Other Theft,532,3077114,166,19.71,2.34,0.1729
West Midlands,2025,4,Sandwell,Possession Of Weapons,199,3077114,96,17.61,2.24,0.0647
West Midlands,2025,4,Sandwell,Public Order,512,3077114,152,19.59,2.34,0.1664
West Midlands,2025,4,Sandwell,Robbery,155,3077114,79,18.08,2.33,0.0504
West Midlands,2025,4,Sandwell,Shoplifting,868,3077114,65,19.74,2.59,0.2821
West Midlands,2025,4,Sandwell,Theft From The Person,47,3077114,29,16.02,2.28,0.0153
West Midlands,2025,4,Sandwell,Vehicle Crime,803,3077114,181,24.94,2.85,0.261
West Midlands,2025,4,Sandwell,Violence And Sexual Offences,3846,3077114,190,19.99,2.37,1.2499
West Midlands,2025,4,Solihull,Bicycle Theft,15,3077114,14,51.82,5.6,0.0049
West Midlands,2025,4,Solihull,Burglary,269,3077114,104,56.82,5.84,0.0874
West Midlands,2025,4,Solihull,Criminal Damage And Arson,462,3077114,103,40.3,4.39,0.1501
West Midlands,2025,4,Solihull,Drugs,108,3077114,52,39.73,4.38,0.0351
West Midlands,2025,4,Solihull,Other Crime,113,3077114,53,50.18,5.35,0.0367
West Midlands,2025,4,Solihull,Other Theft,279,3077114,80,50.78,5.43,0.0907
West Midlands,2025,4,Solihull,Possession Of Weapons,68,3077114,41,36.99,4.15,0.0221
West Midlands,2025,4,Solihull,Public Order,241,3077114,82,48.87,5.07,0.0783
West Midlands,2025,4,Solihull,Robbery,90,3077114,41,38.85,4.22,0.0292
West Midlands,2025,4,Solihull,Shoplifting,744,3077114,46,59.25,6.0,0.2418
West Midlands,2025,4,Solihull,Theft From The Person,22,3077114,14,41.17,4.59,0.0071
West Midlands,2025,4,Solihull,Vehicle Crime,533,3077114,117,48.45,5.17,0.1732
West Midlands,2025,4,Solihull,Violence And Sexual Offences,1661,3077114,134,45.34,4.78,0.5398
West Midlands,2025,4,South Staffordshire,Criminal Damage And Arson,3,3077114,2,54.66,6.33,0.001
West Midlands,2025,4,South Staffordshire,Other Theft,2,3077114,2,51.28,6.5,0.0006
West Midlands,2025,4,South Staffordshire,Vehicle Crime,5,3077114,3,54.02,7.2,0.0016
West Midlands,2025,4,South Staffordshire,Violence And Sexual Offences,6,3077114,5,75.99,8.0,0.0019
West Midlands,2025,4,Stratford-on-Avon,Other Crime,1,3077114,1,78.0,9.0,0.0003
West Midlands,2025,4,Stratford-on-Avon,Other Theft,1,3077114,1,78.0,9.0,0.0003
West Midlands,2025,4,Walsall,Bicycle Theft,22,3077114,19,18.31,2.41,0.0071
West Midlands,2025,4,Walsall,Burglary,361,3077114,119,27.79,3.2,0.1173
West Midlands,2025,4,Walsall,Criminal Damage And Arson,736,3077114,144,19.29,2.38,0.2392
West Midlands,2025,4,Walsall,Drugs,198,3077114,69,14.06,1.86,0.0643
West Midlands,2025,4,Walsall,Other Crime,174,3077114,99,23.3,2.72,0.0565
West Midlands,2025,4,Walsall,Other Theft,426,3077114,128,21.41,2.6,0.1384
West Midlands,2025,4,Walsall,Possession Of Weapons,136,3077114,63,17.06,2.15,0.0442
West Midlands,2025,4,Walsall,Public Order,409,3077114,124,19.86,2.47,0.1329
West Midlands,2025,4,Walsall,Robbery,128,3077114,68,22.34,2.67,0.0416
West Midlands,2025,4,Walsall,Shoplifting,740,3077114,65,19.98,2.56,0.2405
West Midlands,2025,4,Walsall,Theft From The Person,46,3077114,28,12.86,1.89,0.0149
West Midlands,2025,4,Walsall,Vehicle Crime,781,3077114,155,25.1,2.89,0.2538
West Midlands,2025,4,Walsall,Violence And Sexual Offences,2900,3077114,169,21.11,2.5,0.9424
West Midlands,2025,4,Warwick,Violence And Sexual Offences,1,3077114,1,77.34,10.0,0.0003
West Midlands,2025,4,Wolverhampton,Bicycle Theft,54,3077114,22,13.83,2.22,0.0175
West Midlands,2025,4,Wolverhampton,Burglary,180,3077114,84,23.64,2.81,0.0585
West Midlands,2025,4,Wolverhampton,Criminal Damage And Arson,556,3077114,138,20.38,2.55,0.1807
West Midlands,2025,4,Wolverhampton,Drugs,183,3077114,81,19.83,2.64,0.0595
West Midlands,2025,4,Wolverhampton,Other Crime,131,3077114,80,20.97,2.53,0.0426
West Midlands,2025,4,Wolverhampton,Other Theft,401,3077114,123,21.68,2.71,0.1303
West Midlands,2025,4,Wolverhampton,Possession Of Weapons,122,3077114,59,16.23,2.26,0.0396
West Midlands,2025,4,Wolverhampton,Public Order,308,3077114,108,18.51,2.42,0.1001
West Midlands,2025,4,Wolverhampton,Robbery,63,3077114,38,19.37,2.4,0.0205
West Midlands,2025,4,Wolverhampton,Shoplifting,916,3077114,64,28.73,3.43,0.2977
West Midlands,2025,4,Wolverhampton,Theft From The Person,54,3077114,31,16.64,2.41,0.0175
West Midlands,2025,4,Wolverhampton,Vehicle Crime,518,3077114,145,26.08,2.96,0.1683
West Midlands,2025,4,Wolverhampton,Violence And Sexual Offences,2747,3077114,161,20.38,2.53,0.8927
West Midlands,2026,1,Birmingham,Bicycle Theft,41,3118163,39,29.53,3.66,0.0131
West Midlands,2026,1,Birmingham,Burglary,559,3118163,321,23.83,3.11,0.1793
West Midlands,2026,1,Birmingham,Criminal Damage And Arson,839,3118163,409,18.75,2.56,0.2691
West Midlands,2026,1,Birmingham,Drugs,387,3118163,208,17.2,2.64,0.1241
West Midlands,2026,1,Birmingham,Other Crime,218,3118163,160,15.93,2.27,0.0699
West Midlands,2026,1,Birmingham,Other Theft,649,3118163,332,21.73,3.07,0.2081
West Midlands,2026,1,Birmingham,Possession Of Weapons,273,3118163,197,19.06,2.69,0.0876
West Midlands,2026,1,Birmingham,Public Order,613,3118163,307,18.91,2.69,0.1966
West Midlands,2026,1,Birmingham,Robbery,266,3118163,185,19.53,2.63,0.0853
West Midlands,2026,1,Birmingham,Shoplifting,955,3118163,152,27.17,3.93,0.3063
West Midlands,2026,1,Birmingham,Theft From The Person,99,3118163,67,21.79,3.44,0.0317
West Midlands,2026,1,Birmingham,Vehicle Crime,1043,3118163,465,22.48,2.89,0.3345
West Midlands,2026,1,Birmingham,Violence And Sexual Offences,4848,3118163,628,17.89,2.5,1.5548
West Midlands,2026,1,Bromsgrove,Criminal Damage And Arson,1,3118163,1,77.11,7.0,0.0003
West Midlands,2026,1,Bromsgrove,Vehicle Crime,4,3118163,1,77.11,7.0,0.0013
West Midlands,2026,1,Bromsgrove,Violence And Sexual Offences,4,3118163,3,79.5,8.75,0.0013
West Midlands,2026,1,Coventry,Bicycle Theft,24,3118163,20,29.71,4.67,0.0077
West Midlands,2026,1,Coventry,Burglary,168,3118163,89,35.09,4.6,0.0539
West Midlands,2026,1,Coventry,Criminal Damage And Arson,214,3118163,107,29.97,3.97,0.0686
West Midlands,2026,1,Coventry,Drugs,68,3118163,38,22.71,3.49,0.0218
West Midlands,2026,1,Coventry,Other Crime,55,3118163,46,29.89,3.87,0.0176
West Midlands,2026,1,Coventry,Other Theft,172,3118163,88,34.42,4.53,0.0552
West Midlands,2026,1,Coventry,Possession Of Weapons,63,3118163,42,26.89,3.83,0.0202
West Midlands,2026,1,Coventry,Public Order,132,3118163,72,25.36,3.98,0.0423
West Midlands,2026,1,Coventry,Robbery,59,3118163,34,26.66,4.25,0.0189
West Midlands,2026,1,Coventry,Shoplifting,247,3118163,48,32.34,5.01,0.0792
West Midlands,2026,1,Coventry,Theft From The Person,27,3118163,22,29.22,4.3,0.0087
West Midlands,2026,1,Coventry,Vehicle Crime,164,3118163,101,30.53,3.61,0.0526
West Midlands,2026,1,Coventry,Violence And Sexual Offences,1053,3118163,187,27.81,3.74,0.3377
West Midlands,2026,1,Dudley,Bicycle Theft,2,3118163,2,44.21,4.0,0.0006
West Midlands,2026,1,Dudley,Burglary,129,3118163,77,37.31,3.88,0.0414
West Midlands,2026,1,Dudley,Criminal Damage And Arson,156,3118163,92,33.35,3.53,0.05
West Midlands,2026,1,Dudley,Drugs,46,3118163,33,29.26,3.09,0.0148
West Midlands,2026,1,Dudley,Other Crime,53,3118163,43,27.99,3.06,0.017
West Midlands,2026,1,Dudley,Other Theft,115,3118163,75,31.19,3.38,0.0369
West Midlands,2026,1,Dudley,Possession Of Weapons,31,3118163,25,24.01,2.74,0.0099
West Midlands,2026,1,Dudley,Public Order,103,3118163,63,26.92,2.9,0.033
West Midlands,2026,1,Dudley,Robbery,16,3118163,15,22.1,2.5,0.0051
West Midlands,2026,1,Dudley,Shoplifting,225,3118163,48,34.44,3.74,0.0722
West Midlands,2026,1,Dudley,Theft From The Person,10,3118163,7,28.19,3.0,0.0032
West Midlands,2026,1,Dudley,Vehicle Crime,173,3118163,108,41.05,4.23,0.0555
West Midlands,2026,1,Dudley,Violence And Sexual Offences,885,3118163,176,31.71,3.36,0.2838
West Midlands,2026,1,Lichfield,Burglary,2,3118163,2,74.48,8.0,0.0006
West Midlands,2026,1,Lichfield,Vehicle Crime,1,3118163,1,77.94,9.0,0.0003
West Midlands,2026,1,Lichfield,Violence And Sexual Offences,1,3118163,1,76.34,8.0,0.0003
West Midlands,2026,1,North Warwickshire,Other Crime,1,3118163,1,40.71,7.0,0.0003
West Midlands,2026,1,North Warwickshire,Vehicle Crime,1,3118163,1,40.71,7.0,0.0003
West Midlands,2026,1,North Warwickshire,Violence And Sexual Offences,1,3118163,1,66.91,9.0,0.0003
West Midlands,2026,1,Nuneaton and Bedworth,Criminal Damage And Arson,1,3118163,1,59.84,6.0,0.0003
West Midlands,2026,1,Nuneaton and Bedworth,Other Theft,1,3118163,1,45.36,5.0,0.0003
West Midlands,2026,1,Nuneaton and Bedworth,Vehicle Crime,2,3118163,2,41.09,4.5,0.0006
West Midlands,2026,1,Nuneaton and Bedworth,Violence And Sexual Offences,2,3118163,2,41.09,4.5,0.0006
West Midlands,2026,1,Sandwell,Bicycle Theft,9,3118163,8,15.23,1.78,0.0029
West Midlands,2026,1,Sandwell,Burglary,120,3118163,82,23.24,2.77,0.0385
West Midlands,2026,1,Sandwell,Criminal Damage And Arson,207,3118163,108,20.25,2.4,0.0664
West Midlands,2026,1,Sandwell,Drugs,105,3118163,55,16.44,2.0,0.0337
West Midlands,2026,1,Sandwell,Other Crime,48,3118163,41,22.81,2.62,0.0154
West Midlands,2026,1,Sandwell,Other Theft,168,3118163,98,21.16,2.53,0.0539
West Midlands,2026,1,Sandwell,Possession Of Weapons,44,3118163,30,17.0,2.07,0.0141
West Midlands,2026,1,Sandwell,Public Order,134,3118163,71,18.13,2.19,0.043
West Midlands,2026,1,Sandwell,Robbery,41,3118163,27,15.54,2.15,0.0131
West Midlands,2026,1,Sandwell,Shoplifting,248,3118163,40,21.39,2.74,0.0795
West Midlands,2026,1,Sandwell,Theft From The Person,20,3118163,18,16.6,2.05,0.0064
West Midlands,2026,1,Sandwell,Vehicle Crime,280,3118163,143,22.93,2.57,0.0898
West Midlands,2026,1,Sandwell,Violence And Sexual Offences,1253,3118163,182,19.4,2.33,0.4018
West Midlands,2026,1,Solihull,Bicycle Theft,4,3118163,4,57.66,5.5,0.0013
West Midlands,2026,1,Solihull,Burglary,64,3118163,36,61.72,6.27,0.0205
West Midlands,2026,1,Solihull,Criminal Damage And Arson,133,3118163,58,39.67,4.38,0.0427
West Midlands,2026,1,Solihull,Drugs,31,3118163,21,33.31,3.87,0.0099
West Midlands,2026,1,Solihull,Other Crime,25,3118163,21,43.85,4.6,0.008
West Midlands,2026,1,Solihull,Other Theft,87,3118163,48,49.9,5.38,0.0279
West Midlands,2026,1,Solihull,Possession Of Weapons,18,3118163,15,55.68,5.89,0.0058
West Midlands,2026,1,Solihull,Public Order,76,3118163,47,55.91,5.72,0.0244
West Midlands,2026,1,Solihull,Robbery,26,3118163,18,45.16,4.81,0.0083
West Midlands,2026,1,Solihull,Shoplifting,241,3118163,30,58.68,5.83,0.0773
West Midlands,2026,1,Solihull,Theft From The Person,6,3118163,5,71.78,7.17,0.0019
West Midlands,2026,1,Solihull,Vehicle Crime,147,3118163,74,49.73,5.38,0.0471
West Midlands,2026,1,Solihull,Violence And Sexual Offences,507,3118163,111,48.72,5.09,0.1626
West Midlands,2026,1,South Staffordshire,Other Theft,1,3118163,1,41.14,7.0,0.0003
West Midlands,2026,1,South Staffordshire,Vehicle Crime,1,3118163,1,41.14,7.0,0.0003
West Midlands,2026,1,Walsall,Bicycle Theft,4,3118163,4,6.48,1.25,0.0013
West Midlands,2026,1,Walsall,Burglary,105,3118163,67,28.28,3.16,0.0337
West Midlands,2026,1,Walsall,Criminal Damage And Arson,212,3118163,99,20.21,2.47,0.068
West Midlands,2026,1,Walsall,Drugs,76,3118163,39,12.38,1.82,0.0244
West Midlands,2026,1,Walsall,Other Crime,52,3118163,45,21.24,2.6,0.0167
West Midlands,2026,1,Walsall,Other Theft,147,3118163,75,19.1,2.37,0.0471
West Midlands,2026,1,Walsall,Possession Of Weapons,41,3118163,32,19.17,2.29,0.0131
West Midlands,2026,1,Walsall,Public Order,135,3118163,71,16.99,2.15,0.0433
West Midlands,2026,1,Walsall,Robbery,32,3118163,21,15.2,2.19,0.0103
West Midlands,2026,1,Walsall,Shoplifting,239,3118163,38,15.83,2.18,0.0766
West Midlands,2026,1,Walsall,Theft From The Person,14,3118163,13,19.21,2.43,0.0045
West Midlands,2026,1,Walsall,Vehicle Crime,230,3118163,110,22.42,2.65,0.0738
West Midlands,2026,1,Walsall,Violence And Sexual Offences,1006,3118163,157,20.32,2.43,0.3226
West Midlands,2026,1,Wolverhampton,Bicycle Theft,9,3118163,8,11.91,1.67,0.0029
West Midlands,2026,1,Wolverhampton,Burglary,67,3118163,42,25.11,2.91,0.0215
West Midlands,2026,1,Wolverhampton,Criminal Damage And Arson,170,3118163,90,21.62,2.58,0.0545
West Midlands,2026,1,Wolverhampton,Drugs,49,3118163,29,19.06,2.59,0.0157
West Midlands,2026,1,Wolverhampton,Other Crime,52,3118163,40,16.0,1.98,0.0167
West Midlands,2026,1,Wolverhampton,Other Theft,135,3118163,83,23.05,2.74,0.0433
West Midlands,2026,1,Wolverhampton,Possession Of Weapons,25,3118163,19,13.62,1.8,0.008
West Midlands,2026,1,Wolverhampton,Public Order,99,3118163,49,18.07,2.47,0.0317
West Midlands,2026,1,Wolverhampton,Robbery,25,3118163,22,22.24,2.76,0.008
West Midlands,2026,1,Wolverhampton,Shoplifting,246,3118163,53,27.11,3.29,0.0789
West Midlands,2026,1,Wolverhampton,Theft From The Person,10,3118163,10,24.15,2.9,0.0032
West Midlands,2026,1,Wolverhampton,Vehicle Crime,197,3118163,93,21.84,2.56,0.0632
West Midlands,2026,1,Wolverhampton,Violence And Sexual Offences,958,3118163,153,22.64,2.68,0.3072
